state_index,job,seed,step,player,candidates,mean_error,mse,offset_mse,centered_mse,identity_residual,top1,regret
0,absolute-314380,100000,0,0,335,-0.28792873341514197,0.19860316009347315,0.08290295552604789,0.11570020456742526,0.0,0,0.20967741935483872
0,centered-314380,100000,0,0,335,-0.43778660428050503,0.30167599045963284,0.19165711088745552,0.11001887957217737,-5.551115123125783e-17,0,0.010483870967741856
0,absolute-314381,100000,0,0,335,-0.30228476582606345,0.16690799828703884,0.09137607965051801,0.0755319186365208,2.7755575615628914e-17,0,0.010483870967741856
0,centered-314381,100000,0,0,335,-0.45605295235267285,0.3068771705445955,0.2079842953495893,0.09889287519500625,-2.7755575615628914e-17,1,0.0
0,absolute-314382,100000,0,0,335,-0.46651992054854713,0.3243492780842088,0.21764083626862274,0.1067084418155861,-1.3877787807814457e-17,0,0.2004032258064516
0,centered-314382,100000,0,0,335,-0.5489963366953469,0.38509941174280005,0.30139697770491064,0.08370243403788948,-6.938893903907228e-17,0,0.2004032258064516
1,absolute-314380,100000,1,1,89,-0.28226845160710806,0.2484489875829227,0.07967547877267431,0.16877350881024836,2.7755575615628914e-17,0,0.0005460005460005344
1,centered-314380,100000,1,1,89,-0.3042176008132606,0.26191803208775816,0.09254834864457638,0.16936968344318182,-5.551115123125783e-17,0,0.4641004641004642
1,absolute-314381,100000,1,1,89,-0.27537488145744016,0.22501874552590662,0.07583132533769922,0.1491874201882074,0.0,0,0.0002730002730002187
1,centered-314381,100000,1,1,89,-0.3765159191175574,0.2836950377385199,0.141764237348939,0.1419308003895809,0.0,0,0.0002730002730002187
1,absolute-314382,100000,1,1,89,-0.2757702852680756,0.24826596146115265,0.0760492502368358,0.17221671122431684,2.7755575615628914e-17,0,0.0002730002730002187
1,centered-314382,100000,1,1,89,-0.27938761814092655,0.22558736237595847,0.07805744117046019,0.14752992120549827,2.7755575615628914e-17,1,0.0
2,absolute-314380,100000,2,2,2,-0.02225472591817379,0.5741196505206393,0.0004952728256930362,0.5736243776949462,0.0,1,0.0
2,centered-314380,100000,2,2,2,-0.017456451896578074,0.6273434989733733,0.0003047277128175442,0.6270387712605557,0.0,1,0.0
2,absolute-314381,100000,2,2,2,0.05515318363904953,0.5525512002721956,0.0030418736655227208,0.549509326606673,-1.1102230246251565e-16,1,0.0
2,centered-314381,100000,2,2,2,-0.05147327436134219,0.5736442841532671,0.002649497973478007,0.570994786179789,0.0,1,0.0
2,absolute-314382,100000,2,2,2,0.019355133001226932,0.6114352001739467,0.0003746211734951839,0.6110605790004515,0.0,1,0.0
2,centered-314382,100000,2,2,2,-0.0843387246131897,0.586726332809273,0.00711302046937945,0.5796133123398935,0.0,1,0.0
3,absolute-314380,100000,3,3,3,-0.12794063795373947,0.4668740592954088,0.016368806840009843,0.45050525245539896,0.0,0,0.2508676251859197
3,centered-314380,100000,3,3,3,-0.09693346696611356,0.46614799775540156,0.00939609701807063,0.4567519007373309,0.0,0,0.2508676251859197
3,absolute-314381,100000,3,3,3,-0.12661751014506928,0.4058451334305109,0.01603199387533672,0.3898131395551742,-5.551115123125783e-17,1,0.0
3,centered-314381,100000,3,3,3,-0.10622145255112263,0.4513173655119653,0.011282996982070395,0.44003436852989486,0.0,0,0.2508676251859197
3,absolute-314382,100000,3,3,3,-0.16879934224005652,0.48649053205442977,0.02849321794067573,0.4579973141137541,-5.551115123125783e-17,0,0.2508676251859197
3,centered-314382,100000,3,3,3,-0.07525274433211597,0.4609562445056527,0.005662975529514812,0.4552932689761379,-5.551115123125783e-17,0,0.2508676251859197
4,absolute-314380,100000,7,3,116,-0.3213151287444801,0.4769872882999083,0.10324341196008181,0.37374387633982653,-5.551115123125783e-17,0,0.010616784630940207
4,centered-314380,100000,7,3,116,-0.4514302744078295,0.5578736751585944,0.20378929265192824,0.35408438250666624,-5.551115123125783e-17,0,0.013650151668351849
4,absolute-314381,100000,7,3,116,-0.35040487708854706,0.40554479081204414,0.12278357788743978,0.2827612129246043,5.551115123125783e-17,0,0.010616784630940207
4,centered-314381,100000,7,3,116,-0.3849666557506351,0.4944686671252857,0.148199326039828,0.3462693410854577,0.0,1,0.0
4,absolute-314382,100000,7,3,116,-0.442453821777174,0.5392829236874298,0.19576538440522726,0.3435175392822026,-5.551115123125783e-17,0,0.013650151668351849
4,centered-314382,100000,7,3,116,-0.3378048081141421,0.42811597097643106,0.11411208838503237,0.31400388259139866,0.0,0,0.013650151668351849
5,absolute-314380,100000,9,1,8,-0.2809322847151141,0.28289682397140875,0.07892294859525394,0.20397387537615483,-2.7755575615628914e-17,1,0.0
5,centered-314380,100000,9,1,8,-0.2405094602708648,0.26846158493252775,0.0578448004797827,0.210616784452745,5.551115123125783e-17,0,0.27366255144032925
5,absolute-314381,100000,9,1,8,-0.3444052079557385,0.305251284189605,0.11861494726703546,0.18663633692256956,-2.7755575615628914e-17,1,0.0
5,centered-314381,100000,9,1,8,-0.3792856415365766,0.348465201981884,0.1438575978758125,0.20460760410607154,-2.7755575615628914e-17,1,0.0
5,absolute-314382,100000,9,1,8,-0.25578277424023854,0.2714026607815915,0.06542482759803284,0.20597783318355864,0.0,0,0.016460905349794254
5,centered-314382,100000,9,1,8,-0.22351298626558289,0.264486228595175,0.04995805502935864,0.21452817356581638,0.0,1,0.0
6,absolute-314380,100000,13,1,32,0.2305981307302599,0.4217482075725779,0.05317549789629003,0.3685727096762879,-5.551115123125783e-17,1,0.0
6,centered-314380,100000,13,1,32,0.21896198945735787,0.41843008444008156,0.0479443528271241,0.37048573161295745,0.0,1,0.0
6,absolute-314381,100000,13,1,32,0.18979302674536566,0.27542508057153237,0.036021393001167086,0.23940368757036526,2.7755575615628914e-17,1,0.0
6,centered-314381,100000,13,1,32,0.09297917316992507,0.36840810874586544,0.008645126643362915,0.3597629821025025,0.0,1,0.0
6,absolute-314382,100000,13,1,32,0.23177004505244522,0.3957302131783934,0.05371735378361249,0.34201285939478093,0.0,1,0.0
6,centered-314382,100000,13,1,32,0.24685665627233075,0.39858813488294115,0.06093820874595565,0.3376499261369855,0.0,1,0.0
7,absolute-314380,100000,15,3,22,-0.5446370051976089,0.4281909228570994,0.2966294674306203,0.13156145542647918,-5.551115123125783e-17,1,0.0
7,centered-314380,100000,15,3,22,-0.6316623683651875,0.5398893960887492,0.39899734760871786,0.14089204848003145,-1.1102230246251565e-16,0,1.0
7,absolute-314381,100000,15,3,22,-0.3334535896411131,0.21072284737514824,0.11119129644454386,0.09953155093060437,1.3877787807814457e-17,1,0.0
7,centered-314381,100000,15,3,22,-0.5687921293728866,0.44455333507395856,0.3235244864365426,0.12102884863741603,-5.551115123125783e-17,1,0.0
7,absolute-314382,100000,15,3,22,-0.6246975861122798,0.5210692612825294,0.3902470740945092,0.13082218718802022,-2.7755575615628914e-17,1,0.0
7,centered-314382,100000,15,3,22,-0.5053167438952895,0.3845634324618001,0.25534501166093754,0.1292184208008625,5.551115123125783e-17,1,0.0
8,absolute-314380,100000,19,3,15,0.36694947411095125,0.5460712817473209,0.13465191655030367,0.41141936519701716,5.551115123125783e-17,1,0.0
8,centered-314380,100000,19,3,15,0.3358214045873069,0.5483341122968312,0.11277601577899168,0.43555809651783944,5.551115123125783e-17,0,0.003921568627450897
8,absolute-314381,100000,19,3,15,0.6099798392813189,0.7042796811194846,0.3720754043296637,0.33220427678982095,-5.551115123125783e-17,1,0.0
8,centered-314381,100000,19,3,15,0.4179180852135801,0.6133907975358721,0.1746555259485852,0.43873527158728687,5.551115123125783e-17,1,0.0
8,absolute-314382,100000,19,3,15,0.4378458721251074,0.5905733120537875,0.1917090077369959,0.39886430431679154,5.551115123125783e-17,0,0.019607843137254832
8,centered-314382,100000,19,3,15,0.4824135091464503,0.6460090388235447,0.2327227938069923,0.4132862450165523,5.551115123125783e-17,0,0.019607843137254832
9,absolute-314380,100000,20,0,10,-0.7475525277716064,0.7615695778502997,0.5588347817777184,0.2027347960725813,-2.7755575615628914e-17,1,0.0
9,centered-314380,100000,20,0,10,-0.6576035773430908,0.6401939262992491,0.43244246493443045,0.20775146136481865,0.0,0,0.002434570906877611
9,absolute-314381,100000,20,0,10,-0.8179723898929501,0.8353973882859368,0.6690788306271843,0.16631855765875253,-5.551115123125783e-17,0,0.00486914181375533
9,centered-314381,100000,20,0,10,-0.8233431260150814,0.8622824464971348,0.6778939031562863,0.1843885433408487,-1.6653345369377348e-16,1,0.0
9,absolute-314382,100000,20,0,10,-0.7931535269183063,0.8190226669582499,0.6290925172629485,0.18993014969530136,5.551115123125783e-17,0,0.0006086427267194027
9,centered-314382,100000,20,0,10,-0.8959589208525562,0.9863518725644074,0.8027423878552772,0.18360948470913033,-1.3877787807814457e-16,0,0.0036518563603165246
10,absolute-314380,100000,21,1,2,0.0891895703971386,0.5505644086796038,0.007954779467626141,0.5426096292119776,0.0,1,0.0
10,centered-314380,100000,21,1,2,0.03321735793724656,0.6033182436947085,0.0011033928683311571,0.6022148508263774,0.0,1,0.0
10,absolute-314381,100000,21,1,2,0.2419573850929737,0.46612003825045756,0.058543376201029576,0.407576662049428,0.0,1,0.0
10,centered-314381,100000,21,1,2,0.03792154195252806,0.5790185910190433,0.0014380433440573457,0.577580547674986,-1.1102230246251565e-16,1,0.0
10,absolute-314382,100000,21,1,2,0.15121354535222054,0.5940155238879185,0.022865536297988057,0.5711499875899304,0.0,1,0.0
10,centered-314382,100000,21,1,2,0.21555903553962708,0.625267497314786,0.04646569780277421,0.5788017995120118,0.0,1,0.0
11,absolute-314380,100000,22,2,7,-0.7189028114446089,0.7971759078801399,0.5168212523029628,0.2803546555771771,0.0,1,0.0
11,centered-314380,100000,22,2,7,-0.5377085318356268,0.5792165094494314,0.2891304652088253,0.29008604424060597,1.1102230246251565e-16,0,0.0012012012012011758
11,absolute-314381,100000,22,2,7,-0.6804234321993957,0.6976406746701961,0.46297604708600565,0.23466462758419052,-8.326672684688674e-17,0,0.0012012012012011758
11,centered-314381,100000,22,2,7,-0.8279446683125353,0.9467128500753432,0.6854923737871541,0.2612204762881892,-5.551115123125783e-17,0,0.0012012012012011758
11,absolute-314382,100000,22,2,7,-0.6718855468655852,0.7186919145617102,0.4514301880868665,0.26726172647484364,5.551115123125783e-17,1,0.0
11,centered-314382,100000,22,2,7,-0.6947263234793656,0.7425059684463521,0.4826446645351561,0.25986130391119583,1.6653345369377348e-16,0,0.0024024024024024582
12,absolute-314380,100000,23,3,3,-0.12928739080661633,0.4873269563447408,0.016715229421582743,0.47061172692315806,0.0,0,0.0013012361743656197
12,centered-314380,100000,23,3,3,-0.21205430492593944,0.5956734885531514,0.0449670282376233,0.550706460315528,1.1102230246251565e-16,1,0.0
12,absolute-314381,100000,23,3,3,-0.09592071190311609,0.3289055169010317,0.009200782972000596,0.31970473392903115,-5.551115123125783e-17,0,0.0013012361743656197
12,centered-314381,100000,23,3,3,-0.13432911425664126,0.4907266852948196,0.018044310936973784,0.4726823743578459,-5.551115123125783e-17,0,0.0013012361743656197
12,absolute-314382,100000,23,3,3,-0.14335318669511973,0.5069454752235604,0.020550136135645852,0.4863953390879145,5.551115123125783e-17,1,0.0
12,centered-314382,100000,23,3,3,-0.13764835660491484,0.5399838567924267,0.018947070076033804,0.521036786716393,-1.1102230246251565e-16,0,0.0013012361743656197
13,absolute-314380,100000,24,0,2,-0.03873234149068594,0.5657352013285246,0.0015001942773511115,0.5642350070511736,-1.1102230246251565e-16,1,0.0
13,centered-314380,100000,24,0,2,-0.013630847679451108,0.6155516537244154,0.00018580000846039766,0.6153658537159551,0.0,1,0.0
13,absolute-314381,100000,24,0,2,-0.06615834683179855,0.4492204748794333,0.00437692685551655,0.44484354802391674,0.0,1,0.0
13,centered-314381,100000,24,0,2,-0.1844107247889042,0.5510524068117739,0.03400731541716896,0.517045091394605,0.0,1,0.0
13,absolute-314382,100000,24,0,2,-0.1247939020395279,0.568260473980808,0.015573517986251284,0.5526869559945568,0.0,1,0.0
13,centered-314382,100000,24,0,2,-0.14817985147237778,0.6003456824740412,0.02195726838237594,0.5783884140916653,0.0,1,0.0
14,absolute-314380,100000,28,0,29,0.39739354431202034,0.3677086191454874,0.15792162906086968,0.20978699008461776,-2.7755575615628914e-17,1,0.0
14,centered-314380,100000,28,0,29,0.30564077829065356,0.3303384514647214,0.09341628535411645,0.23692216611060501,-5.551115123125783e-17,1,0.0
14,absolute-314381,100000,28,0,29,0.2220750117850134,0.18578341302717133,0.049317310859313845,0.13646610216785748,0.0,1,0.0
14,centered-314381,100000,28,0,29,0.063795539914887,0.18486270266072247,0.00406987091303194,0.18079283174769054,0.0,1,0.0
14,absolute-314382,100000,28,0,29,0.17731962745903226,0.24010371418796564,0.03144225028220999,0.20866146390575563,2.7755575615628914e-17,1,0.0
14,centered-314382,100000,28,0,29,0.30553291796953874,0.32426383174312434,0.0933503639629809,0.23091346778014346,-2.7755575615628914e-17,1,0.0
15,absolute-314380,100000,30,2,11,-0.5498615178872238,0.47663071772805776,0.30234768885324176,0.17428302887481595,5.551115123125783e-17,1,0.0
15,centered-314380,100000,30,2,11,-0.5305274918675423,0.48055260801581823,0.2814594196272652,0.199093188388553,5.551115123125783e-17,1,0.0
15,absolute-314381,100000,30,2,11,-0.24661614380099559,0.14519232246592784,0.06081952238327333,0.0843728000826545,0.0,1,0.0
15,centered-314381,100000,30,2,11,-0.6841201722791249,0.6484406520213158,0.4680204101192196,0.18042024190209624,2.7755575615628914e-17,1,0.0
15,absolute-314382,100000,30,2,11,-0.5515696526208723,0.48791082201695085,0.3042290816923098,0.18368174032464113,-5.551115123125783e-17,1,0.0
15,centered-314382,100000,30,2,11,-0.6563068704340945,0.6187051281628554,0.43073870817899534,0.18796641998386,5.551115123125783e-17,1,0.0
16,absolute-314380,100000,34,2,39,0.1351507530460431,0.40998378715344197,0.018265726048912526,0.39171806110452945,0.0,1,0.0
16,centered-314380,100000,34,2,39,0.16971171195910487,0.4202740265987296,0.02880206517609018,0.3914719614226394,0.0,1,0.0
16,absolute-314381,100000,34,2,39,0.258887446462407,0.22281904570376468,0.06702270993582567,0.155796335767939,0.0,0,0.0015105740181267666
16,centered-314381,100000,34,2,39,0.01641663512632066,0.3440581338600179,0.0002695059088707454,0.3437886279511472,-5.551115123125783e-17,0,0.0015105740181267666
16,absolute-314382,100000,34,2,39,0.17785415502395585,0.3789144356802577,0.03163210045928532,0.3472823352209724,-5.551115123125783e-17,1,0.0
16,centered-314382,100000,34,2,39,0.10558771748082958,0.36175071185040997,0.011148766082811484,0.3506019457675985,0.0,1,0.0
17,absolute-314380,100000,38,2,19,0.5306936242558976,0.48705051240312314,0.28163572282585986,0.20541478957726328,0.0,1,0.0
17,centered-314380,100000,38,2,19,0.5285337217500882,0.4785337728837622,0.27934789502699964,0.19918587785676253,2.7755575615628914e-17,1,0.0
17,absolute-314381,100000,38,2,19,0.6052015359225005,0.4580856698659453,0.3662688990829536,0.09181677078299173,-6.938893903907228e-17,1,0.0
17,centered-314381,100000,38,2,19,0.4197341083750676,0.3727633253040594,0.17617672173341298,0.1965866035706465,-5.551115123125783e-17,1,0.0
17,absolute-314382,100000,38,2,19,0.5682972049658733,0.5111013627622082,0.3229617131720238,0.18813964959018428,8.326672684688674e-17,1,0.0
17,centered-314382,100000,38,2,19,0.46498835853014314,0.418261596189607,0.21621417356855693,0.20204742262105005,2.7755575615628914e-17,1,0.0
18,absolute-314380,100000,42,2,7,0.6708370688642774,0.7227065242942209,0.45002237296241526,0.27268415133180557,5.551115123125783e-17,1,0.0
18,centered-314380,100000,42,2,7,0.6450893598880086,0.6824909280728296,0.41614028224072075,0.2663506458321088,5.551115123125783e-17,1,0.0
18,absolute-314381,100000,42,2,7,0.5840662240854331,0.5094773561874221,0.3411333541174153,0.16834400207000672,5.551115123125783e-17,1,0.0
18,centered-314381,100000,42,2,7,0.5306846092992595,0.5523634881293918,0.28162615454710777,0.2707373335822842,-1.1102230246251565e-16,1,0.0
18,absolute-314382,100000,42,2,7,0.7781910009554454,0.8659801345326893,0.605581233968038,0.2603989005646512,1.1102230246251565e-16,1,0.0
18,centered-314382,100000,42,2,7,0.5994731168534074,0.6374257666883079,0.3593680178299391,0.27805774885836865,1.1102230246251565e-16,1,0.0
19,absolute-314380,100000,43,3,2,-0.16591929830610752,0.4914045737295182,0.027529213550391094,0.4638753601791271,-5.551115123125783e-17,1,0.0
19,centered-314380,100000,43,3,2,-0.10096229426562786,0.5880925462395935,0.010193384863379232,0.5778991613762143,-1.1102230246251565e-16,1,0.0
19,absolute-314381,100000,43,3,2,-0.09125088527798653,0.3792618894636887,0.008326724064016258,0.3709351653996725,0.0,1,0.0
19,centered-314381,100000,43,3,2,-0.07238929439336061,0.5663075722744777,0.0052402099427686305,0.5610673623317091,0.0,1,0.0
19,absolute-314382,100000,43,3,2,-0.10465725744143128,0.5063315956242326,0.010953141535162024,0.4953784540890706,-5.551115123125783e-17,1,0.0
19,centered-314382,100000,43,3,2,-0.04826178727671504,0.5894325905059874,0.0023292001111428935,0.5871033903948446,-1.1102230246251565e-16,1,0.0
20,absolute-314380,100000,47,3,7,0.4613027711697986,0.4676643341871155,0.2128002466889356,0.2548640874981799,0.0,1,0.0
20,centered-314380,100000,47,3,7,0.4981541626321417,0.49795052834764897,0.24815756974773026,0.24979295859991865,5.551115123125783e-17,1,0.0
20,absolute-314381,100000,47,3,7,0.5835529902450739,0.5417101076811529,0.3405340924239673,0.20117601525718548,1.1102230246251565e-16,1,0.0
20,centered-314381,100000,47,3,7,0.5562259631064853,0.5832772297759876,0.30938732203373714,0.2738899077422506,-1.1102230246251565e-16,1,0.0
20,absolute-314382,100000,47,3,7,0.3753406225204467,0.39111144668502795,0.14088058291403646,0.2502308637709915,-5.551115123125783e-17,1,0.0
20,centered-314382,100000,47,3,7,0.5862627423933573,0.635534308477767,0.34370400311858,0.291830305359187,0.0,0,0.9559999999999998
21,absolute-314380,100000,48,0,3,-0.11485289912630581,0.444903749841034,0.013191188437717377,0.43171256140331665,-5.551115123125783e-17,1,0.0
21,centered-314380,100000,48,0,3,-0.27137034454653125,0.5654564105434599,0.07364186389930308,0.49181454664415675,5.551115123125783e-17,1,0.0
21,absolute-314381,100000,48,0,3,-0.18599425697038038,0.24710651517734275,0.034593863625963894,0.21251265155137888,-2.7755575615628914e-17,1,0.0
21,centered-314381,100000,48,0,3,-0.33764121253003143,0.5878211570059313,0.11400158839874985,0.4738195686071814,5.551115123125783e-17,1,0.0
21,absolute-314382,100000,48,0,3,-0.2163766865304059,0.4924020336610213,0.04681887047387754,0.4455831631871437,5.551115123125783e-17,0,0.003242542153048036
21,centered-314382,100000,48,0,3,-0.30208447488605444,0.6334622312961337,0.09125502996718325,0.5422072013289504,0.0,0,0.003242542153048036
22,absolute-314380,100000,52,0,12,0.7041719189153257,0.796142545174772,0.49585809138889203,0.30028445378588003,-5.551115123125783e-17,1,0.0
22,centered-314380,100000,52,0,12,0.5317186089627338,0.5712868892541054,0.2827246791172646,0.28856221013684075,5.551115123125783e-17,1,0.0
22,absolute-314381,100000,52,0,12,0.66757128632229,0.67118661383649,0.4456514223219969,0.2255351915144932,-5.551115123125783e-17,1,0.0
22,centered-314381,100000,52,0,12,0.3490666168903825,0.405254629704076,0.12184750302729706,0.283407126676779,-5.551115123125783e-17,1,0.0
22,absolute-314382,100000,52,0,12,0.5580557598351084,0.5854134477073628,0.3114262310851401,0.27398721662222264,5.551115123125783e-17,1,0.0
22,centered-314382,100000,52,0,12,0.5150880454367075,0.5871699866800799,0.26531569455180765,0.32185429212827227,0.0,0,0.01574803149606301
23,absolute-314380,100000,56,0,9,0.8248429708374871,0.9091234799528808,0.6803659265400117,0.22875755341286907,0.0,0,0.9380000000000001
23,centered-314380,100000,56,0,9,0.6344973921140036,0.6169409493581285,0.4025869405994716,0.21435400875865693,-2.7755575615628914e-17,1,0.0
23,absolute-314381,100000,56,0,9,0.6784356439471245,0.6132455135075897,0.46027492297794953,0.15297059052964018,0.0,1,0.0
23,centered-314381,100000,56,0,9,0.33557055685520176,0.31004573990010537,0.11260759862811019,0.19743814127199522,-5.551115123125783e-17,1,0.0
23,absolute-314382,100000,56,0,9,0.6541325061049726,0.6181393821908873,0.4278893355431721,0.19025004664771517,0.0,1,0.0
23,centered-314382,100000,56,0,9,0.562723324381705,0.5440935203264072,0.3166575398031976,0.22743598052320957,5.551115123125783e-17,1,0.0
24,absolute-314380,100000,60,0,6,0.48030221324700645,0.5510162010757621,0.23069021604997286,0.3203259850257892,5.551115123125783e-17,0,0.23076923076923286
24,centered-314380,100000,60,0,6,0.25614547591943077,0.36750983430307343,0.06561050483399168,0.30189932946908177,0.0,1,0.0
24,absolute-314381,100000,60,0,6,0.23543889620938432,0.33442161437059187,0.05543147384829324,0.27899014052229865,0.0,1,0.0
24,centered-314381,100000,60,0,6,-0.1737430854485578,0.3177215665372359,0.030186659741184854,0.28753490679605104,0.0,1,0.0
24,absolute-314382,100000,60,0,6,0.3226079902205719,0.41929553240746237,0.10407591535415661,0.31521961705330576,0.0,1,0.0
24,centered-314382,100000,60,0,6,0.1490290903235578,0.3522747410896517,0.022209669762667146,0.33006507132698454,0.0,0,0.6153846153846164
25,absolute-314380,100000,61,1,6,-0.7850482220027195,0.905953618050999,0.6163007108696312,0.28965290718136794,-1.1102230246251565e-16,0,0.0076701821668264695
25,centered-314380,100000,61,1,6,-0.5903083295447972,0.6488941909520928,0.34846392392996883,0.300430267022124,-5.551115123125783e-17,0,0.005752636625119809
25,absolute-314381,100000,61,1,6,-0.7847817134930041,0.8414466478973011,0.6158823378330155,0.22556431006428554,2.7755575615628914e-17,0,0.0076701821668264695
25,centered-314381,100000,61,1,6,-0.46350448841336833,0.5244171834677239,0.2148364107793383,0.30958077268838563,0.0,0,0.0076701821668264695
25,absolute-314382,100000,61,1,6,-0.7044822913481142,0.7855221914342757,0.4962952988230893,0.2892268926111864,0.0,0,0.0076701821668264695
25,centered-314382,100000,61,1,6,-0.5551607526414938,0.5961585816540733,0.30820346127346987,0.28795512038060356,-1.1102230246251565e-16,0,0.002876318312559862
26,absolute-314380,100000,62,2,4,-0.2541456585934181,0.40854335929104557,0.06459001578188223,0.34395334350916335,0.0,0,0.007063572149344125
26,centered-314380,100000,62,2,4,-0.334303334373774,0.4884858522813016,0.11175871937342335,0.37672713290787824,0.0,0,0.007063572149344125
26,absolute-314381,100000,62,2,4,-0.2663917225038428,0.29962658772744966,0.07096454981856438,0.22866203790888529,0.0,1,0.0
26,centered-314381,100000,62,2,4,-0.6582473907803912,0.7870283781494299,0.43328962746919303,0.3537387506802369,0.0,0,0.007063572149344125
26,absolute-314382,100000,62,2,4,-0.09274780938381144,0.3790900924800019,0.008602156145495822,0.3704879363345061,0.0,0,0.007063572149344125
26,centered-314382,100000,62,2,4,-0.3155153528971393,0.493095962612235,0.09954993791380634,0.3935460246984287,-5.551115123125783e-17,0,0.00807265388496469
27,absolute-314380,100000,63,3,3,-0.36538562672632907,0.5609926731437737,0.13350665621819227,0.4274860169255814,0.0,1,0.0
27,centered-314380,100000,63,3,3,-0.15770643139678212,0.44212763625468066,0.024871318503907943,0.4172563177507727,0.0,1,0.0
27,absolute-314381,100000,63,3,3,-0.33419872383075927,0.36177322382104493,0.1116887870101081,0.2500844368109369,-5.551115123125783e-17,1,0.0
27,centered-314381,100000,63,3,3,0.019263612133284685,0.3864486481039957,0.00037108675242163294,0.3860775613515741,-5.551115123125783e-17,1,0.0
27,absolute-314382,100000,63,3,3,-0.49430073360401366,0.637927430065072,0.2443332152414661,0.39359421482360596,-5.551115123125783e-17,1,0.0
27,centered-314382,100000,63,3,3,-0.2880420566578505,0.49491152508899866,0.08296822640368436,0.4119432986853144,-5.551115123125783e-17,1,0.0
28,absolute-314380,100000,64,0,5,-0.18856498168426977,0.2982987123707149,0.035556752317588994,0.2627419600531259,5.551115123125783e-17,0,0.004048582995951421
28,centered-314380,100000,64,0,5,-0.335405422911229,0.37508929705004107,0.11249679771826038,0.26259249933178075,-5.551115123125783e-17,0,0.004048582995951421
28,absolute-314381,100000,64,0,5,-0.3393001289816521,0.3088297679045342,0.11512457752696577,0.19370519037756845,0.0,1,0.0
28,centered-314381,100000,64,0,5,-0.6089748682232521,0.610983375065285,0.37085039012752724,0.24013298493775764,1.1102230246251565e-16,0,0.004048582995951421
28,absolute-314382,100000,64,0,5,-0.2117579655500077,0.35282212171484884,0.04484143597387825,0.3079806857409706,0.0,0,0.004048582995951421
28,centered-314382,100000,64,0,5,-0.4765425333531521,0.517912260139709,0.2270927860946401,0.2908194740450688,1.1102230246251565e-16,0,0.0020242914979756656
29,absolute-314380,100000,65,1,4,-0.554546320384679,0.6650458472633858,0.30752162145218703,0.3575242258111988,-5.551115123125783e-17,0,0.0019286403085824937
29,centered-314380,100000,65,1,4,-0.38826014524543057,0.5273241143138969,0.15074594038600284,0.3765781739278941,-5.551115123125783e-17,1,0.0
29,absolute-314381,100000,65,1,4,-0.6217894214599706,0.6424256474891226,0.38662208463952497,0.2558035628495976,0.0,0,0.0019286403085824937
29,centered-314381,100000,65,1,4,-0.34457535533451805,0.47129919455989655,0.11873217550390938,0.35256701905598725,-5.551115123125783e-17,0,0.0019286403085824937
29,absolute-314382,100000,65,1,4,-0.6046667085423447,0.7061631910972684,0.36562182841943286,0.34054136267783564,-5.551115123125783e-17,0,0.0019286403085824937
29,centered-314382,100000,65,1,4,-0.5058675804569699,0.5926523227197464,0.2559020089573889,0.33675031376235753,0.0,0,0.0019286403085824937
30,absolute-314380,100000,66,2,3,-0.0074402173158276685,0.4031053276202385,5.535683370674188e-05,0.40304997078653176,0.0,1,0.0
30,centered-314380,100000,66,2,3,-0.07059510099855548,0.41479440668539996,0.004983668284996249,0.4098107384004037,0.0,1,0.0
30,absolute-314381,100000,66,2,3,0.1936331535581004,0.3482365038565664,0.03749379815685489,0.31074270569971146,5.551115123125783e-17,0,0.0010162601626016044
30,centered-314381,100000,66,2,3,-0.30852571798332024,0.4422286926629147,0.09518811865712325,0.3470405740057915,-5.551115123125783e-17,1,0.0
30,absolute-314382,100000,66,2,3,0.0024403676592560006,0.43163168580031225,5.955394312342612e-06,0.43162573040599983,5.551115123125783e-17,1,0.0
30,centered-314382,100000,66,2,3,0.011747690062051156,0.4100266535164662,0.00013800822179401548,0.4098886452946722,0.0,0,0.0010162601626016044
31,absolute-314380,100000,68,0,2,0.501174584031105,0.7496377641363103,0.25117596367875117,0.49846180045755917,0.0,1,0.0
31,centered-314380,100000,68,0,2,0.3098082169890404,0.5745494156916963,0.09598113131392833,0.478568284377768,-5.551115123125783e-17,1,0.0
31,absolute-314381,100000,68,0,2,0.6042087078094482,0.79033011087055,0.3650681625927632,0.42526194827778685,0.0,1,0.0
31,centered-314381,100000,68,0,2,0.1825734805315733,0.4950954681527676,0.03333307579341277,0.4617623923593549,-5.551115123125783e-17,1,0.0
31,absolute-314382,100000,68,0,2,0.3543059974908829,0.647872575709912,0.1255327398580095,0.5223398358519025,0.0,1,0.0
31,centered-314382,100000,68,0,2,0.3968838304281235,0.6519383838220892,0.15751677485529947,0.49442160896678977,0.0,1,0.0
32,absolute-314380,100000,72,0,3,0.5709490367659787,0.7704650128238707,0.325982802583999,0.4444822102398717,0.0,1,0.0
32,centered-314380,100000,72,0,3,0.4571948735802233,0.6441505354538559,0.20902715242803638,0.4351233830258195,5.551115123125783e-17,1,0.0
32,absolute-314381,100000,72,0,3,0.4703027098267138,0.6481169307738283,0.22118463887035014,0.4269322919034781,5.551115123125783e-17,1,0.0
32,centered-314381,100000,72,0,3,0.36906636147587096,0.5854757238074112,0.13620997917303826,0.4492657446343729,5.551115123125783e-17,1,0.0
32,absolute-314382,100000,72,0,3,0.3860962777226031,0.6059953930135734,0.14907033567124944,0.45692505734232397,0.0,1,0.0
32,centered-314382,100000,72,0,3,0.5855269222347795,0.8068917596509176,0.34284177666173354,0.46404998298918415,-5.551115123125783e-17,1,0.0
33,absolute-314380,100000,73,1,4,-0.8562605408751047,1.1127574445936552,0.7331821138597269,0.3795753307339284,-5.551115123125783e-17,0,0.004807692307692376
33,centered-314380,100000,73,1,4,-0.574992096962837,0.6706421587256614,0.3306159115697206,0.34002624715594076,0.0,0,0.004807692307692376
33,absolute-314381,100000,73,1,4,-1.0013402653657473,1.3443777743707699,1.0026823270427452,0.3416954473280247,0.0,0,0.004807692307692376
33,centered-314381,100000,73,1,4,-0.5180390329132429,0.5619621039663903,0.268364439621688,0.2935976643447024,-5.551115123125783e-17,0,0.004807692307692376
33,absolute-314382,100000,73,1,4,-0.5939955999874151,0.6446993688295176,0.3528307728044093,0.29186859602510834,0.0,0,0.004807692307692376
33,centered-314382,100000,73,1,4,-0.8389273909651316,1.0227131902896243,0.7037991673115628,0.3189140229780615,0.0,1,0.0
34,absolute-314380,100000,74,2,2,0.32912760227918625,0.5529517531249817,0.1083249785820462,0.44462677454293553,-5.551115123125783e-17,1,0.0
34,centered-314380,100000,74,2,2,0.230588611215353,0.4748643859135603,0.053171107622225225,0.42169327829133507,0.0,1,0.0
34,absolute-314381,100000,74,2,2,0.4022771045565605,0.5008850124173914,0.16182686885040992,0.3390581435669815,-5.551115123125783e-17,1,0.0
34,centered-314381,100000,74,2,2,0.11666259728372097,0.4342442311918046,0.01361016160498366,0.420634069586821,-5.551115123125783e-17,1,0.0
34,absolute-314382,100000,74,2,2,0.17110954597592354,0.5159467094933646,0.02927847672408669,0.48666823276927795,0.0,1,0.0
34,centered-314382,100000,74,2,2,0.20232921233400702,0.38806625468081096,0.0409371101636997,0.34712914451711124,0.0,1,0.0
35,absolute-314380,100000,79,3,3,-0.8996563979402921,1.3078892506676223,0.8093816343549012,0.49850761631272117,-5.551115123125783e-17,1,0.0
35,centered-314380,100000,79,3,3,-0.6293005673503619,0.8321476006439288,0.39601920406748736,0.4361283965764415,-5.551115123125783e-17,1,0.0
35,absolute-314381,100000,79,3,3,-1.0712316064452867,1.6334134979762298,1.1475371546473496,0.48587634332887997,2.220446049250313e-16,0,0.005045408678102908
35,centered-314381,100000,79,3,3,-0.46034327928381574,0.556957841490668,0.21191593478177717,0.34504190670889084,-5.551115123125783e-17,1,0.0
35,absolute-314382,100000,79,3,3,-0.846232874037399,1.1721045545383786,0.7161100771015964,0.4559944774367823,-5.551115123125783e-17,0,0.005045408678102908
35,centered-314382,100000,79,3,3,-0.8886613476689399,1.2284073722025892,0.7897189908407765,0.43868838136181276,0.0,0,0.005045408678102908
36,absolute-314380,100000,80,0,3,0.5164970871320522,0.7301200803580552,0.2667692410158947,0.4633508393421604,5.551115123125783e-17,0,0.0020283975659229677
36,centered-314380,100000,80,0,3,0.3653060512255784,0.5009605112506823,0.1334485110620249,0.3675120001886574,0.0,0,0.0020283975659229677
36,absolute-314381,100000,80,0,3,0.5638559973747687,0.7684344402623231,0.31793358577549513,0.45050085448682786,1.1102230246251565e-16,0,0.0020283975659229677
36,centered-314381,100000,80,0,3,0.14716344242405457,0.3412764073076764,0.021657078786098027,0.3196193285215783,5.551115123125783e-17,0,0.0020283975659229677
36,absolute-314382,100000,80,0,3,0.26898975337655906,0.5393879413042245,0.07235548742158207,0.4670324538826425,0.0,0,0.0020283975659229677
36,centered-314382,100000,80,0,3,0.4406697468470689,0.6724354304782119,0.1941898257862598,0.4782456046919521,0.0,0,0.0020283975659229677
37,absolute-314380,100000,81,1,2,-0.7687697410583495,1.1836668574744655,0.5910069147669217,0.5926599427075439,0.0,1,0.0
37,centered-314380,100000,81,1,2,-0.43971092998981465,0.7021196231335243,0.19334570195250766,0.5087739211810166,0.0,1,0.0
37,absolute-314381,100000,81,1,2,-0.8942534029483794,1.3837277605320775,0.7996891486847566,0.5840386118473208,1.1102230246251565e-16,1,0.0
37,centered-314381,100000,81,1,2,-0.36306577175855625,0.4970282421797248,0.13181675462263606,0.3652114875570887,5.551115123125783e-17,1,0.0
37,absolute-314382,100000,81,1,2,-0.5625838339328765,0.7899650340961808,0.31650057020261435,0.4734644638935665,-5.551115123125783e-17,1,0.0
37,centered-314382,100000,81,1,2,-0.8028241097927092,1.1933332414229265,0.644526551264456,0.5488066901584704,1.1102230246251565e-16,1,0.0
38,absolute-314380,100000,83,0,2,0.9312426745891571,1.458214179291093,0.8672129189759668,0.5910012603151262,0.0,1,0.0
38,centered-314380,100000,83,0,2,0.9466270804405212,1.490635032264985,0.8961028294233451,0.5945322028416401,-1.1102230246251565e-16,1,0.0
38,absolute-314381,100000,83,0,2,0.7624390125274658,1.0068476368092572,0.5813132478238572,0.42553438898539986,1.1102230246251565e-16,1,0.0
38,centered-314381,100000,83,0,2,0.615001991391182,0.6781153112313013,0.37822744941511943,0.2998878618161819,0.0,1,0.0
38,absolute-314382,100000,83,0,2,0.871514767408371,1.351959668995856,0.759537989810867,0.592421679184989,0.0,1,0.0
38,centered-314382,100000,83,0,2,0.8969943821430206,1.3975880523193407,0.8045989215961393,0.5929891307232016,-2.220446049250313e-16,1,0.0
39,absolute-314380,100001,0,1,377,-0.4147027189143974,0.29480448808222626,0.1719783450749937,0.12282614300723252,2.7755575615628914e-17,0,0.19086460032626426
39,centered-314380,100001,0,1,377,-0.4772240580724766,0.3620964429082966,0.22774280160316251,0.13435364130513414,-2.7755575615628914e-17,1,0.0
39,absolute-314381,100001,0,1,377,-0.345329997202432,0.20857062834808376,0.1192528069678317,0.08931782138025206,0.0,0,0.19208809135399663
39,centered-314381,100001,0,1,377,-0.45490831555039374,0.31512922342352384,0.2069415755568966,0.10818764786662725,-1.3877787807814457e-17,0,0.0012234910277323647
39,absolute-314382,100001,0,1,377,-0.40815892079700294,0.284109024540652,0.16659370462617412,0.11751531991447792,-2.7755575615628914e-17,0,0.19983686786296895
39,centered-314382,100001,0,1,377,-0.5412008075538283,0.3828001996621253,0.29289831409691586,0.0899018855652094,5.551115123125783e-17,0,0.19983686786296895
40,absolute-314380,100001,1,2,66,0.09437478114287808,0.08153265529691829,0.008906599315766135,0.07262605598115215,0.0,0,0.0002712232167073925
40,centered-314380,100001,1,2,66,-0.020819402094316437,0.07499895473136739,0.00043344750356482764,0.07456550722780254,1.3877787807814457e-17,0,0.0002712232167073925
40,absolute-314381,100001,1,2,66,0.009646886046002343,0.0679245581670185,9.306241038455472e-05,0.06783149575663396,0.0,0,0.19555193924599945
40,centered-314381,100001,1,2,66,-0.022244938139464897,0.06904620389565277,0.00049483727282862,0.06855136662282414,1.3877787807814457e-17,1,0.0
40,absolute-314382,100001,1,2,66,-0.014716618978333597,0.07472042065407529,0.00021657887415344861,0.07450384177992184,0.0,1,0.0
40,centered-314382,100001,1,2,66,-0.05910333246873169,0.080327830802867,0.0034932039089094332,0.07683462689395756,0.0,1,0.0
41,absolute-314380,100001,2,3,7,-0.37381112107899817,0.3323543316028844,0.13973475424233742,0.19261957736054697,2.7755575615628914e-17,0,0.24911927528938096
41,centered-314380,100001,2,3,7,-0.3157948218089047,0.297080550968175,0.09972636948131788,0.19735418148685704,5.551115123125783e-17,1,0.0
41,absolute-314381,100001,2,3,7,-0.2390906223830286,0.24606478632249937,0.05716432571150398,0.18890046061099544,-5.551115123125783e-17,0,0.24911927528938096
41,centered-314381,100001,2,3,7,-0.35042730410875195,0.31062292455128093,0.12279929546492772,0.18782362908635322,-2.7755575615628914e-17,1,0.0
41,absolute-314382,100001,2,3,7,-0.29249174478489615,0.28626908744310314,0.08555142076731283,0.20071766667579033,0.0,0,0.25163563160543534
41,centered-314382,100001,2,3,7,-0.3943981305898218,0.3527341146408922,0.15554988541274614,0.19718422922814605,2.7755575615628914e-17,1,0.0
42,absolute-314380,100001,3,0,3,-0.1610986575140836,0.5724337231232773,0.02595277745284,0.5464809456704374,0.0,0,0.013415892672858696
42,centered-314380,100001,3,0,3,-0.14013697302880704,0.5468614880087007,0.01963837120967659,0.5272231167990242,-1.1102230246251565e-16,1,0.0
42,absolute-314381,100001,3,0,3,-0.21930796500586291,0.5414573231315436,0.04809598351501279,0.4933613396165308,5.551115123125783e-17,1,0.0
42,centered-314381,100001,3,0,3,-0.2641680041450294,0.6224267811649175,0.06978473441396826,0.5526420467509492,0.0,0,0.013415892672858696
42,absolute-314382,100001,3,0,3,-0.2532016054694138,0.6011977586963952,0.06411105301228867,0.5370867056841065,0.0,0,0.013415892672858696
42,centered-314382,100001,3,0,3,-0.177216404145388,0.589036662089077,0.031405653898221496,0.5576310081908556,-1.1102230246251565e-16,0,0.013415892672858696
43,absolute-314380,100001,7,0,87,0.03547576089577704,0.2903262602131342,0.0012585296111343432,0.2890677306019998,5.551115123125783e-17,0,0.18141592920353988
43,centered-314380,100001,7,0,87,-0.14083606869457935,0.2947689028163343,0.019834798245344273,0.27493410457099,0.0,0,0.18141592920353988
43,absolute-314381,100001,7,0,87,-0.08655776003776335,0.17166552606410476,0.007492245822755021,0.16417328024134975,0.0,1,0.0
43,centered-314381,100001,7,0,87,-0.2239924072957491,0.26104062381162385,0.05017259852614475,0.21086802528547907,2.7755575615628914e-17,0,0.0024135156878520624
43,absolute-314382,100001,7,0,87,-0.15914727845447912,0.2851920192391291,0.025327856239467515,0.2598641629996616,0.0,0,0.20072405470635568
43,centered-314382,100001,7,0,87,-0.0654646524076072,0.24063043072305068,0.004285620714848831,0.2363448100082019,-5.551115123125783e-17,0,0.18141592920353988
44,absolute-314380,100001,8,1,6,-0.3657847336329949,0.3631875467620689,0.13379847135896103,0.2293890754031078,5.551115123125783e-17,0,0.2516795865633074
44,centered-314380,100001,8,1,6,-0.3783332908052139,0.37128826508120105,0.14313607893150254,0.22815218614969854,-2.7755575615628914e-17,0,0.2516795865633074
44,absolute-314381,100001,8,1,6,-0.3318373558568887,0.31312733247064084,0.1101160307420914,0.20301130172854945,-2.7755575615628914e-17,0,0.2516795865633074
44,centered-314381,100001,8,1,6,-0.26507785776547416,0.298428028572943,0.07026627067753295,0.22816175789541004,0.0,0,0.2516795865633074
44,absolute-314382,100001,8,1,6,-0.22707751649349253,0.2782129289453245,0.05156419849685237,0.2266487304484722,-5.551115123125783e-17,0,0.2516795865633074
44,centered-314382,100001,8,1,6,-0.37396088032900615,0.3266980636300701,0.13984674001644526,0.1868513236136249,-5.551115123125783e-17,1,0.0
45,absolute-314380,100001,12,1,59,-0.13649939348172624,0.43845700074869115,0.018632084420879127,0.419824916327812,5.551115123125783e-17,0,0.0095911155981828
45,centered-314380,100001,12,1,59,-0.23434807075938593,0.48468777663035273,0.054919018268646154,0.4297687583617065,5.551115123125783e-17,1,0.0
45,absolute-314381,100001,12,1,59,-0.20037258896180796,0.29189210077573624,0.04014917440725765,0.2517429263684786,0.0,0,0.0095911155981828
45,centered-314381,100001,12,1,59,-0.12785497168766907,0.44139126633545334,0.01634689378525466,0.42504437255019867,0.0,0,0.0010095911155983404
45,absolute-314382,100001,12,1,59,-0.1587062658592827,0.4060921661338413,0.025187678822997325,0.38090448731084403,-5.551115123125783e-17,0,0.0095911155981828
45,centered-314382,100001,12,1,59,-0.2742681608099014,0.4276565796032818,0.07522302403404593,0.3524335555692359,-5.551115123125783e-17,0,0.0095911155981828
46,absolute-314380,100001,13,2,7,-0.23856317384075693,0.26827642426946235,0.05691238791297521,0.21136403635648712,2.7755575615628914e-17,0,0.2550231839258114
46,centered-314380,100001,13,2,7,-0.2806932123155764,0.29009445454054533,0.07878867944003727,0.21130577510050808,0.0,0,0.2601751674394642
46,absolute-314381,100001,13,2,7,-0.3431382474533447,0.30431594716957205,0.11774385686535283,0.1865720903042192,2.7755575615628914e-17,1,0.0
46,centered-314381,100001,13,2,7,-0.29534311172592637,0.29019958894773873,0.08722755364395303,0.2029720353037857,2.7755575615628914e-17,1,0.0
46,absolute-314382,100001,13,2,7,-0.3175696685288932,0.30461397850716626,0.10085049436955108,0.20376348413761525,-5.551115123125783e-17,0,0.2550231839258114
46,centered-314382,100001,13,2,7,-0.1919552856701059,0.249892535122394,0.03684683169669196,0.21304570342570206,0.0,0,0.2601751674394642
47,absolute-314380,100001,17,2,67,-0.14028046930113908,0.4235972544404933,0.019678610067347824,0.40391864437314545,0.0,1,0.0
47,centered-314380,100001,17,2,67,-0.14124965861935573,0.4448349623691739,0.019951466060084536,0.4248834963090894,0.0,0,0.005102040816326603
47,absolute-314381,100001,17,2,67,-0.1465986627357933,0.34416431286093624,0.021491167915922874,0.3226731449450133,5.551115123125783e-17,1,0.0
47,centered-314381,100001,17,2,67,-0.22902689724480152,0.46393370683603363,0.05245331966158087,0.4114803871744528,0.0,1,0.0
47,absolute-314382,100001,17,2,67,-0.19944635029738647,0.4319708873821451,0.039778846646947794,0.3921920407351973,0.0,1,0.0
47,centered-314382,100001,17,2,67,-0.16806683400530106,0.40226328517155124,0.028246460692565423,0.3740168244789858,0.0,1,0.0
48,absolute-314380,100001,18,3,115,-0.823946535965644,0.7090466114636881,0.6788878941297843,0.030158717333903715,2.42861286636753e-17,1,0.0
48,centered-314380,100001,18,3,115,-0.7112017301647535,0.5383620919812392,0.5058079009893389,0.03255419099190023,3.469446951953614e-17,0,0.008267090620031734
48,absolute-314381,100001,18,3,115,-0.6788728434407574,0.4849822281052834,0.4608683375613391,0.024113890543944253,5.204170427930421e-17,0,0.008267090620031734
48,centered-314381,100001,18,3,115,-0.839069929611397,0.7335469169886342,0.7040383467780748,0.029508570210559335,7.979727989493313e-17,0,0.008267090620031734
48,absolute-314382,100001,18,3,115,-0.7693225903881791,0.6235205501503754,0.5918572480815779,0.0316633020687974,1.249000902703301e-16,1,0.0
48,centered-314382,100001,18,3,115,-0.8382098044610276,0.734352401711712,0.7025956762945941,0.031756725417117965,-2.7755575615628914e-17,0,0.008267090620031734
49,absolute-314380,100001,19,0,10,-0.46247857841006945,0.40884268987696304,0.21388643548819875,0.19495625438876424,5.551115123125783e-17,1,0.0
49,centered-314380,100001,19,0,10,-0.5782831858312292,0.5585080427043085,0.33441144301511594,0.22409659968919252,8.326672684688674e-17,0,0.00032905561039820873
49,absolute-314381,100001,19,0,10,-0.28186561497203544,0.19319929807885522,0.07944822490356372,0.11375107317529151,-1.3877787807814457e-17,0,0.00032905561039820873
49,centered-314381,100001,19,0,10,-0.5913635882949038,0.5534818130609807,0.3497108935610244,0.20377091949995618,5.551115123125783e-17,0,0.00032905561039820873
49,absolute-314382,100001,19,0,10,-0.5733698106770916,0.5499684007194008,0.3287529397958838,0.2212154609235168,1.6653345369377348e-16,1,0.0
49,centered-314382,100001,19,0,10,-0.5254501472627325,0.493706826501198,0.2760978572584273,0.21760896924277082,-8.326672684688674e-17,1,0.0
50,absolute-314380,100001,20,1,2,-0.05516475345939398,0.5237143961426955,0.00304315002423572,0.5206712461184598,0.0,1,0.0
50,centered-314380,100001,20,1,2,0.025049748830497265,0.617818867583687,0.0006274899164709991,0.617191377667216,0.0,1,0.0
50,absolute-314381,100001,20,1,2,-0.14976556040346622,0.42815899905286087,0.02242972308296429,0.4057292759698966,-5.551115123125783e-17,1,0.0
50,centered-314381,100001,20,1,2,-0.0896389652043581,0.5724445795910935,0.008035144082908122,0.5644094355081853,0.0,1,0.0
50,absolute-314382,100001,20,1,2,-0.08980484306812286,0.5789250582637672,0.008064909838490175,0.570860148425277,0.0,1,0.0
50,centered-314382,100001,20,1,2,-0.12758510187268257,0.5947856371699406,0.01627795821986279,0.5785076789500778,0.0,1,0.0
51,absolute-314380,100001,21,2,2,0.05022713262587786,0.5874119540580098,0.002522764851817524,0.5848891892061924,-1.1102230246251565e-16,1,0.0
51,centered-314380,100001,21,2,2,0.06679580733180046,0.6154869711596345,0.004461679877107008,0.6110252912825275,0.0,1,0.0
51,absolute-314381,100001,21,2,2,0.02767663449048996,0.44428028133090425,0.0007659960967201784,0.44351428523418407,0.0,1,0.0
51,centered-314381,100001,21,2,2,0.007715530693531036,0.5911074031062065,5.9529413882819515e-05,0.5910478736923237,0.0,1,0.0
51,absolute-314382,100001,21,2,2,0.04808618128299713,0.6158233169096005,0.0023122808303812636,0.6135110360792192,0.0,1,0.0
51,centered-314382,100001,21,2,2,0.1147431880235672,0.6390438139009967,0.013165999197811695,0.625877814703185,0.0,1,0.0
52,absolute-314380,100001,25,2,7,0.6458629057203019,0.6895486341833212,0.4171388929854716,0.27240974119784955,1.1102230246251565e-16,1,0.0
52,centered-314380,100001,25,2,7,0.4528715981828314,0.47199611503873307,0.2050926844406719,0.2669034305980612,-5.551115123125783e-17,1,0.0
52,absolute-314381,100001,25,2,7,0.3632518379143305,0.3273361161860725,0.13195189774813906,0.19538421843793347,-2.7755575615628914e-17,1,0.0
52,centered-314381,100001,25,2,7,0.4428764668285846,0.47103989387736256,0.1961395648705704,0.2749003290067921,5.551115123125783e-17,1,0.0
52,absolute-314382,100001,25,2,7,0.5223779493536267,0.5137698307062609,0.2728787219709002,0.2408911087353607,2.7755575615628914e-17,1,0.0
52,centered-314382,100001,25,2,7,0.6184590838176863,0.6363269357523197,0.382491638356612,0.25383529739570776,-5.551115123125783e-17,1,0.0
53,absolute-314380,100001,26,3,7,-0.844778858704853,0.9643804430142592,0.713651320114674,0.25072912289958516,0.0,0,0.13914656771799627
53,centered-314380,100001,26,3,7,-0.5154513123204679,0.5276490207319993,0.2656900553728926,0.26195896535910673,-5.551115123125783e-17,0,0.13790970933828078
53,absolute-314381,100001,26,3,7,-0.4453396057918548,0.4065208546896481,0.1983273644868446,0.20819349020280353,-2.7755575615628914e-17,0,0.13790970933828078
53,centered-314381,100001,26,3,7,-0.6462099643100466,0.6755994429294787,0.4175873179735917,0.258012124955887,0.0,0,0.13914656771799627
53,absolute-314382,100001,26,3,7,-0.49047308686012536,0.5076449303882181,0.24056384893410007,0.26708108145411796,5.551115123125783e-17,0,0.13914656771799627
53,centered-314382,100001,26,3,7,-0.5749856478876182,0.595334324167272,0.3306084952767441,0.26472582889052815,-1.6653345369377348e-16,0,0.13790970933828078
54,absolute-314380,100001,27,0,4,-0.08859481188343676,0.41201118141860515,0.007849040692661548,0.4041621407259436,0.0,1,0.0
54,centered-314380,100001,27,0,4,-0.41165926303298517,0.6193444020713588,0.16946334884086048,0.4498810532304983,0.0,1,0.0
54,absolute-314381,100001,27,0,4,-0.2743764956562391,0.3293367529651561,0.0752824613685982,0.25405429159655785,5.551115123125783e-17,1,0.0
54,centered-314381,100001,27,0,4,-0.37201027284251365,0.5874397050523446,0.13839164310036145,0.44904806195198305,5.551115123125783e-17,1,0.0
54,absolute-314382,100001,27,0,4,-0.31380080702589663,0.553938391201256,0.09847094649010402,0.45546744471115197,0.0,1,0.0
54,centered-314382,100001,27,0,4,-0.23086546073542746,0.4819287412929889,0.0532988609605812,0.42862988033240773,-5.551115123125783e-17,1,0.0
55,absolute-314380,100001,28,1,2,-0.1082533816806972,0.4975694118614259,0.011718794645306709,0.4858506172161192,-5.551115123125783e-17,1,0.0
55,centered-314380,100001,28,1,2,-0.04335275571793318,0.6098886102776665,0.0018794614283387879,0.6080091488493277,0.0,1,0.0
55,absolute-314381,100001,28,1,2,0.03732900321483612,0.4171699239510573,0.0013934544810132454,0.41577646947004404,0.0,1,0.0
55,centered-314381,100001,28,1,2,-0.12034644931554794,0.5788110372902487,0.01448326786285975,0.564327769427389,-1.1102230246251565e-16,1,0.0
55,absolute-314382,100001,28,1,2,0.013245534151792526,0.5413707522195694,0.00017544417496630216,0.541195308044603,1.1102230246251565e-16,1,0.0
55,centered-314382,100001,28,1,2,-0.08897281996905804,0.5646905909859522,0.007916162693246413,0.5567744282927057,0.0,1,0.0
56,absolute-314380,100001,30,3,2,-0.19241929054260254,0.6007676241725358,0.03702518337291849,0.5637424407996173,0.0,1,0.0
56,centered-314380,100001,30,3,2,0.04140121815726161,0.5850287957120579,0.0017140608649051684,0.5833147348471527,0.0,1,0.0
56,absolute-314381,100001,30,3,2,-0.0754762589931488,0.35387828261292176,0.005696665671600876,0.34818161694132094,-5.551115123125783e-17,1,0.0
56,centered-314381,100001,30,3,2,-0.17440399155020714,0.5510699091211471,0.030416752268644723,0.5206531568525024,0.0,1,0.0
56,absolute-314382,100001,30,3,2,-0.030565704684704542,0.5730901948692347,0.0009342623028725692,0.5721559325663622,0.0,1,0.0
56,centered-314382,100001,30,3,2,-0.04760272894054651,0.6155872097158746,0.0022660198025871445,0.6133211899132873,1.1102230246251565e-16,1,0.0
57,absolute-314380,100001,34,3,17,0.2806448824787976,0.2634903343111162,0.07876155006153812,0.1847287842495781,-2.7755575615628914e-17,1,0.0
57,centered-314380,100001,34,3,17,0.4399705083905909,0.4166833441192383,0.193574048253475,0.22310929586576328,2.7755575615628914e-17,1,0.0
57,absolute-314381,100001,34,3,17,0.33646641530062815,0.2069797410528794,0.11320964862525477,0.09377009242762459,2.7755575615628914e-17,1,0.0
57,centered-314381,100001,34,3,17,0.2619006409229736,0.2638986696941325,0.06859194571586436,0.19530672397826815,0.0,1,0.0
57,absolute-314382,100001,34,3,17,0.4108868064443113,0.37903124530359206,0.16882796771000494,0.2102032775935871,2.7755575615628914e-17,1,0.0
57,centered-314382,100001,34,3,17,0.33551440484678513,0.3215529703524659,0.11256991585969243,0.20898305449277338,5.551115123125783e-17,1,0.0
58,absolute-314380,100001,38,3,7,0.4331508140742778,0.43945827744468274,0.1876196277332096,0.2518386497114732,0.0,1,0.0
58,centered-314380,100001,38,3,7,0.4824052932270935,0.4840241462254995,0.2327148669335181,0.2513092792919814,5.551115123125783e-17,1,0.0
58,absolute-314381,100001,38,3,7,0.41438203467300955,0.35642271851662083,0.1717124706597433,0.1847102478568776,-5.551115123125783e-17,1,0.0
58,centered-314381,100001,38,3,7,0.3978415967362267,0.4208429288315917,0.15827793609363044,0.2625649927379613,-5.551115123125783e-17,1,0.0
58,absolute-314382,100001,38,3,7,0.6038372161995619,0.6015484771668692,0.3646193836676364,0.23692909349923283,-2.7755575615628914e-17,1,0.0
58,centered-314382,100001,38,3,7,0.5410108856588601,0.5796552170645225,0.29269277840138425,0.28696243866313825,0.0,1,0.0
59,absolute-314380,100001,39,0,2,0.04708444559946656,0.5468307964366297,0.002216945017409126,0.5446138514192205,1.1102230246251565e-16,1,0.0
59,centered-314380,100001,39,0,2,0.049328796565532684,0.6057449009912186,0.002433330170603709,0.6033115708206148,1.1102230246251565e-16,1,0.0
59,absolute-314381,100001,39,0,2,-0.07757750898599625,0.26192189261516563,0.006018269900472328,0.2559036227146933,0.0,1,0.0
59,centered-314381,100001,39,0,2,0.09157650917768478,0.5764737548392984,0.008386257033170585,0.5680874978061279,0.0,1,0.0
59,absolute-314382,100001,39,0,2,0.00370233878493309,0.47517997735710316,1.370731247841983e-05,0.47516627004462475,0.0,1,0.0
59,centered-314382,100001,39,0,2,0.04102541320025921,0.5308232276114143,0.0016830845282520025,0.5291401430831623,0.0,1,0.0
60,absolute-314380,100001,43,0,7,0.09097012940439399,0.30236288774930825,0.008275564443852187,0.294087323305456,5.551115123125783e-17,0,0.25000000000000183
60,centered-314380,100001,43,0,7,0.12987463931065188,0.31243604478634274,0.016867421936071922,0.29556862285027086,-5.551115123125783e-17,0,0.9166666666666685
60,absolute-314381,100001,43,0,7,-0.3599778845196683,0.41561593724279955,0.12958407734325564,0.2860318598995439,5.551115123125783e-17,0,0.25000000000000183
60,centered-314381,100001,43,0,7,0.23487950272503313,0.35500247047320965,0.055168380800358845,0.2998340896728508,0.0,0,0.25000000000000183
60,absolute-314382,100001,43,0,7,0.08149726964710682,0.28718566260998724,0.006641804959933239,0.280543857650054,0.0,0,0.9166666666666685
60,centered-314382,100001,43,0,7,0.12922161268513785,0.2993868471590727,0.01669822518494778,0.28268862197412487,5.551115123125783e-17,1,0.0
61,absolute-314380,100001,44,1,6,-0.5061029849892341,0.5136662159975804,0.2561402314150129,0.25752598458256754,0.0,1,0.0
61,centered-314380,100001,44,1,6,-0.5869535211481633,0.6357754360714699,0.34451443598822745,0.29126100008324246,0.0,1,0.0
61,absolute-314381,100001,44,1,6,-0.17165631388082928,0.19605355342944494,0.029465890095153782,0.16658766333429115,0.0,1,0.0
61,centered-314381,100001,44,1,6,-0.6145397793199104,0.6592366028181608,0.3776591403665642,0.28157746245159637,1.6653345369377348e-16,1,0.0
61,absolute-314382,100001,44,1,6,-0.4611307595864418,0.47308413475294336,0.21264157743676879,0.26044255731617466,-5.551115123125783e-17,0,0.000982318271119822
61,centered-314382,100001,44,1,6,-0.6116301494037591,0.6490033846380896,0.37409143965966474,0.2749119449784249,-5.551115123125783e-17,0,0.0029469548133594656
62,absolute-314380,100001,45,2,4,-0.39291405907922217,0.4948474712239548,0.1543814578221105,0.3404660134018443,0.0,0,0.008064516129032265
62,centered-314380,100001,45,2,4,-0.3339302963306827,0.47984407321105654,0.11150944280749757,0.36833463040355896,0.0,0,0.008064516129032265
62,absolute-314381,100001,45,2,4,-0.7435243664970321,0.8310915527848246,0.552828483574813,0.2782630692100117,-5.551115123125783e-17,0,0.0020161290322580215
62,centered-314381,100001,45,2,4,-0.2638978990455789,0.39508293199236577,0.06964210112067057,0.32544083087169523,-5.551115123125783e-17,0,0.008064516129032265
62,absolute-314382,100001,45,2,4,-0.3108709579994602,0.45412567896794215,0.09664075252750214,0.35748492644044005,-5.551115123125783e-17,1,0.0
62,centered-314382,100001,45,2,4,-0.37405934042387434,0.5139094178316698,0.13992039015834393,0.37398902767332587,0.0,1,0.0
63,absolute-314380,100001,46,3,5,-0.48966169405867666,0.5341839520830449,0.23976857462841306,0.29441537745463187,0.0,0,0.0010090817356205638
63,centered-314380,100001,46,3,5,-0.47090488869835945,0.5413692614619339,0.2217514142000143,0.3196178472619196,-5.551115123125783e-17,0,0.0010090817356205638
63,absolute-314381,100001,46,3,5,-0.11168591391434282,0.21301006404040496,0.012473743366881996,0.20053632067352298,-2.7755575615628914e-17,0,0.0030272452068617808
63,centered-314381,100001,46,3,5,-0.6477775206058225,0.6737212587397752,0.4196157162022268,0.25410554253754836,0.0,0,0.0030272452068617808
63,absolute-314382,100001,46,3,5,-0.4542894174545011,0.48688707896944594,0.20637887481114994,0.280508204158296,0.0,0,0.0010090817356205638
63,centered-314382,100001,46,3,5,-0.4441909958808622,0.5063048269858595,0.19730564082163213,0.30899918616422745,-5.551115123125783e-17,0,0.0010090817356205638
64,absolute-314380,100001,47,0,5,-0.5319365432846401,0.5750814784365453,0.28295648608161184,0.2921249923549335,0.0,0,0.004048582995951421
64,centered-314380,100001,47,0,5,-0.3616744889306878,0.4349375614574953,0.13080843594327424,0.30412912551422105,0.0,0,0.0030364372469635884
64,absolute-314381,100001,47,0,5,-0.8584906479704235,0.9802903001477249,0.7370061926526776,0.24328410749504714,1.1102230246251565e-16,0,0.0030364372469635884
64,centered-314381,100001,47,0,5,-0.2131633470195388,0.3131673823161093,0.045438612512572314,0.26772876980353705,-5.551115123125783e-17,0,0.004048582995951421
64,absolute-314382,100001,47,0,5,-0.5748715566831682,0.615117604873108,0.33047730668332914,0.2846402981897787,1.1102230246251565e-16,0,0.0030364372469635884
64,centered-314382,100001,47,0,5,-0.4339369317877148,0.4774367128399891,0.18830126076933584,0.2891354520706532,5.551115123125783e-17,0,0.0030364372469635884
65,absolute-314380,100001,49,2,2,-0.021640032529830933,0.44252446580946164,0.00046829100789214095,0.4420561748015695,0.0,1,0.0
65,centered-314380,100001,49,2,2,0.12701900396496058,0.5011241043794429,0.01613382736825067,0.48499027701119224,0.0,1,0.0
65,absolute-314381,100001,49,2,2,-0.11989431083202362,0.31191620074137766,0.014374645769885896,0.29754155497149176,0.0,1,0.0
65,centered-314381,100001,49,2,2,0.3324638903141022,0.5691512616643989,0.11053223836278736,0.45861902330161153,0.0,1,0.0
65,absolute-314382,100001,49,2,2,0.24165061116218567,0.5391545812279999,0.05839501787505785,0.480759563352942,0.0,1,0.0
65,centered-314382,100001,49,2,2,0.21696433052420616,0.49165733737770634,0.04707352071981698,0.4445838166578894,0.0,1,0.0
66,absolute-314380,100001,53,2,3,-0.05997711237934037,0.47121668826517144,0.003597254009364024,0.4676194342558075,-5.551115123125783e-17,0,0.1666666666666642
66,centered-314380,100001,53,2,3,0.09274890952639973,0.47121271433958656,0.008602360218336283,0.4626103541212503,0.0,1,0.0
66,absolute-314381,100001,53,2,3,-0.059186963405875405,0.485276957497729,0.0035030966372084343,0.4817738608605205,5.551115123125783e-17,1,0.0
66,centered-314381,100001,53,2,3,0.2480398111873189,0.5483912339390457,0.061523747933840814,0.48686748600520474,1.1102230246251565e-16,0,0.1666666666666642
66,absolute-314382,100001,53,2,3,0.19890735480520325,0.5069580395572404,0.03956413579560301,0.4673939037616374,-5.551115123125783e-17,0,0.1666666666666642
66,centered-314382,100001,53,2,3,0.24745307299825745,0.5467081281568806,0.06123302333628093,0.4854751048205997,0.0,0,0.1666666666666642
67,absolute-314380,100001,54,3,4,-0.6415498658247065,0.7558612489595268,0.41158623033969893,0.34427501861982784,0.0,1,0.0
67,centered-314380,100001,54,3,4,-0.8104277244932723,1.035878829153191,0.6567930966273432,0.379085732525848,-1.1102230246251565e-16,1,0.0
67,absolute-314381,100001,54,3,4,-0.7123135506339144,0.7627829692915199,0.5073905944166942,0.25539237487482563,5.551115123125783e-17,0,0.0020202020202020666
67,centered-314381,100001,54,3,4,-0.9059835142619681,1.1966755200452106,0.8208061281144657,0.37586939193074487,0.0,0,0.0020202020202020666
67,absolute-314382,100001,54,3,4,-0.6559952265746665,0.7432460190298741,0.430329737288748,0.31291628174112607,0.0,1,0.0
67,centered-314382,100001,54,3,4,-0.7563919938333106,0.9151711147038452,0.5721288483351309,0.34304226636871415,1.1102230246251565e-16,1,0.0
68,absolute-314380,100001,55,0,4,-0.10471647458026301,0.3465186999915659,0.010965540048518869,0.3355531599430471,0.0,0,0.0020283975659229677
68,centered-314380,100001,55,0,4,-0.06614970454821478,0.29360475864228924,0.0043757834118161075,0.28922897523047314,0.0,0,0.001014198782961529
68,absolute-314381,100001,55,0,4,-0.3793771103198279,0.37718369687527914,0.14392699183462287,0.23325670504065626,0.0,0,0.001014198782961529
68,centered-314381,100001,55,0,4,0.17796181848397363,0.3651083217724427,0.03167040883812278,0.3334379129343199,0.0,0,0.0020283975659229677
68,absolute-314382,100001,55,0,4,0.019872258958722244,0.34457008568989966,0.00039490667612251647,0.3441751790137772,-5.551115123125783e-17,0,0.001014198782961529
68,centered-314382,100001,55,0,4,0.13637044986834634,0.3572298520921673,0.018596899597295165,0.33863295249487213,0.0,0,0.0020283975659229677
69,absolute-314380,100001,59,0,4,0.12728547010984603,0.4632968657175841,0.016201590901084507,0.44709527481649963,-5.551115123125783e-17,1,0.0
69,centered-314380,100001,59,0,4,0.5772348966863412,0.7887775202405839,0.333200125952491,0.4555773942880929,0.0,1,0.0
69,absolute-314381,100001,59,0,4,0.294439132180478,0.5359506253634191,0.086694402559193,0.44925622280422606,0.0,1,0.0
69,centered-314381,100001,59,0,4,0.5321141582396287,0.7419445351673161,0.28314547739906865,0.4587990577682475,-5.551115123125783e-17,1,0.0
69,absolute-314382,100001,59,0,4,0.4674067374732751,0.6830696476822792,0.2184690582354111,0.46460058944686805,5.551115123125783e-17,0,0.8888888888888911
69,centered-314382,100001,59,0,4,0.7528118368652124,1.023144462482095,0.5667256617243751,0.4564188007577198,0.0,0,0.22222222222221782
70,absolute-314380,100001,60,1,5,-0.5540358073194032,0.5828756341996353,0.30695567579206284,0.27591995840757233,1.1102230246251565e-16,1,0.0
70,centered-314380,100001,60,1,5,-0.76748490809691,0.882882156846257,0.5890330841565223,0.2938490726897347,0.0,1,0.0
70,absolute-314381,100001,60,1,5,-0.3969108301330809,0.2945411387317268,0.15753820707693142,0.13700293165479532,8.326672684688674e-17,0,0.0019665683382497122
70,centered-314381,100001,60,1,5,-0.880836729996324,1.066655582820808,0.775873344910617,0.29078223791019076,2.220446049250313e-16,1,0.0
70,absolute-314382,100001,60,1,5,-0.5975354286957983,0.610769983831125,0.3570485885466715,0.25372139528445337,1.6653345369377348e-16,0,0.0019665683382497122
70,centered-314382,100001,60,1,5,-1.0016366112161879,1.2898705164530004,1.0032759009286487,0.28659461552435167,5.551115123125783e-17,0,0.0019665683382497122
71,absolute-314380,100001,61,2,2,0.1316292032133788,0.45664001183562586,0.01732624713858897,0.43931376469703687,0.0,1,0.0
71,centered-314380,100001,61,2,2,0.2094785962253809,0.4531661891083195,0.04388128227655617,0.4092849068317634,-5.551115123125783e-17,1,0.0
71,absolute-314381,100001,61,2,2,0.07724613696336746,0.23926406105226894,0.005966965675763325,0.23329709537650564,-2.7755575615628914e-17,1,0.0
71,centered-314381,100001,61,2,2,0.4355049282312393,0.6405805152819389,0.1896645425136969,0.450915972768242,0.0,1,0.0
71,absolute-314382,100001,61,2,2,0.3837936520576477,0.5975136801113538,0.14729756735974675,0.450216112751607,0.0,1,0.0
71,centered-314382,100001,61,2,2,0.5398533940315247,0.7491728255327532,0.2914416870473566,0.4577311384853966,0.0,1,0.0
72,absolute-314380,100001,62,3,3,-0.2826847511304696,0.4653424983430538,0.07991066852169552,0.3854318298213582,5.551115123125783e-17,1,0.0
72,centered-314380,100001,62,3,3,-0.5052153446051756,0.6393307624089788,0.2552425444245263,0.3840882179844524,5.551115123125783e-17,0,0.0020242914979756656
72,absolute-314381,100001,62,3,3,-0.16638399439784682,0.22124801527844185,0.027683633591782723,0.19356438168665913,0.0,1,0.0
72,centered-314381,100001,62,3,3,-0.6211014169229349,0.7623177442686316,0.38576697010367733,0.3765507741649543,0.0,1,0.0
72,absolute-314382,100001,62,3,3,-0.5464749661856174,0.6784267769428504,0.2986348886675717,0.3797918882752786,5.551115123125783e-17,0,0.0020242914979756656
72,centered-314382,100001,62,3,3,-0.6569673943294366,0.8400392916060309,0.43160615721200946,0.40843313439402135,5.551115123125783e-17,0,0.0020242914979756656
73,absolute-314380,100001,63,0,3,-0.031025673586957108,0.3749595234675695,0.0009625924215244079,0.3739969310460451,0.0,0,0.0010152284263959175
73,centered-314380,100001,63,0,3,0.2698884513091719,0.41885643190999877,0.07283977615006325,0.34601665575993557,-5.551115123125783e-17,1,0.0
73,absolute-314381,100001,63,0,3,-0.2849314926950459,0.329516971207512,0.081185955529427,0.248331015678085,0.0,1,0.0
73,centered-314381,100001,63,0,3,0.4189598268381432,0.5621446103904274,0.17552733650424693,0.38661727388618056,-5.551115123125783e-17,0,0.0010152284263959175
73,absolute-314382,100001,63,0,3,0.09572876553850129,0.3807297690388527,0.009163996551525352,0.3715657724873273,5.551115123125783e-17,1,0.0
73,centered-314382,100001,63,0,3,0.3626240597279544,0.5570222954341099,0.13149620869358306,0.42552608674052667,1.6653345369377348e-16,1,0.0
74,absolute-314380,100001,67,0,2,0.30034810304641724,0.7365076400570143,0.09020898300358127,0.646298657053433,0.0,0,1.0
74,centered-314380,100001,67,0,2,0.49481847882270813,0.8755892487937216,0.24484532698441885,0.6307439218093027,0.0,1,0.0
74,absolute-314381,100001,67,0,2,0.13673186302185059,0.6493988144576097,0.01869560236542611,0.6307032120921836,0.0,1,0.0
74,centered-314381,100001,67,0,2,0.5555325448513031,0.9655790011056821,0.3086164083889651,0.6569625927167171,-1.1102230246251565e-16,0,1.0
74,absolute-314382,100001,67,0,2,0.3618878722190857,0.7394239533414387,0.1309628320592573,0.6084611212821814,0.0,1,0.0
74,centered-314382,100001,67,0,2,0.6745496094226837,1.084665139354932,0.45501717557229515,0.629647963782637,-1.1102230246251565e-16,1,0.0
75,absolute-314380,100001,68,1,4,-0.6029295079410076,0.7002749371347118,0.3635239915459856,0.33675094558872626,-5.551115123125783e-17,1,0.0
75,centered-314380,100001,68,1,4,-0.685472933202982,0.8084877658590701,0.4698731421538998,0.33861462370517037,-5.551115123125783e-17,1,0.0
75,absolute-314381,100001,68,1,4,-0.13090930283069613,0.16286584679921737,0.017137245567618906,0.14572860123159845,2.7755575615628914e-17,1,0.0
75,centered-314381,100001,68,1,4,-0.7730481192469597,0.9381105833864398,0.5976033946712617,0.3405071887151783,-1.6653345369377348e-16,1,0.0
75,absolute-314382,100001,68,1,4,-0.6917950004339218,0.7865607799591992,0.4785803226253699,0.30798045733382917,5.551115123125783e-17,1,0.0
75,centered-314382,100001,68,1,4,-0.7744719177484513,0.9157967593682201,0.5998067513809638,0.31599000798725624,5.551115123125783e-17,1,0.0
76,absolute-314380,100001,70,3,2,-0.03508736565709114,0.45387473711643367,0.0012311232287544188,0.45264361388767926,0.0,1,0.0
76,centered-314380,100001,70,3,2,-0.23618120700120926,0.4741796948077108,0.05578156254054806,0.4183981322671627,5.551115123125783e-17,1,0.0
76,absolute-314381,100001,70,3,2,0.39754002541303635,0.48909569835557154,0.15803807180539758,0.33105762655017396,0.0,1,0.0
76,centered-314381,100001,70,3,2,-0.1670006695203483,0.4331830024582464,0.027889223620244593,0.40529377883800183,0.0,1,0.0
76,absolute-314382,100001,70,3,2,-0.08299721404910088,0.4315096099281104,0.006888537539912268,0.4246210723881981,5.551115123125783e-17,1,0.0
76,centered-314382,100001,70,3,2,-0.2575807720422745,0.4687197280214039,0.06634785412589417,0.40237187389550977,-5.551115123125783e-17,1,0.0
77,absolute-314380,100001,71,0,2,-0.21646917052567005,0.44181043463672076,0.046858901788071616,0.3949515328486492,-5.551115123125783e-17,1,0.0
77,centered-314380,100001,71,0,2,0.18220985867083073,0.3515424984065363,0.033200432596844104,0.3183420658096922,-5.551115123125783e-17,1,0.0
77,absolute-314381,100001,71,0,2,-0.7139303982257843,0.988970346315699,0.509696613510827,0.47927373280487195,1.1102230246251565e-16,1,0.0
77,centered-314381,100001,71,0,2,0.35091547667980194,0.475386953731007,0.12314167177341262,0.3522452819575943,5.551115123125783e-17,1,0.0
77,absolute-314382,100001,71,0,2,-0.3815503567457199,0.5653971254541869,0.14558067473278613,0.41981645072140067,5.551115123125783e-17,1,0.0
77,centered-314382,100001,71,0,2,0.09106368571519852,0.3188671452293446,0.00829259485603645,0.31057455037330817,0.0,1,0.0
78,absolute-314380,100002,0,2,1425,-0.43488000036178537,0.2577159221823693,0.18912061471466643,0.06859530746770284,0.0,0,0.0008133387555916865
78,centered-314380,100002,0,2,1425,-0.5042460944308302,0.32061764604007864,0.25426412374874574,0.06635352229133296,-5.551115123125783e-17,1,0.0
78,absolute-314381,100002,0,2,1425,-0.3794039615775719,0.19733041296633058,0.14394736606075564,0.05338304690557495,-1.3877787807814457e-17,0,0.0008133387555916865
78,centered-314381,100002,0,2,1425,-0.578459901310782,0.38281502329543454,0.3346158574244796,0.04819916587095501,-4.85722573273506e-17,0,0.19357462383082558
78,absolute-314382,100002,0,2,1425,-0.435908751640829,0.25688591847068154,0.19001643975706592,0.06686947871361563,-1.3877787807814457e-17,0,0.20414802765351764
78,centered-314382,100002,0,2,1425,-0.5423131949445567,0.3433654981214724,0.2941036014109727,0.04926189671049968,6.938893903907228e-18,0,0.20374135827572187
79,absolute-314380,100002,1,3,7,-0.3078799474406405,0.28581471391093666,0.09479006203605156,0.19102465187488507,2.7755575615628914e-17,0,0.25267447784004077
79,centered-314380,100002,1,3,7,-0.3043016650135978,0.27469102729895156,0.09259950333004788,0.18209152396890366,2.7755575615628914e-17,0,0.25471217524197654
79,absolute-314381,100002,1,3,7,-0.28115731114229753,0.26576031931245747,0.0790494336087667,0.18671088570369074,2.7755575615628914e-17,0,0.25267447784004077
79,centered-314381,100002,1,3,7,-0.28916381891425197,0.28225941963115875,0.0836157141690743,0.19864370546208443,0.0,1,0.0
79,absolute-314382,100002,1,3,7,-0.2637911881141315,0.2746954703211813,0.06958579092666511,0.20510967939451616,2.7755575615628914e-17,0,0.25471217524197654
79,centered-314382,100002,1,3,7,-0.36870058045397414,0.33031152613306214,0.13594011802709746,0.19437140810596468,0.0,1,0.0
80,absolute-314380,100002,2,0,2,0.08893018215894699,0.5719129084832419,0.007908577298823494,0.5640043311844185,0.0,1,0.0
80,centered-314380,100002,2,0,2,0.0023812376894056797,0.6170780409467184,5.6702929334461e-06,0.617072370653785,0.0,1,0.0
80,absolute-314381,100002,2,0,2,0.02323316503316164,0.5647013263297727,0.0005397799574581247,0.5641615463723146,-1.1102230246251565e-16,1,0.0
80,centered-314381,100002,2,0,2,-0.008095480035990477,0.616322946159267,6.553679701312037e-05,0.6162574093622539,-1.1102230246251565e-16,1,0.0
80,absolute-314382,100002,2,0,2,-0.015009862836450338,0.5950954086634146,0.000225295982369053,0.5948701126810456,-1.1102230246251565e-16,1,0.0
80,centered-314382,100002,2,0,2,0.0038869441486895084,0.6275339305224195,1.5108334815031607e-05,0.6275188221876045,0.0,1,0.0
81,absolute-314380,100002,3,1,3,-0.3574676297504082,0.6765914146248933,0.12778310631937492,0.5488083083055183,0.0,1,0.0
81,centered-314380,100002,3,1,3,-0.19294345452371978,0.6141955454076644,0.037227176643546724,0.5769683687641177,0.0,0,1.0
81,absolute-314381,100002,3,1,3,-0.1341701449104522,0.46366127187891154,0.018001627785291744,0.4456596440936198,0.0,0,0.0005081300813008022
81,centered-314381,100002,3,1,3,-0.2675354388751958,0.6022591616621581,0.07157521105414363,0.5306839506080144,0.0,1,0.0
81,absolute-314382,100002,3,1,3,-0.24590725959821289,0.6174656433341618,0.06047038032310286,0.556995263011059,0.0,1,0.0
81,centered-314382,100002,3,1,3,-0.23967259512825553,0.607785814464441,0.0574429528555127,0.5503428616089282,1.1102230246251565e-16,1,0.0
82,absolute-314380,100002,7,1,109,-0.14350057737279884,0.26526804614006116,0.020592415706326625,0.24467563043373455,-2.7755575615628914e-17,0,0.19398129320862134
82,centered-314380,100002,7,1,109,-0.17769550169861564,0.25728420254132367,0.03157569132392272,0.22570851121740096,0.0,1,0.0
82,absolute-314381,100002,7,1,109,-0.07226881816609085,0.1422686992086783,0.0052227820791235025,0.1370459171295548,0.0,0,0.20170801138674258
82,centered-314381,100002,7,1,109,-0.2952572158309,0.2658312747961802,0.08717682350021465,0.1786544512959655,2.7755575615628914e-17,0,0.19316795445302967
82,absolute-314382,100002,7,1,109,-0.1632835125845692,0.25600258825386296,0.026661505481955165,0.2293410827719078,0.0,0,0.20170801138674258
82,centered-314382,100002,7,1,109,-0.320757295054769,0.2660449313232472,0.10288524233085215,0.16315968899239502,0.0,0,0.20170801138674258
83,absolute-314380,100002,8,2,10,-0.240065363861829,0.21482386440389586,0.05763137892611235,0.15719248547778356,-2.7755575615628914e-17,1,0.0
83,centered-314380,100002,8,2,10,-0.31937828201076385,0.2600722557907501,0.102002487020147,0.1580697687706031,0.0,0,0.26413100898045433
83,absolute-314381,100002,8,2,10,-0.3679745162811353,0.2694872294180902,0.13540524463233553,0.1340819847857547,0.0,0,0.003169572107765478
83,centered-314381,100002,8,2,10,-0.3880172100590765,0.30470199389496033,0.15055735530202952,0.15414463859293087,-5.551115123125783e-17,0,0.26413100898045433
83,absolute-314382,100002,8,2,10,-0.3498949648088067,0.282987825098644,0.12242648639855609,0.1605613387000879,2.7755575615628914e-17,0,0.003169572107765478
83,centered-314382,100002,8,2,10,-0.3359294660130739,0.26844925323051805,0.11284860613582896,0.1556006470946891,-2.7755575615628914e-17,1,0.0
84,absolute-314380,100002,12,2,56,0.034322215061333934,0.4241679972929092,0.001178014446716458,0.4229899828461927,5.551115123125783e-17,0,0.012018027040560942
84,centered-314380,100002,12,2,56,-0.17391779198900145,0.4404456508150085,0.030247398370329578,0.41019825244467895,0.0,1,0.0
84,absolute-314381,100002,12,2,56,-0.2010260624976378,0.32755086118946036,0.040411477803304174,0.28713938338615624,-5.551115123125783e-17,0,0.012018027040560942
84,centered-314381,100002,12,2,56,-0.272652814746736,0.43539252803983014,0.07433955738931795,0.36105297065051223,-5.551115123125783e-17,0,0.012018027040560942
84,absolute-314382,100002,12,2,56,-0.13865308677684665,0.41488901966441816,0.019224678472747767,0.3956643411916704,0.0,0,0.012518778167250878
84,centered-314382,100002,12,2,56,-0.1192431885448765,0.401708421141029,0.014218938014348967,0.3874894831266801,-5.551115123125783e-17,0,0.012518778167250878
85,absolute-314380,100002,13,3,2,-0.07488299906253815,0.5914485970511121,0.005607463548600089,0.585841133502512,0.0,1,0.0
85,centered-314380,100002,13,3,2,0.08990905061364174,0.6437688050830485,0.008083637382246392,0.6356851677008021,0.0,1,0.0
85,absolute-314381,100002,13,3,2,-0.07212475221604109,0.5806494018988755,0.005201979882225324,0.5754474220166501,0.0,1,0.0
85,centered-314381,100002,13,3,2,-0.056777749210596085,0.6336341199213451,0.0032237128054213443,0.6304104071159238,0.0,1,0.0
85,absolute-314382,100002,13,3,2,0.007970667909830809,0.6462500067043604,6.353154692880663e-05,0.6461864751574316,0.0,0,1.0
85,centered-314382,100002,13,3,2,-0.018541582161560655,0.6216044334757556,0.0003437902690539043,0.6212606432067017,-1.1102230246251565e-16,1,0.0
86,absolute-314380,100002,14,0,3,-0.15630220023570232,0.5531974668592804,0.024430377798521582,0.5287670890607589,0.0,1,0.0
86,centered-314380,100002,14,0,3,-0.16362317053256206,0.5783920609034312,0.026772541935127885,0.5516195189683034,-1.1102230246251565e-16,1,0.0
86,absolute-314381,100002,14,0,3,-0.4098919719236868,0.6420223216375606,0.16801142864748847,0.4740108929900722,-1.1102230246251565e-16,0,0.0006944444444444296
86,centered-314381,100002,14,0,3,-0.2693877824671842,0.6009118964502638,0.07256977734258696,0.5283421191076768,0.0,1,0.0
86,absolute-314382,100002,14,0,3,-0.24253636481516336,0.5969279806989539,0.05882388825775401,0.5381040924411998,1.1102230246251565e-16,1,0.0
86,centered-314382,100002,14,0,3,-0.23699956471997274,0.631684091134282,0.05616879367745655,0.5755152974568255,0.0,0,1.0
87,absolute-314380,100002,16,2,2,0.08999313414096832,0.6061921780286514,0.008098764192514318,0.598093413836137,1.1102230246251565e-16,1,0.0
87,centered-314380,100002,16,2,2,0.05176076479256153,0.6107598655133333,0.0026791767719108774,0.6080806887414224,0.0,1,0.0
87,absolute-314381,100002,16,2,2,0.06455452740192413,0.47710909978640226,0.004167287008085774,0.4729418127783165,0.0,1,0.0
87,centered-314381,100002,16,2,2,-0.05385700985789299,0.6096648833870955,0.0029005775108331827,0.6067643058762623,0.0,1,0.0
87,absolute-314382,100002,16,2,2,0.08262884616851807,0.6158402721776286,0.006827526219140623,0.609012745958488,0.0,1,0.0
87,centered-314382,100002,16,2,2,0.07989318296313286,0.6271535397472212,0.006382920683980622,0.6207706190632406,0.0,1,0.0
88,absolute-314380,100002,20,2,8,0.6749639820925891,0.6895848537731225,0.455576377122285,0.23400847665083754,-2.7755575615628914e-17,1,0.0
88,centered-314380,100002,20,2,8,0.40401582025587557,0.4022950917925863,0.16322878301702795,0.2390663087755584,-2.7755575615628914e-17,1,0.0
88,absolute-314381,100002,20,2,8,0.2704089849874377,0.2517585138074127,0.07312101916193631,0.17863749464547643,-2.7755575615628914e-17,1,0.0
88,centered-314381,100002,20,2,8,0.40653348040431736,0.3986466146521735,0.16526947068964748,0.23337714396252604,-2.7755575615628914e-17,1,0.0
88,absolute-314382,100002,20,2,8,0.6692011885032058,0.6890337204771066,0.4478302306941031,0.24120348978300363,-8.326672684688674e-17,1,0.0
88,centered-314382,100002,20,2,8,0.5376661393245682,0.527787842054167,0.289084877376186,0.238702964677981,-2.7755575615628914e-17,1,0.0
89,absolute-314380,100002,21,3,5,-0.6578270875190055,0.803356163955405,0.43273647707373736,0.3706196868816675,1.1102230246251565e-16,0,0.0012570710245128581
89,centered-314380,100002,21,3,5,-0.44887227642281413,0.5854245613369164,0.20148632054099927,0.3839382407959172,0.0,0,0.0012570710245128581
89,absolute-314381,100002,21,3,5,-0.40182268249733805,0.4885320725949963,0.16146146816935653,0.3270706044256398,0.0,0,0.0012570710245128581
89,centered-314381,100002,21,3,5,-0.5718197874997413,0.7156170520806425,0.3269778693762493,0.38863918270439324,0.0,0,0.0012570710245128581
89,absolute-314382,100002,21,3,5,-0.47983966742573736,0.6043041618057765,0.23024610643524224,0.3740580553705341,1.6653345369377348e-16,0,0.003142677561282257
89,centered-314382,100002,21,3,5,-0.4569002062354839,0.5899856533415477,0.20875779845802772,0.38122785488351996,5.551115123125783e-17,0,0.003142677561282257
90,absolute-314380,100002,22,0,7,-0.444366427966334,0.4700290246081245,0.19746152230355912,0.2725675023045654,0.0,0,0.13940520446096655
90,centered-314380,100002,22,0,7,-0.5296544047102535,0.5632848117465372,0.280533788428973,0.2827510233175642,5.551115123125783e-17,0,0.0012391573729864528
90,absolute-314381,100002,22,0,7,-0.46138436589690096,0.41610372083061986,0.21287553309408538,0.20322818773653453,-5.551115123125783e-17,1,0.0
90,centered-314381,100002,22,0,7,-0.5348760875770228,0.5573865611960123,0.2860924290617029,0.27129413213430936,0.0,1,0.0
90,absolute-314382,100002,22,0,7,-0.48766539035931133,0.531068006709613,0.2378175329542995,0.29325047375531355,-1.1102230246251565e-16,0,0.13940520446096655
90,centered-314382,100002,22,0,7,-0.5018821015717931,0.5546833164112235,0.2518856438781197,0.30279767253310386,-5.551115123125783e-17,0,0.0012391573729864528
91,absolute-314380,100002,23,1,3,-0.37038373991507,0.5952283346493156,0.13718411479347423,0.4580442198558414,-5.551115123125783e-17,0,0.13755598208573258
91,centered-314380,100002,23,1,3,-0.09956255847869026,0.49885601844779126,0.009912703050822619,0.48894331539696867,0.0,1,0.0
91,absolute-314381,100002,23,1,3,-0.2884773284287026,0.43347616784648196,0.08321916901736155,0.35025699882912037,5.551115123125783e-17,0,0.13755598208573258
91,centered-314381,100002,23,1,3,-0.32858233694888855,0.538561061779161,0.10796635215479293,0.430594709624368,0.0,1,0.0
91,absolute-314382,100002,23,1,3,-0.21387123842073189,0.4960670854178455,0.045740906623617544,0.4503261787942279,5.551115123125783e-17,1,0.0
91,centered-314382,100002,23,1,3,-0.1701874818122159,0.4944865961270362,0.02896377896558332,0.46552281716145294,-5.551115123125783e-17,0,0.13755598208573258
92,absolute-314380,100002,25,3,3,-0.4187016248703003,0.7003491142684203,0.1753110506690297,0.5250380635993905,0.0,1,0.0
92,centered-314380,100002,25,3,3,-0.15021240810553235,0.5783092623094044,0.022563767548863002,0.5557454947605412,1.1102230246251565e-16,1,0.0
92,absolute-314381,100002,25,3,3,-0.054257971296707806,0.40304622124468054,0.0029439274492343683,0.40010229379544615,0.0,1,0.0
92,centered-314381,100002,25,3,3,-0.3306757320960363,0.6477790839464821,0.10934643979724956,0.5384326441492325,0.0,1,0.0
92,absolute-314382,100002,25,3,3,-0.2644596780339877,0.5746753930798426,0.06993892130584042,0.5047364717740023,-1.1102230246251565e-16,1,0.0
92,centered-314382,100002,25,3,3,-0.2560274890313546,0.6084932131531876,0.06555007513970039,0.5429431380134873,0.0,1,0.0
93,absolute-314380,100002,27,1,2,-0.11199678108096123,0.5652742762670135,0.012543278972496755,0.5527309972945168,0.0,1,0.0
93,centered-314380,100002,27,1,2,0.11867736652493477,0.6601450665070882,0.014084317325293708,0.6460607491817943,1.1102230246251565e-16,0,1.0
93,absolute-314381,100002,27,1,2,0.12180079892277718,0.3791114831629224,0.014835434618226798,0.3642760485446956,5.551115123125783e-17,1,0.0
93,centered-314381,100002,27,1,2,-0.12693285569548607,0.5980148345916282,0.01611194985501109,0.5819028847366171,0.0,1,0.0
93,absolute-314382,100002,27,1,2,-0.02082657441496849,0.622584784465674,0.0004337462018622201,0.6221510382638117,1.1102230246251565e-16,1,0.0
93,centered-314382,100002,27,1,2,0.06647570058703423,0.6245339059395736,0.0044190187685370225,0.6201148871710366,0.0,1,0.0
94,absolute-314380,100002,31,1,15,0.1882897362066037,0.3538821246067326,0.035453024760752405,0.31842909984598017,0.0,0,0.0005002501250624318
94,centered-314380,100002,31,1,15,0.5444529605361548,0.6681753397311668,0.2964290262365837,0.37174631349458315,0.0,0,0.0005002501250624318
94,absolute-314381,100002,31,1,15,0.5991477030592885,0.5755766474756981,0.3589779700812214,0.2165986773944768,-5.551115123125783e-17,0,0.0005002501250624318
94,centered-314381,100002,31,1,15,0.22707654386289183,0.40232177172566413,0.05156375677271584,0.35075801495294834,-5.551115123125783e-17,1,0.0
94,absolute-314382,100002,31,1,15,0.41353285771635434,0.5867895723935289,0.17100942441105457,0.4157801479824743,0.0,1,0.0
94,centered-314382,100002,31,1,15,0.3782919077155716,0.561424564826699,0.14310476744308653,0.41831979738361247,0.0,0,0.0005002501250624318
95,absolute-314380,100002,35,1,5,-0.031276111900803726,0.3537998397054142,0.0009781951756315964,0.3528216445297826,0.0,0,0.25000000000000555
95,centered-314380,100002,35,1,5,0.2620389723777798,0.4044732042738974,0.06866442304480284,0.3358087812290945,0.0,0,0.25000000000000555
95,absolute-314381,100002,35,1,5,0.41424861192703516,0.49570868966254905,0.17160191248347537,0.32410677717907366,0.0,0,0.25000000000000555
95,centered-314381,100002,35,1,5,0.027752961134540753,0.34189072652917735,0.0007702268517353296,0.34112049967744207,-5.551115123125783e-17,0,0.8750000000000028
95,absolute-314382,100002,35,1,5,0.2366283231973675,0.4038354496574487,0.055992963339197815,0.34784248631825093,-5.551115123125783e-17,1,0.0
95,centered-314382,100002,35,1,5,0.21184530198574336,0.39453458525922797,0.0448784319734308,0.3496561532857972,0.0,0,0.5
96,absolute-314380,100002,36,2,4,-0.4060211593430075,0.5408989849477867,0.16485318183423986,0.37604580311354674,5.551115123125783e-17,1,0.0
96,centered-314380,100002,36,2,4,-0.6477698345813485,0.8390538861802633,0.4196057585935476,0.4194481275867157,5.551115123125783e-17,1,0.0
96,absolute-314381,100002,36,2,4,-0.6015280035469266,0.7188854744599,0.36183593905115136,0.35704953540874856,1.1102230246251565e-16,0,0.007070707070707099
96,centered-314381,100002,36,2,4,-0.5175344177666636,0.6693333196108975,0.26784187357307954,0.40149144603781795,0.0,1,0.0
96,absolute-314382,100002,36,2,4,-0.5227019672426911,0.6546473941799149,0.27321734655937935,0.3814300476205355,5.551115123125783e-17,1,0.0
96,centered-314382,100002,36,2,4,-0.4983602983090612,0.6320011604134603,0.24836298693069647,0.3836381734827639,-5.551115123125783e-17,1,0.0
97,absolute-314380,100002,37,3,6,-0.6623583318834744,0.7282231108504872,0.43871855981545876,0.28950455103502837,5.551115123125783e-17,0,0.0018850141376060756
97,centered-314380,100002,37,3,6,-0.40164708148361417,0.4520649988593389,0.161320378064305,0.2907446207950339,0.0,0,0.0018850141376060756
97,absolute-314381,100002,37,3,6,-0.20853845783027428,0.22978560923119093,0.04348828839422908,0.18629732083696185,0.0,0,0.020735155513666413
97,centered-314381,100002,37,3,6,-0.47265395157488604,0.5166481159382365,0.2234017579393547,0.2932463579988817,5.551115123125783e-17,0,0.0018850141376060756
97,absolute-314382,100002,37,3,6,-0.28283235004000284,0.3667050624891459,0.07999413822915069,0.2867109242599953,-5.551115123125783e-17,0,0.0009425070688030796
97,centered-314382,100002,37,3,6,-0.44318480021459283,0.4974734742452966,0.19641276714124856,0.30106070710404803,0.0,0,0.0009425070688030796
98,absolute-314380,100002,38,0,2,-0.001811780035495758,0.5156812284829315,3.2825468970210103e-06,0.5156779459360344,1.1102230246251565e-16,1,0.0
98,centered-314380,100002,38,0,2,-0.12299735099077225,0.61391152471094,0.015128348350747223,0.5987831763601928,-1.1102230246251565e-16,1,0.0
98,absolute-314381,100002,38,0,2,-0.5281674414873123,0.7896735107643214,0.2789608462472535,0.5107126645170678,1.1102230246251565e-16,1,0.0
98,centered-314381,100002,38,0,2,-0.15606002882122993,0.537823512751398,0.024354732595683118,0.5134687801557148,0.0,1,0.0
98,absolute-314382,100002,38,0,2,-0.36547107994556427,0.6625822041842073,0.13356911027657703,0.5290130939076303,0.0,1,0.0
98,centered-314382,100002,38,0,2,-0.2136223390698433,0.5869010190085638,0.045634503749671096,0.5412665152588928,-1.1102230246251565e-16,1,0.0
99,absolute-314380,100002,39,1,3,-0.3115842844623326,0.5080667797125196,0.09708476632390381,0.4109820133886158,-5.551115123125783e-17,1,0.0
99,centered-314380,100002,39,1,3,0.18733799906604007,0.44593965997214347,0.03509552589406763,0.4108441340780759,-5.551115123125783e-17,1,0.0
99,absolute-314381,100002,39,1,3,0.3438262885017446,0.49346754150777533,0.11821651666488493,0.37525102484289036,5.551115123125783e-17,1,0.0
99,centered-314381,100002,39,1,3,-0.16225005982287213,0.40647605561223177,0.026325081912525587,0.3801509736997062,0.0,1,0.0
99,absolute-314382,100002,39,1,3,0.10266572686068727,0.4587003360736616,0.010540251471833243,0.4481600846018283,5.551115123125783e-17,1,0.0
99,centered-314382,100002,39,1,3,0.034463444869046546,0.45860028316393714,0.0011877290322418108,0.45741255413169535,0.0,0,0.0010162601626016044
100,absolute-314380,100002,40,2,2,0.19537851214408875,0.5242840248522729,0.03817276300763783,0.48611126184463505,0.0,1,0.0
100,centered-314380,100002,40,2,2,-0.2756310701370239,0.5944632378665625,0.075972486824881,0.5184907510416815,0.0,1,0.0
100,absolute-314381,100002,40,2,2,-0.5026389062404633,0.691786291897729,0.2526458700666092,0.43914042183111984,-5.551115123125783e-17,1,0.0
100,centered-314381,100002,40,2,2,-0.22667598724365234,0.5195727042866454,0.05138200319288444,0.46819070109376093,0.0,1,0.0
100,absolute-314382,100002,40,2,2,-0.24445869773626328,0.5553312501635804,0.05976005489890973,0.4955711952646707,0.0,1,0.0
100,centered-314382,100002,40,2,2,-0.2228100523352623,0.5340394809015906,0.049644319421642324,0.48439516147994827,0.0,1,0.0
101,absolute-314380,100002,44,2,3,-0.0600949480226561,0.4209718324186343,0.0036114027778457384,0.4173604296407886,-5.551115123125783e-17,0,0.18181818181817888
101,centered-314380,100002,44,2,3,-0.5319696693709418,0.7540663764626926,0.28299172913062914,0.4710746473320635,-5.551115123125783e-17,1,0.0
101,absolute-314381,100002,44,2,3,-0.6452604461799983,0.8437796746379203,0.41636104340441055,0.42741863123350976,-5.551115123125783e-17,0,0.18181818181817888
101,centered-314381,100002,44,2,3,-0.2761170793663387,0.5030145248284531,0.076240641517797,0.4267738833106561,5.551115123125783e-17,0,0.18181818181817888
101,absolute-314382,100002,44,2,3,-0.14933015943476802,0.45794087354620805,0.022299496516813237,0.4356413770293948,0.0,1,0.0
101,centered-314382,100002,44,2,3,-0.2471341954261983,0.5258539012825796,0.061075310548954376,0.4647785907336252,0.0,1,0.0
102,absolute-314380,100002,45,3,9,-0.8205905844947385,0.861032792020566,0.6733689073614166,0.18766388465914946,-5.551115123125783e-17,1,0.0
102,centered-314380,100002,45,3,9,-0.4586913418618196,0.3877008374731256,0.21039774709899664,0.17730309037412892,5.551115123125783e-17,0,0.02897196261682248
102,absolute-314381,100002,45,3,9,-0.27884210217469474,0.18306278187344074,0.0777529179452029,0.10530986392823785,-1.3877787807814457e-17,0,0.02897196261682248
102,centered-314381,100002,45,3,9,-0.5803720241798977,0.5247549989124071,0.3368316864506718,0.18792331246173521,5.551115123125783e-17,0,0.010280373831775732
102,absolute-314382,100002,45,3,9,-0.5633846201182094,0.4895007560351164,0.31740223018573915,0.1720985258493772,2.7755575615628914e-17,0,0.009345794392523414
102,centered-314382,100002,45,3,9,-0.570143572424586,0.49581338656760376,0.3250636931770692,0.17074969339053464,-5.551115123125783e-17,1,0.0
103,absolute-314380,100002,46,0,9,-0.6698707687369991,0.6338291596626895,0.44872684680829816,0.1851023128543914,-8.326672684688674e-17,0,0.0017873100983020966
103,centered-314380,100002,46,0,9,-0.8669294417019859,0.9565703847620127,0.751566656889717,0.2050037278722957,0.0,0,0.02680965147453089
103,absolute-314381,100002,46,0,9,-1.2443265633566023,1.7452848600889745,1.5483485962748524,0.196936263814122,1.1102230246251565e-16,0,0.02680965147453089
103,centered-314381,100002,46,0,9,-0.646496901817571,0.5959905672543937,0.41795824405971804,0.17803232319467574,-8.326672684688674e-17,0,0.002680965147453105
103,absolute-314382,100002,46,0,9,-0.8027461990829483,0.8308191001244389,0.6444014601421205,0.18641763998231856,-1.3877787807814457e-16,1,0.0
103,centered-314382,100002,46,0,9,-0.9364936401562071,1.0715355868850636,0.8770203380530235,0.19451524883204022,-1.3877787807814457e-16,0,0.0017873100983020966
104,absolute-314380,100002,47,1,4,-0.44800741556008733,0.5171808836927297,0.20071064439682879,0.31647023929590096,0.0,1,0.0
104,centered-314380,100002,47,1,4,0.13468846336564594,0.31915108522730384,0.018140982163798947,0.3010101030635049,0.0,1,0.0
104,absolute-314381,100002,47,1,4,0.022508535837741428,0.2329236382100137,0.0005066341855588902,0.23241700402445475,5.551115123125783e-17,1,0.0
104,centered-314381,100002,47,1,4,-0.49086067003571815,0.5337494189325666,0.24094419738791417,0.2928052215446523,5.551115123125783e-17,1,0.0
104,absolute-314382,100002,47,1,4,-0.2895852361563725,0.40909274304902743,0.08385960899974203,0.3252331340492854,0.0,0,0.0020222446916076412
104,centered-314382,100002,47,1,4,-0.05876295424440331,0.3043008412535243,0.003453084791529837,0.30084775646199446,0.0,0,0.006066734074823014
105,absolute-314380,100002,48,2,2,-0.00941777229309082,0.45327607955956817,8.869443496450913e-05,0.4531873851246037,-5.551115123125783e-17,1,0.0
105,centered-314380,100002,48,2,2,-0.5088176131248474,0.7578095424304225,0.2588953634260669,0.49891417900435564,0.0,1,0.0
105,absolute-314381,100002,48,2,2,-0.6556032001972198,0.8972178645554946,0.42981555610883593,0.4674023084466587,-5.551115123125783e-17,1,0.0
105,centered-314381,100002,48,2,2,-0.13891121186316013,0.42439361323458935,0.01929632478129176,0.40509728845329757,0.0,1,0.0
105,absolute-314382,100002,48,2,2,-0.1943004410713911,0.4592217866763448,0.037752661400537124,0.42146912527580765,0.0,1,0.0
105,centered-314382,100002,48,2,2,-0.4963858127593994,0.6637322997005585,0.24639887510880953,0.417333424591749,-5.551115123125783e-17,1,0.0
106,absolute-314380,100002,49,3,3,-0.3621120269174845,0.5174478814597764,0.13112512003828902,0.3863227614214873,5.551115123125783e-17,0,0.0009433962264150743
106,centered-314380,100002,49,3,3,0.15207751193886287,0.38112052269405566,0.02312756963751498,0.35799295305654066,0.0,1,0.0
106,absolute-314381,100002,49,3,3,0.27544732490425594,0.3786586244269316,0.07587122879691073,0.30278739563002083,5.551115123125783e-17,0,0.0009433962264150743
106,centered-314381,100002,49,3,3,-0.16163968941325657,0.3970028802468126,0.02612738919361405,0.37087549105319856,-5.551115123125783e-17,0,0.0009433962264150743
106,absolute-314382,100002,49,3,3,-0.10882276058325879,0.4228216607803886,0.011842393220961263,0.4109792675594273,0.0,1,0.0
106,centered-314382,100002,49,3,3,-0.2039954900816551,0.3999749793330134,0.04161415997365465,0.35836081935935876,0.0,0,0.0009433962264150743
107,absolute-314380,100002,51,1,2,0.11385951697593555,0.4857776507664379,0.012963989605993355,0.47281366116044454,0.0,1,0.0
107,centered-314380,100002,51,1,2,0.44807538390159607,0.6504681753595234,0.2007715496585627,0.4496966257009607,0.0,1,0.0
107,absolute-314381,100002,51,1,2,0.5380249172449112,0.6549307672401095,0.28947081157639354,0.3654599556637159,0.0,1,0.0
107,centered-314381,100002,51,1,2,0.14166191988624632,0.44969867950597076,0.02006809954585727,0.4296305799601135,0.0,1,0.0
107,absolute-314382,100002,51,1,2,0.29497798532247543,0.5654025131031629,0.08701201182490653,0.47839050127825633,5.551115123125783e-17,1,0.0
107,centered-314382,100002,51,1,2,0.3500875160098076,0.5572532945173739,0.12256126886591728,0.43469202565145665,0.0,1,0.0
108,absolute-314380,100002,57,3,2,0.35814133286476146,0.5862926759836182,0.12826521430614787,0.4580274616774704,-5.551115123125783e-17,1,0.0
108,centered-314380,100002,57,3,2,0.5314575135707856,0.751797715464967,0.2824470887308418,0.46935062673412514,5.551115123125783e-17,1,0.0
108,absolute-314381,100002,57,3,2,0.8451636135578157,1.2802165309462281,0.7143015336821048,0.5659149972641233,0.0,1,0.0
108,centered-314381,100002,57,3,2,0.4470324665308,0.6795736768681755,0.1998380261326108,0.4797356507355647,0.0,1,0.0
108,absolute-314382,100002,57,3,2,0.5956455469131471,0.8891885951082907,0.3547936175574621,0.5343949775508285,1.1102230246251565e-16,1,0.0
108,centered-314382,100002,57,3,2,0.6396757364273072,0.9530585931968683,0.40918504777381787,0.5438735454230503,0.0,1,0.0
109,absolute-314380,100002,60,3,15,0.773865156329036,0.6929819879931685,0.5988672801801632,0.09411470781300517,6.938893903907228e-17,1,0.0
109,centered-314380,100002,60,3,15,1.3291525195229652,2.01489966100491,1.7666464201542464,0.2482532408506636,8.326672684688674e-17,1,0.0
109,absolute-314381,100002,60,3,15,1.3238075643965208,1.9959425782753555,1.7524664675534485,0.2434761107219073,-3.0531133177191805e-16,1,0.0
109,centered-314381,100002,60,3,15,1.3023765951582396,1.9405676502583808,1.696184795615969,0.24438285464241208,-2.498001805406602e-16,1,0.0
109,absolute-314382,100002,60,3,15,1.267728375413875,1.8571851118582454,1.6071352338295029,0.2500498780287423,2.7755575615628914e-16,0,0.7438224911749873
109,centered-314382,100002,60,3,15,1.0623372227140866,1.3096460997885082,1.1285603747638788,0.1810857250246292,1.942890293094024e-16,1,0.0
110,absolute-314380,100002,61,0,6,-0.6009436684039732,0.4780254855681038,0.36113329259482446,0.11689219297327928,6.938893903907228e-17,1,0.0
110,centered-314380,100002,61,0,6,-1.116030615568161,1.4667371208858508,1.2455243348854483,0.2212127860004024,1.1102230246251565e-16,1,0.0
110,absolute-314381,100002,61,0,6,-0.8663072804609935,0.8558017996263909,0.7504883041797225,0.10531349544666842,4.163336342344337e-17,1,0.0
110,centered-314381,100002,61,0,6,-0.4207372585932414,0.1997399758758391,0.1770198407685561,0.022720135107283004,1.3877787807814457e-17,1,0.0
110,absolute-314382,100002,61,0,6,-1.0997908631960551,1.4097102473646366,1.2095399427695241,0.20017030459511234,8.326672684688674e-17,1,0.0
110,centered-314382,100002,61,0,6,-1.3345150570074715,2.052399641416213,1.780930437379655,0.27146920403655755,2.7755575615628914e-16,1,0.0
111,absolute-314380,100002,64,0,15,-0.4819061270656954,0.47551402930892356,0.23223351530345818,0.24328051400546535,2.7755575615628914e-17,1,0.0
111,centered-314380,100002,64,0,15,-0.5176489145857862,0.5286578107126991,0.2679603987718426,0.2606974119408566,-5.551115123125783e-17,1,0.0
111,absolute-314381,100002,64,0,15,-0.5578333289725353,0.5777163019765628,0.31117802291258084,0.2665382790639819,0.0,1,0.0
111,centered-314381,100002,64,0,15,-0.5243299634558728,0.5160464420924885,0.2749219105776369,0.2411245315148516,2.7755575615628914e-17,1,0.0
111,absolute-314382,100002,64,0,15,-0.5488471340440483,0.5631293202029454,0.3012331765483655,0.26189614365457986,0.0,1,0.0
111,centered-314382,100002,64,0,15,-0.5654054434401562,0.5878396221762877,0.31968331547175965,0.268156306704528,5.551115123125783e-17,1,0.0
112,absolute-314380,100002,67,0,5,-0.42534302450180056,0.5461691611555181,0.1809166884923393,0.3652524726631786,1.1102230246251565e-16,1,0.0
112,centered-314380,100002,67,0,5,-0.4905646798706055,0.6104509260966584,0.24065370513654963,0.36979722096010886,-5.551115123125783e-17,1,0.0
112,absolute-314381,100002,67,0,5,-0.5301733729934692,0.6594962708373164,0.28108380543127226,0.3784124654060442,0.0,1,0.0
112,centered-314381,100002,67,0,5,-0.48790868497848516,0.5987601754910412,0.23805488487743467,0.36070529061360646,1.1102230246251565e-16,1,0.0
112,absolute-314382,100002,67,0,5,-0.5220993754959107,0.6414822334248524,0.27258775789321993,0.3688944755316326,-1.1102230246251565e-16,1,0.0
112,centered-314382,100002,67,0,5,-0.5500984308815002,0.6869389954036105,0.3026082836582887,0.38433071174532163,1.6653345369377348e-16,1,0.0
113,absolute-314380,100002,70,0,2,-0.892393171787262,1.427764391724302,0.7963655730525296,0.6313988186717725,-2.220446049250313e-16,1,0.0
113,centered-314380,100002,70,0,2,-0.9143657386302948,1.4728766883742763,0.8360647039809246,0.6368119843933517,0.0,1,0.0
113,absolute-314381,100002,70,0,2,-0.9825515449047089,1.605520696853719,0.9654075383946301,0.6401131584590889,0.0,0,1.0
113,centered-314381,100002,70,0,2,-0.9361250102519989,1.5062695679755904,0.876330034819305,0.6299395331562853,1.1102230246251565e-16,1,0.0
113,absolute-314382,100002,70,0,2,-0.9645203649997711,1.5690379212167243,0.9302995344992917,0.6387383867174325,0.0,1,0.0
113,centered-314382,100002,70,0,2,-0.9785329103469849,1.5972812044015166,0.9575266566321403,0.6397545477693763,-1.1102230246251565e-16,1,0.0
114,absolute-314380,100002,72,3,6,0.4159299395912646,0.4835049182752012,0.17299771464839303,0.3105072036268082,-5.551115123125783e-17,0,0.0009813542688911357
114,centered-314380,100002,72,3,6,0.4694704674118518,0.5587417851901686,0.2204025197719026,0.33833926541826603,-5.551115123125783e-17,0,0.0009813542688911357
114,absolute-314381,100002,72,3,6,0.47494015717841775,0.5653828706398043,0.22556815290066015,0.3398147177391442,0.0,0,0.029440628066732158
114,centered-314381,100002,72,3,6,0.44321323061324747,0.5233534052877316,0.1964379677906317,0.32691543749709984,0.0,0,0.029440628066732158
114,absolute-314382,100002,72,3,6,0.4388341667685667,0.5297208738489957,0.1925754259234622,0.3371454479255335,-5.551115123125783e-17,1,0.0
114,centered-314382,100002,72,3,6,0.444300449136273,0.5377377186469855,0.19740288910269388,0.3403348295442916,0.0,0,0.029440628066732158
115,absolute-314380,100002,73,0,2,-0.8507771492004395,1.32138621992739,0.7238217576016268,0.5975644623257631,1.1102230246251565e-16,1,0.0
115,centered-314380,100002,73,0,2,-0.8868118226528168,1.40821140144463,0.786435208796811,0.6217761926478194,-2.220446049250313e-16,1,0.0
115,absolute-314381,100002,73,0,2,-0.9699631929397583,1.563865635791904,0.9408285956578908,0.6230370401340134,-1.1102230246251565e-16,1,0.0
115,centered-314381,100002,73,0,2,-0.9383476674556732,1.491288251033991,0.8804963450195027,0.6107919060144884,0.0,1,0.0
115,absolute-314382,100002,73,0,2,-0.9455819129943848,1.5080191726641887,0.8941251541821202,0.6138940184820685,0.0,1,0.0
115,centered-314382,100002,73,0,2,-0.9859673380851746,1.605626694015829,0.9721315917707649,0.6334951022450641,0.0,1,0.0
116,absolute-314380,100002,75,3,4,0.583340544010618,0.7831174630912627,0.34028619028660373,0.4428312728046591,-1.1102230246251565e-16,1,0.0
116,centered-314380,100002,75,3,4,0.6134620641722467,0.8358005636961748,0.37633570417847373,0.4594648595177013,-1.6653345369377348e-16,1,0.0
116,absolute-314381,100002,75,3,4,0.6168011163725641,0.841283816731371,0.3804436171584413,0.46084019957292977,-1.1102230246251565e-16,0,0.025615763546798096
116,centered-314381,100002,75,3,4,0.5877127980246332,0.7901698736698697,0.34540633296194323,0.44476354070792645,0.0,0,0.025615763546798096
116,absolute-314382,100002,75,3,4,0.5816688870444086,0.7919790805256888,0.3383386941554809,0.4536403863702079,-5.551115123125783e-17,1,0.0
116,centered-314382,100002,75,3,4,0.5808540021433618,0.7906488830510742,0.33739137180596057,0.4532575112451137,-1.1102230246251565e-16,0,0.025615763546798096
117,absolute-314380,100002,77,3,4,1.2483025037527085,2.0036984270233518,1.5582591408752806,0.44543928614807127,-1.1102230246251565e-16,1,0.0
117,centered-314380,100002,77,3,4,1.349121942448616,2.2790936389847,1.820130015596327,0.45896362338837293,0.0,1,0.0
117,absolute-314381,100002,77,3,4,1.355738341140747,2.294408103716797,1.8380264496390648,0.4563816540777324,-5.551115123125783e-17,1,0.0
117,centered-314381,100002,77,3,4,1.207397460269928,1.9030395915247966,1.4578086270662725,0.44523096445852417,0.0,1,0.0
117,absolute-314382,100002,77,3,4,1.2715927355766297,2.0658158272315372,1.6169480851712563,0.4488677420602807,2.220446049250313e-16,1,0.0
117,centered-314382,100002,77,3,4,1.2512244873523712,2.026706756053693,1.5655627177502043,0.4611440383034887,-1.1102230246251565e-16,1,0.0
118,absolute-314380,100003,0,3,337,-0.3533152981902443,0.23856355559350656,0.12483169993526126,0.1137318556582453,0.0,0,0.009693053311793294
118,centered-314380,100003,0,3,337,-0.41999492405510913,0.2957390470456874,0.1763957362320569,0.11934331081363053,-5.551115123125783e-17,0,0.009693053311793294
118,absolute-314381,100003,0,3,337,-0.3297006499929276,0.1796290942579732,0.10870251860575894,0.07092657565221425,0.0,0,0.008077544426494316
118,centered-314381,100003,0,3,337,-0.49078446369159706,0.3351747619915896,0.24086938980104855,0.09430537219054107,-4.163336342344337e-17,0,0.19951534733441037
118,absolute-314382,100003,0,3,337,-0.41429088316564466,0.27605488139936657,0.17163693587416984,0.10441794552519675,-1.3877787807814457e-17,0,0.19830371567043617
118,centered-314382,100003,0,3,337,-0.5129730174771762,0.3348526166759757,0.2631413166596393,0.07171130001633645,-4.163336342344337e-17,0,0.19830371567043617
119,absolute-314380,100003,1,0,25,0.07936542144366944,0.06350797184581056,0.006298870120931265,0.05720910172487929,6.938893903907228e-18,1,0.0
119,centered-314380,100003,1,0,25,0.07755744656403954,0.06678763409662246,0.006015157517533848,0.060772476579088616,-6.938893903907228e-18,1,0.0
119,absolute-314381,100003,1,0,25,0.13432079969295704,0.0732599010759749,0.01804207723015549,0.05521782384581941,0.0,1,0.0
119,centered-314381,100003,1,0,25,0.06658257383243585,0.06012417072596154,0.004433239138151771,0.05569093158780977,-6.938893903907228e-18,1,0.0
119,absolute-314382,100003,1,0,25,0.09893621040829861,0.0703780932211412,0.009788373729955136,0.060589719491186064,6.938893903907228e-18,0,0.6036853685368537
119,centered-314382,100003,1,0,25,0.050356007314710266,0.06393938064222215,0.002535727472679154,0.061403653169543,0.0,1,0.0
120,absolute-314380,100003,2,1,28,-0.5640191597119721,0.41778307256808694,0.3181176125221991,0.09966546004588775,8.326672684688674e-17,0,0.016064257028112462
120,centered-314380,100003,2,1,28,-0.5614807507609366,0.4145363631148909,0.31526063347506506,0.09927572963982591,-6.938893903907228e-17,0,0.027108433734939714
120,absolute-314381,100003,2,1,28,-0.5349449008091968,0.3732227293227727,0.28616604690176134,0.08705668242101132,1.3877787807814457e-17,0,0.00150602409638551
120,centered-314381,100003,2,1,28,-0.580254323646235,0.4347264521185551,0.3366950801101496,0.09803137200840564,-1.3877787807814457e-16,0,0.01405622489959836
120,absolute-314382,100003,2,1,28,-0.5905285021610241,0.4506400561891762,0.3487239118645427,0.10191614432463343,4.163336342344337e-17,0,0.027610441767068308
120,centered-314382,100003,2,1,28,-0.6508226753033648,0.5217903687177435,0.423570154689029,0.09822021402871473,-1.6653345369377348e-16,0,0.2505020080321285
121,absolute-314380,100003,6,1,165,-0.15189482145743213,0.22175620058524018,0.023072036785585184,0.19868416379965498,0.0,0,0.18979591836734688
121,centered-314380,100003,6,1,165,-0.258490709863922,0.2636513493973222,0.06681744708595429,0.1968339023113679,2.7755575615628914e-17,1,0.0
121,absolute-314381,100003,6,1,165,-0.13515858522868343,0.12764012192398058,0.018267843161019284,0.10937227876296128,1.3877787807814457e-17,1,0.0
121,centered-314381,100003,6,1,165,-0.30235961663167865,0.25924166318465774,0.09142133776965569,0.16782032541500208,-2.7755575615628914e-17,0,0.20367346938775505
121,absolute-314382,100003,6,1,165,-0.2891644819887778,0.262433897102944,0.0836160976438382,0.17881779945910578,2.7755575615628914e-17,0,0.18979591836734688
121,centered-314382,100003,6,1,165,-0.36495565023553467,0.2707029176688678,0.1331926266388419,0.13751029103002585,2.7755575615628914e-17,0,0.18979591836734688
122,absolute-314380,100003,7,2,5,-0.2431678940950542,0.463307471209104,0.0591306247186235,0.40417684649048047,0.0,0,0.5908221797323135
122,centered-314380,100003,7,2,5,-0.33478765780465897,0.517217878572949,0.11208277581832943,0.4051351027546196,-5.551115123125783e-17,1,0.0
122,absolute-314381,100003,7,2,5,-0.278950071422255,0.427194398505201,0.07781314234648115,0.34938125615871984,0.0,1,0.0
122,centered-314381,100003,7,2,5,-0.30767191899368757,0.48739363830821525,0.09466200973725825,0.392731628570957,0.0,1,0.0
122,absolute-314382,100003,7,2,5,-0.30076224677624397,0.4775054414821656,0.09045792908589427,0.3870475123962712,1.1102230246251565e-16,1,0.0
122,centered-314382,100003,7,2,5,-0.2808199315740376,0.481488944531207,0.07885983396924717,0.4026291105619598,0.0,1,0.0
123,absolute-314380,100003,9,0,7,-0.319368364218567,0.29773272623377095,0.10199615206364328,0.19573657417012774,-5.551115123125783e-17,1,0.0
123,centered-314380,100003,9,0,7,-0.23865614505053406,0.2644519083187719,0.05695675557038155,0.20749515274839034,2.7755575615628914e-17,0,0.26282390269698575
123,absolute-314381,100003,9,0,7,-0.3004229739265228,0.28222952825142944,0.09025396326285619,0.19197556498857324,2.7755575615628914e-17,0,0.26282390269698575
123,centered-314381,100003,9,0,7,-0.3228116058701361,0.3043332713478929,0.10420733288445608,0.20012593846343682,0.0,1,0.0
123,absolute-314382,100003,9,0,7,-0.25225995949570396,0.26652894398564525,0.0636350871647742,0.2028938568208711,-5.551115123125783e-17,1,0.0
123,centered-314382,100003,9,0,7,-0.24052783626897836,0.2730931812642428,0.05785364002023646,0.2152395412440064,-5.551115123125783e-17,0,0.26282390269698575
124,absolute-314380,100003,13,0,38,-0.06330191765868504,0.4342870605563788,0.00400713277926694,0.4302799277771118,0.0,0,0.012108980827447123
124,centered-314380,100003,13,0,38,0.013596055033609307,0.43600858177297175,0.00018485271247693297,0.4358237290604947,1.1102230246251565e-16,0,0.012108980827447123
124,absolute-314381,100003,13,0,38,0.015718695404392753,0.3028617348942925,0.00024707738521607785,0.30261465750907646,0.0,0,0.011604439959636751
124,centered-314381,100003,13,0,38,-0.08669667715800589,0.4094719886899407,0.0075163138302395,0.40195567485970124,0.0,0,0.011604439959636751
124,absolute-314382,100003,13,0,38,-0.060710861993961,0.3776677239989347,0.0036858087640497784,0.37398191523488494,0.0,0,0.011604439959636751
124,centered-314382,100003,13,0,38,-0.06458999569778533,0.37812599628881916,0.004171867544239927,0.3739541287445793,-5.551115123125783e-17,0,0.011604439959636751
125,absolute-314380,100003,15,2,18,-0.5276826944838623,0.42469935076263626,0.2784490260577491,0.1462503247048871,2.7755575615628914e-17,1,0.0
125,centered-314380,100003,15,2,18,-0.5718219551169865,0.4866707094003546,0.32698034835381296,0.15969036104654166,0.0,1,0.0
125,absolute-314381,100003,15,2,18,-0.49516928421695955,0.35359363110826847,0.24519262003193606,0.1084010110763324,0.0,0,0.0003184713375795545
125,centered-314381,100003,15,2,18,-0.6560664570427327,0.5876766651586115,0.43042319605660384,0.15725346910200777,-1.1102230246251565e-16,1,0.0
125,absolute-314382,100003,15,2,18,-0.6042245098508722,0.5262967425339267,0.3650872583045267,0.1612094842293999,5.551115123125783e-17,1,0.0
125,centered-314382,100003,15,2,18,-0.5999449927996258,0.5198935696455025,0.359933994385343,0.15995957526015941,5.551115123125783e-17,1,0.0
126,absolute-314380,100003,16,3,13,-0.6112810963048385,0.5331710851982178,0.37366457869964526,0.1595065064985726,-8.326672684688674e-17,1,0.0
126,centered-314380,100003,16,3,13,-0.5621349366811607,0.48899832047598696,0.3159956870375325,0.1730026334384545,-5.551115123125783e-17,1,0.0
126,absolute-314381,100003,16,3,13,-0.6395348278375773,0.5255177007304148,0.40900479601723966,0.11651290471317521,-5.551115123125783e-17,1,0.0
126,centered-314381,100003,16,3,13,-0.7353013546994099,0.7137286149194328,0.5406680822227875,0.17306053269664534,0.0,1,0.0
126,absolute-314382,100003,16,3,13,-0.6373448572623043,0.5797128610842065,0.406208467078707,0.1735043940054995,0.0,1,0.0
126,centered-314382,100003,16,3,13,-0.6915796459079362,0.6373520251813102,0.4782824066341464,0.15906961854716384,-5.551115123125783e-17,1,0.0
127,absolute-314380,100003,19,2,2,0.015405798330903053,0.5931719741100733,0.0002373386222124553,0.5929346354878607,1.1102230246251565e-16,1,0.0
127,centered-314380,100003,19,2,2,0.01367377140559256,0.6523510605266853,0.00018697202445240075,0.652164088502233,0.0,0,1.0
127,absolute-314381,100003,19,2,2,-0.0045629218220710754,0.37472873279014407,2.0820255554332423e-05,0.37470791253458974,0.0,1,0.0
127,centered-314381,100003,19,2,2,-0.0556731978431344,0.5982292880350285,0.003099504958080785,0.5951297830769477,0.0,1,0.0
127,absolute-314382,100003,19,2,2,0.035940193105489016,0.6070518569938823,0.0012916974804598402,0.6057601595134224,0.0,1,0.0
127,centered-314382,100003,19,2,2,-0.0014433227479457855,0.6169851730023803,2.0831805547377735e-06,0.6169830898218257,-1.1102230246251565e-16,1,0.0
