job,wave,start,objective,n,positive,negative,positive_weight,negative_weight,single_class,loss
ordinary-314511,1,0,ordinary,177,0,177,0.0,1.0,True,0.8119940757751465
ordinary-314511,2,0,ordinary,109,61,48,1.0,1.0,False,1.1184154748916626
ordinary-314511,3,0,ordinary,109,109,0,1.0,0.0,True,1.5390788316726685
ordinary-314511,4,0,ordinary,102,0,102,0.0,1.0,True,0.6560088992118835
ordinary-314511,5,0,ordinary,192,0,192,0.0,1.0,True,0.6694368124008179
ordinary-314511,6,0,ordinary,102,54,48,1.0,1.0,False,1.059491753578186
ordinary-314511,7,0,ordinary,120,84,36,1.0,1.0,False,1.194380521774292
ordinary-314511,8,0,ordinary,94,0,94,0.0,1.0,True,0.6445677280426025
ordinary-314511,9,0,ordinary,208,54,154,1.0,1.0,False,0.8414241075515747
ordinary-314511,10,0,ordinary,99,0,99,0.0,1.0,True,0.6133298277854919
ordinary-314511,11,0,ordinary,112,112,0,1.0,0.0,True,1.5085160732269287
ordinary-314511,12,0,ordinary,92,0,92,0.0,1.0,True,0.5724267363548279
ordinary-314511,13,0,ordinary,193,0,193,0.0,1.0,True,0.5626646876335144
ordinary-314511,14,0,ordinary,94,0,94,0.0,1.0,True,0.5310208797454834
ordinary-314511,15,0,ordinary,119,119,0,1.0,0.0,True,1.6632542610168457
ordinary-314511,16,0,ordinary,100,0,100,0.0,1.0,True,0.49148526787757874
ordinary-314511,17,0,ordinary,241,52,189,1.0,1.0,False,0.7385808825492859
ordinary-314511,18,0,ordinary,103,0,103,0.0,1.0,True,0.435026079416275
ordinary-314511,19,0,ordinary,109,83,26,1.0,1.0,False,1.4893711805343628
ordinary-314511,20,0,ordinary,93,0,93,0.0,1.0,True,0.381075918674469
ordinary-314511,21,0,ordinary,205,51,154,1.0,1.0,False,0.7616179585456848
ordinary-314511,22,0,ordinary,107,52,55,1.0,1.0,False,1.1286060810089111
ordinary-314511,23,0,ordinary,110,110,0,1.0,0.0,True,1.9177335500717163
ordinary-314511,24,0,ordinary,90,0,90,0.0,1.0,True,0.34446069598197937
ordinary-314511,25,0,ordinary,203,0,203,0.0,1.0,True,0.37115177512168884
ordinary-314511,26,0,ordinary,96,25,71,1.0,1.0,False,0.7622262835502625
ordinary-314511,27,0,ordinary,109,78,31,1.0,1.0,False,1.4808725118637085
ordinary-314511,28,0,ordinary,101,0,101,0.0,1.0,True,0.33205896615982056
ordinary-314511,29,0,ordinary,210,0,210,0.0,1.0,True,0.34779131412506104
ordinary-314511,30,0,ordinary,90,49,41,1.0,1.0,False,1.2625726461410522
ordinary-314511,31,0,ordinary,130,130,0,1.0,0.0,True,1.9558112621307373
ordinary-314511,32,0,ordinary,106,0,106,0.0,1.0,True,0.3438645601272583
ordinary-314511,33,0,ordinary,201,0,201,0.0,1.0,True,0.3378975987434387
ordinary-314511,34,0,ordinary,103,0,103,0.0,1.0,True,0.3454323709011078
ordinary-314511,35,0,ordinary,128,128,0,1.0,0.0,True,1.9028700590133667
ordinary-314511,36,0,ordinary,92,0,92,0.0,1.0,True,0.3524620234966278
ordinary-314511,37,0,ordinary,222,68,154,1.0,1.0,False,0.8314324617385864
ordinary-314511,38,0,ordinary,106,0,106,0.0,1.0,True,0.3572322130203247
ordinary-314511,39,0,ordinary,117,117,0,1.0,0.0,True,1.8352808952331543
ordinary-314511,40,0,ordinary,105,0,105,0.0,1.0,True,0.37848934531211853
ordinary-314511,41,0,ordinary,210,0,210,0.0,1.0,True,0.3644239902496338
ordinary-314511,42,0,ordinary,109,28,81,1.0,1.0,False,0.771179735660553
ordinary-314511,43,0,ordinary,106,78,28,1.0,1.0,False,1.4380674362182617
ordinary-314511,44,0,ordinary,102,0,102,0.0,1.0,True,0.35415875911712646
ordinary-314511,45,0,ordinary,237,0,237,0.0,1.0,True,0.3264555335044861
ordinary-314511,46,0,ordinary,106,84,22,1.0,1.0,False,1.6461209058761597
ordinary-314511,47,0,ordinary,115,115,0,1.0,0.0,True,1.8576525449752808
ordinary-314511,48,0,ordinary,117,0,117,0.0,1.0,True,0.3476942181587219
ordinary-314511,49,0,ordinary,226,0,226,0.0,1.0,True,0.4015367329120636
ordinary-314511,50,0,ordinary,95,0,95,0.0,1.0,True,0.36460697650909424
ordinary-314511,51,0,ordinary,109,109,0,1.0,0.0,True,1.7184442281723022
ordinary-314511,52,0,ordinary,97,24,73,1.0,1.0,False,0.7136263251304626
ordinary-314511,53,0,ordinary,251,0,251,0.0,1.0,True,0.36967116594314575
ordinary-314511,54,0,ordinary,108,53,55,1.0,1.0,False,1.065812587738037
ordinary-314511,55,0,ordinary,116,116,0,1.0,0.0,True,1.6520472764968872
ordinary-314511,56,0,ordinary,95,0,95,0.0,1.0,True,0.41558003425598145
ordinary-314511,57,0,ordinary,218,74,144,1.0,1.0,False,0.8445598483085632
ordinary-314511,58,0,ordinary,108,79,29,1.0,1.0,False,1.3835783004760742
ordinary-314511,59,0,ordinary,104,104,0,1.0,0.0,True,1.4749512672424316
ordinary-314511,60,0,ordinary,93,28,65,1.0,1.0,False,0.799522340297699
ordinary-314511,61,0,ordinary,232,0,232,0.0,1.0,True,0.6158696413040161
ordinary-314511,62,0,ordinary,105,0,105,0.0,1.0,True,0.6337631940841675
ordinary-314511,63,0,ordinary,111,111,0,1.0,0.0,True,1.3338145017623901
ordinary-314511,64,0,ordinary,100,20,80,1.0,1.0,False,0.7212931513786316
ordinary-314511,65,0,ordinary,205,0,205,0.0,1.0,True,0.5708751678466797
ordinary-314511,66,0,ordinary,88,0,88,0.0,1.0,True,0.5946694612503052
ordinary-314511,67,0,ordinary,109,76,33,1.0,1.0,False,1.149564504623413
ordinary-314511,68,0,ordinary,104,31,73,1.0,1.0,False,0.7559304237365723
ordinary-314511,69,0,ordinary,210,0,210,0.0,1.0,True,0.44976598024368286
ordinary-314511,70,0,ordinary,88,0,88,0.0,1.0,True,0.4642346203327179
ordinary-314511,71,0,ordinary,125,92,33,1.0,1.0,False,1.2831614017486572
ordinary-314511,72,0,ordinary,102,0,102,0.0,1.0,True,0.2858014404773712
ordinary-314511,73,0,ordinary,212,0,212,0.0,1.0,True,0.23750346899032593
ordinary-314511,74,0,ordinary,107,52,55,1.0,1.0,False,1.234285831451416
ordinary-314511,75,0,ordinary,126,91,35,1.0,1.0,False,1.5244113206863403
ordinary-314511,76,0,ordinary,102,0,102,0.0,1.0,True,0.20380723476409912
ordinary-314511,77,0,ordinary,218,0,218,0.0,1.0,True,0.17751747369766235
ordinary-314511,78,0,ordinary,95,25,70,1.0,1.0,False,0.7048258781433105
ordinary-314511,79,0,ordinary,104,74,30,1.0,1.0,False,1.5981730222702026
ordinary-314511,80,0,ordinary,102,0,102,0.0,1.0,True,0.19808216392993927
ordinary-314511,81,0,ordinary,212,0,212,0.0,1.0,True,0.19487082958221436
ordinary-314511,82,0,ordinary,107,80,27,1.0,1.0,False,1.8080500364303589
ordinary-314511,83,0,ordinary,128,96,32,1.0,1.0,False,1.65580153465271
ordinary-314511,84,0,ordinary,95,0,95,0.0,1.0,True,0.20910097658634186
ordinary-314511,85,0,ordinary,215,56,159,1.0,1.0,False,0.7328466773033142
ordinary-314511,86,0,ordinary,99,26,73,1.0,1.0,False,0.712522566318512
ordinary-314511,87,0,ordinary,114,114,0,1.0,0.0,True,1.6772295236587524
ordinary-314511,88,0,ordinary,92,0,92,0.0,1.0,True,0.32937780022621155
ordinary-314511,89,0,ordinary,208,63,145,1.0,1.0,False,0.8347102403640747
ordinary-314511,90,0,ordinary,95,25,70,1.0,1.0,False,0.727821946144104
ordinary-314511,91,0,ordinary,121,121,0,1.0,0.0,True,1.428276777267456
ordinary-314511,92,0,ordinary,104,0,104,0.0,1.0,True,0.4429645240306854
ordinary-314511,93,0,ordinary,209,66,143,1.0,1.0,False,0.817859947681427
ordinary-314511,94,0,ordinary,106,0,106,0.0,1.0,True,0.5901432633399963
ordinary-314511,95,0,ordinary,136,136,0,1.0,0.0,True,1.1955323219299316
ordinary-314511,96,0,ordinary,83,0,83,0.0,1.0,True,0.5120437145233154
ordinary-314511,97,0,ordinary,240,0,240,0.0,1.0,True,0.5661408305168152
ordinary-314511,98,0,ordinary,117,30,87,1.0,1.0,False,0.894534170627594
ordinary-314511,99,0,ordinary,116,85,31,1.0,1.0,False,1.0571881532669067
ordinary-314511,100,0,ordinary,100,0,100,0.0,1.0,True,0.4360555112361908
ordinary-314511,101,0,ordinary,213,0,213,0.0,1.0,True,0.45778688788414
ordinary-314511,102,0,ordinary,114,27,87,1.0,1.0,False,0.7970209121704102
ordinary-314511,103,0,ordinary,106,106,0,1.0,0.0,True,1.5021616220474243
ordinary-314511,104,0,ordinary,103,24,79,1.0,1.0,False,0.6784439086914062
ordinary-314511,105,0,ordinary,203,0,203,0.0,1.0,True,0.2841528058052063
ordinary-314511,106,0,ordinary,92,49,43,1.0,1.0,False,1.2058886289596558
ordinary-314511,107,0,ordinary,98,98,0,1.0,0.0,True,1.5241676568984985
ordinary-314511,108,0,ordinary,99,21,78,1.0,1.0,False,0.7322401404380798
ordinary-314511,109,0,ordinary,205,0,205,0.0,1.0,True,0.28254398703575134
ordinary-314511,110,0,ordinary,105,29,76,1.0,1.0,False,0.7705024480819702
ordinary-314511,111,0,ordinary,106,71,35,1.0,1.0,False,1.064575433731079
ordinary-314511,112,0,ordinary,97,0,97,0.0,1.0,True,0.24798566102981567
ordinary-314511,113,0,ordinary,229,56,173,1.0,1.0,False,0.6020525693893433
ordinary-314511,114,0,ordinary,99,55,44,1.0,1.0,False,1.2071892023086548
ordinary-314511,115,0,ordinary,116,83,33,1.0,1.0,False,1.227961540222168
ordinary-314511,116,0,ordinary,96,0,96,0.0,1.0,True,0.4578389525413513
ordinary-314511,117,0,ordinary,222,0,222,0.0,1.0,True,0.4889935553073883
ordinary-314511,118,0,ordinary,110,31,79,1.0,1.0,False,0.7575342655181885
ordinary-314511,119,0,ordinary,127,127,0,1.0,0.0,True,1.302341103553772
ordinary-314511,120,0,ordinary,112,0,112,0.0,1.0,True,0.40440696477890015
ordinary-314511,121,0,ordinary,214,119,95,1.0,1.0,False,0.8577740788459778
ordinary-314511,122,0,ordinary,113,0,113,0.0,1.0,True,0.46852821111679077
ordinary-314511,123,0,ordinary,125,125,0,1.0,0.0,True,1.1884382963180542
ordinary-314511,124,0,ordinary,101,0,101,0.0,1.0,True,0.3448304235935211
ordinary-314511,125,0,ordinary,219,0,219,0.0,1.0,True,0.4736621379852295
ordinary-314511,126,0,ordinary,107,55,52,1.0,1.0,False,0.8767610192298889
ordinary-314511,127,0,ordinary,122,92,30,1.0,1.0,False,1.0374886989593506
ordinary-314511,128,0,ordinary,97,23,74,1.0,1.0,False,0.7008227705955505
ordinary-314511,129,0,ordinary,223,63,160,1.0,1.0,False,0.70976722240448
ordinary-314511,130,0,ordinary,102,24,78,1.0,1.0,False,0.7040364146232605
ordinary-314511,131,0,ordinary,128,128,0,1.0,0.0,True,1.1961166858673096
ordinary-314511,132,0,ordinary,115,0,115,0.0,1.0,True,0.45071348547935486
ordinary-314511,133,0,ordinary,184,0,184,0.0,1.0,True,0.31536632776260376
ordinary-314511,134,0,ordinary,112,83,29,1.0,1.0,False,1.181666612625122
ordinary-314511,135,0,ordinary,131,97,34,1.0,1.0,False,0.8795021772384644
ordinary-314511,136,0,ordinary,93,24,69,1.0,1.0,False,0.6999319791793823
ordinary-314511,137,0,ordinary,239,66,173,1.0,1.0,False,0.6890867948532104
ordinary-314511,138,0,ordinary,101,45,56,1.0,1.0,False,0.9262608885765076
ordinary-314511,139,0,ordinary,116,116,0,1.0,0.0,True,0.7502356171607971
ordinary-314511,140,0,ordinary,91,0,91,0.0,1.0,True,0.6210024356842041
ordinary-314511,141,0,ordinary,228,76,152,1.0,1.0,False,0.7614454627037048
ordinary-314511,142,0,ordinary,90,55,35,1.0,1.0,False,0.723809003829956
ordinary-314511,143,0,ordinary,126,91,35,1.0,1.0,False,0.8420366048812866
ordinary-314511,144,0,ordinary,101,0,101,0.0,1.0,True,0.6591736078262329
ordinary-314511,145,0,ordinary,212,0,212,0.0,1.0,True,0.92095547914505
ordinary-314511,146,0,ordinary,119,60,59,1.0,1.0,False,1.026977300643921
ordinary-314511,147,0,ordinary,126,126,0,1.0,0.0,True,0.8567031621932983
ordinary-314511,148,0,ordinary,97,0,97,0.0,1.0,True,0.32383349537849426
ordinary-314511,149,0,ordinary,168,0,168,0.0,1.0,True,0.19420461356639862
ordinary-314511,150,0,ordinary,105,34,71,1.0,1.0,False,0.8880370259284973
ordinary-314511,151,0,ordinary,108,108,0,1.0,0.0,True,1.5094037055969238
ordinary-314511,152,0,ordinary,103,20,83,1.0,1.0,False,0.7838991284370422
ordinary-314511,153,0,ordinary,219,0,219,0.0,1.0,True,0.13567370176315308
ordinary-314511,154,0,ordinary,120,34,86,1.0,1.0,False,0.7239639163017273
ordinary-314511,155,0,ordinary,113,82,31,1.0,1.0,False,0.8250977993011475
ordinary-314511,156,0,ordinary,94,0,94,0.0,1.0,True,0.35857632756233215
ordinary-314511,157,0,ordinary,196,0,196,0.0,1.0,True,0.21970106661319733
ordinary-314511,158,0,ordinary,110,0,110,0.0,1.0,True,0.28569933772087097
ordinary-314511,159,0,ordinary,128,128,0,1.0,0.0,True,1.2453739643096924
ordinary-314511,160,0,ordinary,114,0,114,0.0,1.0,True,0.3004213869571686
ordinary-314511,161,0,ordinary,226,120,106,1.0,1.0,False,1.1254562139511108
ordinary-314511,162,0,ordinary,104,84,20,1.0,1.0,False,1.310498833656311
ordinary-314511,163,0,ordinary,129,100,29,1.0,1.0,False,0.9421201348304749
ordinary-314511,164,0,ordinary,106,0,106,0.0,1.0,True,0.3615759015083313
ordinary-314511,165,0,ordinary,219,44,175,1.0,1.0,False,0.7913283109664917
ordinary-314511,166,0,ordinary,110,61,49,1.0,1.0,False,1.081732153892517
ordinary-314511,167,0,ordinary,129,96,33,1.0,1.0,False,0.9578922986984253
ordinary-314511,168,0,ordinary,114,0,114,0.0,1.0,True,1.0763779878616333
ordinary-314511,169,0,ordinary,227,115,112,1.0,1.0,False,1.0750126838684082
ordinary-314511,170,0,ordinary,102,26,76,1.0,1.0,False,0.8844561576843262
ordinary-314511,171,0,ordinary,110,110,0,1.0,0.0,True,0.6069115996360779
ordinary-314511,172,0,ordinary,116,0,116,0.0,1.0,True,0.45314908027648926
ordinary-314511,173,0,ordinary,247,51,196,1.0,1.0,False,1.0186737775802612
ordinary-314511,174,0,ordinary,100,35,65,1.0,1.0,False,0.6715657114982605
ordinary-314511,175,0,ordinary,145,72,73,1.0,1.0,False,0.688121497631073
ordinary-314511,176,0,ordinary,102,0,102,0.0,1.0,True,0.23332540690898895
ordinary-314511,177,0,ordinary,256,73,183,1.0,1.0,False,0.8866513967514038
ordinary-314511,177,256,ordinary,7,0,7,0.0,1.0,True,0.19103077054023743
ordinary-314511,178,0,ordinary,99,24,75,1.0,1.0,False,0.6421017050743103
ordinary-314511,179,0,ordinary,123,26,97,1.0,1.0,False,0.6530251502990723
ordinary-314511,180,0,ordinary,98,28,70,1.0,1.0,False,0.6541290879249573
ordinary-314511,181,0,ordinary,182,0,182,0.0,1.0,True,0.0642194151878357
ordinary-314511,182,0,ordinary,97,27,70,1.0,1.0,False,0.9481411576271057
ordinary-314511,183,0,ordinary,124,124,0,1.0,0.0,True,2.268251419067383
ordinary-314511,184,0,ordinary,90,0,90,0.0,1.0,True,0.057810891419649124
ordinary-314511,185,0,ordinary,227,0,227,0.0,1.0,True,0.05673297122120857
ordinary-314511,186,0,ordinary,101,27,74,1.0,1.0,False,0.8355082869529724
ordinary-314511,187,0,ordinary,127,127,0,1.0,0.0,True,1.865493893623352
ordinary-314511,188,0,ordinary,84,0,84,0.0,1.0,True,0.10359722375869751
ordinary-314511,189,0,ordinary,251,0,251,0.0,1.0,True,0.13348133862018585
ordinary-314511,190,0,ordinary,110,87,23,1.0,1.0,False,1.394141435623169
ordinary-314511,191,0,ordinary,139,139,0,1.0,0.0,True,0.9507164359092712
ordinary-314511,192,0,ordinary,105,0,105,0.0,1.0,True,0.41757237911224365
ordinary-314511,193,0,ordinary,243,0,243,0.0,1.0,True,0.5679683685302734
ordinary-314511,194,0,ordinary,112,49,63,1.0,1.0,False,0.9029805660247803
ordinary-314511,195,0,ordinary,121,121,0,1.0,0.0,True,0.6935083866119385
ordinary-314511,196,0,ordinary,113,0,113,0.0,1.0,True,0.6419954299926758
ordinary-314511,197,0,ordinary,248,62,186,1.0,1.0,False,0.6721179485321045
ordinary-314511,198,0,ordinary,95,28,67,1.0,1.0,False,0.8775599002838135
ordinary-314511,199,0,ordinary,129,129,0,1.0,0.0,True,0.7785456776618958
ordinary-314511,200,0,ordinary,102,0,102,0.0,1.0,True,0.5557541251182556
ordinary-314511,201,0,ordinary,221,0,221,0.0,1.0,True,0.6123775839805603
ordinary-314511,202,0,ordinary,92,0,92,0.0,1.0,True,0.5522969365119934
ordinary-314511,203,0,ordinary,127,127,0,1.0,0.0,True,0.6548646688461304
ordinary-314511,204,0,ordinary,116,0,116,0.0,1.0,True,0.4310414493083954
ordinary-314511,205,0,ordinary,230,64,166,1.0,1.0,False,0.6500874757766724
ordinary-314511,206,0,ordinary,121,56,65,1.0,1.0,False,0.8873710632324219
ordinary-314511,207,0,ordinary,120,120,0,1.0,0.0,True,0.9324413537979126
ordinary-314511,208,0,ordinary,94,28,66,1.0,1.0,False,0.49228841066360474
ordinary-314511,209,0,ordinary,204,55,149,1.0,1.0,False,0.6768324971199036
ordinary-314511,210,0,ordinary,104,22,82,1.0,1.0,False,0.5009539127349854
ordinary-314511,211,0,ordinary,119,119,0,1.0,0.0,True,0.8695927858352661
ordinary-314511,212,0,ordinary,102,21,81,1.0,1.0,False,0.6500383615493774
ordinary-314511,213,0,ordinary,190,0,190,0.0,1.0,True,0.263348788022995
ordinary-314511,214,0,ordinary,111,63,48,1.0,1.0,False,1.1352235078811646
ordinary-314511,215,0,ordinary,122,122,0,1.0,0.0,True,0.6986873149871826
ordinary-314511,216,0,ordinary,100,0,100,0.0,1.0,True,0.4780817925930023
ordinary-314511,217,0,ordinary,206,61,145,1.0,1.0,False,0.6308977603912354
ordinary-314511,218,0,ordinary,87,24,63,1.0,1.0,False,0.7864955067634583
ordinary-314511,219,0,ordinary,122,122,0,1.0,0.0,True,0.44996458292007446
ordinary-314511,220,0,ordinary,95,0,95,0.0,1.0,True,0.5535664558410645
ordinary-314511,221,0,ordinary,213,0,213,0.0,1.0,True,0.7724645137786865
ordinary-314511,222,0,ordinary,95,25,70,1.0,1.0,False,0.9205423593521118
ordinary-314511,223,0,ordinary,115,115,0,1.0,0.0,True,0.8127073645591736
ordinary-314511,224,0,ordinary,106,0,106,0.0,1.0,True,0.4308154582977295
ordinary-314511,225,0,ordinary,199,52,147,1.0,1.0,False,0.6378004550933838
ordinary-314511,226,0,ordinary,105,29,76,1.0,1.0,False,0.4693715572357178
ordinary-314511,227,0,ordinary,120,120,0,1.0,0.0,True,0.7518827319145203
ordinary-314511,228,0,ordinary,86,0,86,0.0,1.0,True,0.10066553205251694
ordinary-314511,229,0,ordinary,221,59,162,1.0,1.0,False,0.7063691020011902
ordinary-314511,230,0,ordinary,107,30,77,1.0,1.0,False,0.7188221216201782
ordinary-314511,231,0,ordinary,120,120,0,1.0,0.0,True,0.671402096748352
ordinary-314511,232,0,ordinary,90,0,90,0.0,1.0,True,0.18238091468811035
ordinary-314511,233,0,ordinary,216,50,166,1.0,1.0,False,0.6213420033454895
ordinary-314511,234,0,ordinary,94,0,94,0.0,1.0,True,0.4140472412109375
ordinary-314511,235,0,ordinary,127,127,0,1.0,0.0,True,0.7597638368606567
ordinary-314511,236,0,ordinary,100,0,100,0.0,1.0,True,0.23586413264274597
ordinary-314511,237,0,ordinary,198,0,198,0.0,1.0,True,0.2666842043399811
ordinary-314511,238,0,ordinary,98,47,51,1.0,1.0,False,1.0581804513931274
ordinary-314511,239,0,ordinary,122,91,31,1.0,1.0,False,0.7814332842826843
ordinary-314511,240,0,ordinary,94,0,94,0.0,1.0,True,0.17365649342536926
ordinary-314511,241,0,ordinary,194,0,194,0.0,1.0,True,0.18293365836143494
ordinary-314511,242,0,ordinary,109,29,80,1.0,1.0,False,0.8219943046569824
ordinary-314511,243,0,ordinary,134,99,35,1.0,1.0,False,0.6757659912109375
ordinary-314511,244,0,ordinary,81,0,81,0.0,1.0,True,0.1424458920955658
ordinary-314511,245,0,ordinary,216,0,216,0.0,1.0,True,0.10650070756673813
ordinary-314511,246,0,ordinary,97,26,71,1.0,1.0,False,0.738052487373352
ordinary-314511,247,0,ordinary,125,125,0,1.0,0.0,True,1.4202759265899658
ordinary-314511,248,0,ordinary,93,28,65,1.0,1.0,False,0.7423985600471497
ordinary-314511,249,0,ordinary,218,54,164,1.0,1.0,False,0.6352090835571289
ordinary-314511,250,0,ordinary,115,59,56,1.0,1.0,False,0.8819326758384705
ordinary-314511,251,0,ordinary,122,88,34,1.0,1.0,False,0.9128522276878357
ordinary-314511,252,0,ordinary,111,0,111,0.0,1.0,True,0.26321110129356384
ordinary-314511,253,0,ordinary,221,0,221,0.0,1.0,True,0.2450360357761383
ordinary-314511,254,0,ordinary,115,89,26,1.0,1.0,False,1.3212108612060547
ordinary-314511,255,0,ordinary,126,126,0,1.0,0.0,True,0.2496020793914795
ordinary-314511,256,0,ordinary,112,0,112,0.0,1.0,True,1.3092067241668701
ordinary-314511,257,0,ordinary,218,0,218,0.0,1.0,True,0.7673754096031189
ordinary-314511,258,0,ordinary,101,0,101,0.0,1.0,True,0.9893344044685364
ordinary-314511,259,0,ordinary,117,92,25,1.0,1.0,False,0.6381645798683167
ordinary-314511,260,0,ordinary,93,25,68,1.0,1.0,False,0.9727489352226257
ordinary-314511,261,0,ordinary,228,0,228,0.0,1.0,True,0.19250239431858063
ordinary-314511,262,0,ordinary,120,97,23,1.0,1.0,False,1.3536818027496338
ordinary-314511,263,0,ordinary,125,125,0,1.0,0.0,True,0.751571774482727
ordinary-314511,264,0,ordinary,91,0,91,0.0,1.0,True,0.09210320562124252
ordinary-314511,265,0,ordinary,196,118,78,1.0,1.0,False,1.4005942344665527
ordinary-314511,266,0,ordinary,95,28,67,1.0,1.0,False,0.7990407347679138
ordinary-314511,267,0,ordinary,110,110,0,1.0,0.0,True,1.0861486196517944
ordinary-314511,268,0,ordinary,107,0,107,0.0,1.0,True,0.12555083632469177
ordinary-314511,269,0,ordinary,220,0,220,0.0,1.0,True,0.32712873816490173
ordinary-314511,270,0,ordinary,102,80,22,1.0,1.0,False,1.124112606048584
ordinary-314511,271,0,ordinary,119,119,0,1.0,0.0,True,0.4193246364593506
ordinary-314511,272,0,ordinary,91,0,91,0.0,1.0,True,0.32462698221206665
ordinary-314511,273,0,ordinary,224,0,224,0.0,1.0,True,0.6529619097709656
ordinary-314511,274,0,ordinary,110,55,55,1.0,1.0,False,0.8168298602104187
ordinary-314511,275,0,ordinary,127,92,35,1.0,1.0,False,0.8511620163917542
ordinary-314511,276,0,ordinary,118,0,118,0.0,1.0,True,0.5732500553131104
ordinary-314511,277,0,ordinary,214,0,214,0.0,1.0,True,0.4831969439983368
ordinary-314511,278,0,ordinary,107,57,50,1.0,1.0,False,1.030118703842163
ordinary-314511,279,0,ordinary,138,99,39,1.0,1.0,False,0.5649681687355042
ordinary-314511,280,0,ordinary,89,0,89,0.0,1.0,True,0.425280898809433
ordinary-314511,281,0,ordinary,206,0,206,0.0,1.0,True,0.3788553774356842
ordinary-314511,282,0,ordinary,105,0,105,0.0,1.0,True,0.2200291007757187
ordinary-314511,283,0,ordinary,116,54,62,1.0,1.0,False,1.0887259244918823
ordinary-314511,284,0,ordinary,99,0,99,0.0,1.0,True,0.11558955907821655
ordinary-314511,285,0,ordinary,231,63,168,1.0,1.0,False,0.8782078623771667
ordinary-314511,286,0,ordinary,90,22,68,1.0,1.0,False,0.7772222757339478
ordinary-314511,287,0,ordinary,132,132,0,1.0,0.0,True,2.4549169540405273
ordinary-314511,288,0,ordinary,110,31,79,1.0,1.0,False,0.8419069647789001
ordinary-314511,289,0,ordinary,203,0,203,0.0,1.0,True,0.07493504881858826
ordinary-314511,290,0,ordinary,103,55,48,1.0,1.0,False,1.6361926794052124
ordinary-314511,291,0,ordinary,118,94,24,1.0,1.0,False,1.942952275276184
ordinary-314511,292,0,ordinary,88,0,88,0.0,1.0,True,0.05080512538552284
ordinary-314511,293,0,ordinary,181,51,130,1.0,1.0,False,0.9115228056907654
ordinary-314511,294,0,ordinary,110,28,82,1.0,1.0,False,0.7060666084289551
ordinary-314511,295,0,ordinary,118,118,0,1.0,0.0,True,1.7026537656784058
ordinary-314511,296,0,ordinary,91,0,91,0.0,1.0,True,0.11220060288906097
ordinary-314511,297,0,ordinary,226,0,226,0.0,1.0,True,0.22196218371391296
ordinary-314511,298,0,ordinary,95,0,95,0.0,1.0,True,0.3015279471874237
ordinary-314511,299,0,ordinary,142,142,0,1.0,0.0,True,0.8038175106048584
ordinary-314511,300,0,ordinary,97,27,70,1.0,1.0,False,0.8082665205001831
ordinary-314511,301,0,ordinary,182,93,89,1.0,1.0,False,1.1081219911575317
ordinary-314511,302,0,ordinary,112,26,86,1.0,1.0,False,0.6540364027023315
ordinary-314511,303,0,ordinary,142,105,37,1.0,1.0,False,0.6906189322471619
ordinary-314511,304,0,ordinary,99,24,75,1.0,1.0,False,0.8436079025268555
ordinary-314511,305,0,ordinary,256,135,121,1.0,1.0,False,0.945522665977478
ordinary-314511,305,256,ordinary,4,1,3,1.0,1.0,False,0.7091602087020874
ordinary-314511,306,0,ordinary,105,26,79,1.0,1.0,False,0.7828699946403503
ordinary-314511,307,0,ordinary,143,143,0,1.0,0.0,True,0.4775411784648895
ordinary-314511,308,0,ordinary,93,0,93,0.0,1.0,True,0.46511685848236084
ordinary-314511,309,0,ordinary,239,56,183,1.0,1.0,False,0.7235954999923706
ordinary-314511,310,0,ordinary,105,61,44,1.0,1.0,False,0.8052681088447571
ordinary-314511,311,0,ordinary,126,126,0,1.0,0.0,True,0.5060354471206665
ordinary-314511,312,0,ordinary,114,0,114,0.0,1.0,True,0.7998137474060059
ordinary-314511,313,0,ordinary,189,0,189,0.0,1.0,True,0.636588990688324
ordinary-314511,314,0,ordinary,98,76,22,1.0,1.0,False,0.9807902574539185
ordinary-314511,315,0,ordinary,112,78,34,1.0,1.0,False,1.0631086826324463
ordinary-314511,316,0,ordinary,101,27,74,1.0,1.0,False,1.0095221996307373
ordinary-314511,317,0,ordinary,204,0,204,0.0,1.0,True,0.5158981084823608
ordinary-314511,318,0,ordinary,114,63,51,1.0,1.0,False,0.927762508392334
ordinary-314511,319,0,ordinary,146,111,35,1.0,1.0,False,0.7032194137573242
ordinary-314511,320,0,ordinary,92,0,92,0.0,1.0,True,0.4347221553325653
ordinary-314511,321,0,ordinary,214,119,95,1.0,1.0,False,0.9646012187004089
ordinary-314511,322,0,ordinary,98,0,98,0.0,1.0,True,0.5998966097831726
ordinary-314511,323,0,ordinary,129,97,32,1.0,1.0,False,0.9028539061546326
ordinary-314511,324,0,ordinary,102,26,76,1.0,1.0,False,0.6150524020195007
ordinary-314511,325,0,ordinary,202,52,150,1.0,1.0,False,0.6877490878105164
ordinary-314511,326,0,ordinary,106,55,51,1.0,1.0,False,1.1228041648864746
ordinary-314511,327,0,ordinary,132,132,0,1.0,0.0,True,0.9260901808738708
ordinary-314511,328,0,ordinary,104,0,104,0.0,1.0,True,0.21820607781410217
ordinary-314511,329,0,ordinary,201,0,201,0.0,1.0,True,0.2774381637573242
ordinary-314511,330,0,ordinary,105,28,77,1.0,1.0,False,0.924836277961731
ordinary-314511,331,0,ordinary,147,104,43,1.0,1.0,False,1.2439513206481934
ordinary-314511,332,0,ordinary,102,0,102,0.0,1.0,True,0.2404520958662033
ordinary-314511,333,0,ordinary,205,0,205,0.0,1.0,True,0.21524959802627563
ordinary-314511,334,0,ordinary,108,28,80,1.0,1.0,False,0.728259265422821
ordinary-314511,335,0,ordinary,118,118,0,1.0,0.0,True,1.0939204692840576
ordinary-314511,336,0,ordinary,102,0,102,0.0,1.0,True,0.23503603041172028
ordinary-314511,337,0,ordinary,209,0,209,0.0,1.0,True,0.28330832719802856
ordinary-314511,338,0,ordinary,108,23,85,1.0,1.0,False,0.7188944220542908
ordinary-314511,339,0,ordinary,122,122,0,1.0,0.0,True,1.1370335817337036
ordinary-314511,340,0,ordinary,112,0,112,0.0,1.0,True,0.23555505275726318
ordinary-314511,341,0,ordinary,222,0,222,0.0,1.0,True,0.21930904686450958
ordinary-314511,342,0,ordinary,98,26,72,1.0,1.0,False,0.5998927354812622
ordinary-314511,343,0,ordinary,118,88,30,1.0,1.0,False,0.6670196652412415
ordinary-314511,344,0,ordinary,107,0,107,0.0,1.0,True,0.21013273298740387
ordinary-314511,345,0,ordinary,252,0,252,0.0,1.0,True,0.22315089404582977
ordinary-314511,346,0,ordinary,112,29,83,1.0,1.0,False,0.636242151260376
ordinary-314511,347,0,ordinary,120,82,38,1.0,1.0,False,1.2089641094207764
ordinary-314511,348,0,ordinary,99,0,99,0.0,1.0,True,0.10851307213306427
ordinary-314511,349,0,ordinary,231,61,170,1.0,1.0,False,0.8136536478996277
ordinary-314511,350,0,ordinary,114,86,28,1.0,1.0,False,1.3549596071243286
ordinary-314511,351,0,ordinary,124,124,0,1.0,0.0,True,0.6540009379386902
ordinary-314511,352,0,ordinary,99,0,99,0.0,1.0,True,0.1693519502878189
ordinary-314511,353,0,ordinary,223,0,223,0.0,1.0,True,0.2122485190629959
ordinary-314511,354,0,ordinary,112,60,52,1.0,1.0,False,1.0755985975265503
ordinary-314511,355,0,ordinary,131,98,33,1.0,1.0,False,1.1023173332214355
ordinary-314511,356,0,ordinary,111,0,111,0.0,1.0,True,0.2974373400211334
ordinary-314511,357,0,ordinary,242,0,242,0.0,1.0,True,0.5024279356002808
ordinary-314511,358,0,ordinary,98,53,45,1.0,1.0,False,0.8114199042320251
ordinary-314511,359,0,ordinary,136,64,72,1.0,1.0,False,0.9902084469795227
ordinary-314511,360,0,ordinary,117,0,117,0.0,1.0,True,0.3829726576805115
ordinary-314511,361,0,ordinary,208,122,86,1.0,1.0,False,1.0169116258621216
ordinary-314511,362,0,ordinary,97,32,65,1.0,1.0,False,0.7336863875389099
ordinary-314511,363,0,ordinary,152,152,0,1.0,0.0,True,0.4391918182373047
ordinary-314511,364,0,ordinary,95,0,95,0.0,1.0,True,0.3165881931781769
ordinary-314511,365,0,ordinary,210,52,158,1.0,1.0,False,0.8370912671089172
ordinary-314511,366,0,ordinary,104,0,104,0.0,1.0,True,0.4225349724292755
ordinary-314511,367,0,ordinary,117,84,33,1.0,1.0,False,1.2123922109603882
ordinary-314511,368,0,ordinary,87,0,87,0.0,1.0,True,0.12499815970659256
ordinary-314511,369,0,ordinary,212,0,212,0.0,1.0,True,0.1124071404337883
ordinary-314511,370,0,ordinary,105,58,47,1.0,1.0,False,1.056769609451294
ordinary-314511,371,0,ordinary,117,117,0,1.0,0.0,True,0.7502807974815369
ordinary-314511,372,0,ordinary,106,0,106,0.0,1.0,True,0.12647074460983276
ordinary-314511,373,0,ordinary,181,0,181,0.0,1.0,True,0.12362267076969147
ordinary-314511,374,0,ordinary,102,52,50,1.0,1.0,False,0.8546798229217529
ordinary-314511,375,0,ordinary,127,127,0,1.0,0.0,True,0.7898697853088379
ordinary-314511,376,0,ordinary,109,0,109,0.0,1.0,True,0.17685270309448242
ordinary-314511,377,0,ordinary,218,0,218,0.0,1.0,True,0.10769479721784592
ordinary-314511,378,0,ordinary,104,26,78,1.0,1.0,False,0.7808417081832886
ordinary-314511,379,0,ordinary,145,145,0,1.0,0.0,True,0.5993990898132324
ordinary-314511,380,0,ordinary,95,0,95,0.0,1.0,True,0.20168626308441162
ordinary-314511,381,0,ordinary,228,0,228,0.0,1.0,True,0.19676020741462708
ordinary-314511,382,0,ordinary,119,69,50,1.0,1.0,False,0.9218915700912476
ordinary-314511,383,0,ordinary,124,124,0,1.0,0.0,True,0.5286778807640076
ordinary-314511,384,0,ordinary,114,0,114,0.0,1.0,True,0.32730695605278015
ordinary-314511,385,0,ordinary,256,0,256,0.0,1.0,True,0.4090910851955414
ordinary-314511,385,256,ordinary,1,0,1,0.0,1.0,True,0.3059023320674896
ordinary-314511,386,0,ordinary,95,26,69,1.0,1.0,False,0.7949786186218262
ordinary-314511,387,0,ordinary,139,103,36,1.0,1.0,False,1.000695824623108
ordinary-314511,388,0,ordinary,94,0,94,0.0,1.0,True,0.11942177265882492
ordinary-314511,389,0,ordinary,215,58,157,1.0,1.0,False,0.7464116811752319
ordinary-314511,390,0,ordinary,117,65,52,1.0,1.0,False,0.9307102560997009
ordinary-314511,391,0,ordinary,151,151,0,1.0,0.0,True,0.44182637333869934
ordinary-314511,392,0,ordinary,102,0,102,0.0,1.0,True,0.08479448407888412
ordinary-314511,393,0,ordinary,233,57,176,1.0,1.0,False,0.9115016460418701
ordinary-314511,394,0,ordinary,101,0,101,0.0,1.0,True,0.506985068321228
ordinary-314511,395,0,ordinary,138,102,36,1.0,1.0,False,0.9211498498916626
ordinary-314511,396,0,ordinary,110,49,61,1.0,1.0,False,0.9936384558677673
ordinary-314511,397,0,ordinary,208,0,208,0.0,1.0,True,0.10241591185331345
ordinary-314511,398,0,ordinary,114,25,89,1.0,1.0,False,0.975446343421936
ordinary-314511,399,0,ordinary,134,100,34,1.0,1.0,False,0.4889455735683441
ordinary-314511,400,0,ordinary,99,0,99,0.0,1.0,True,0.23218369483947754
label_balanced-314511,1,0,label_balanced,177,0,177,0.0,1.0,True,0.8119940757751465
label_balanced-314511,2,0,label_balanced,109,61,48,0.8934426229508197,1.1354166666666667,False,1.0637251138687134
label_balanced-314511,3,0,label_balanced,111,84,27,0.6607142857142857,2.0555555555555554,False,1.0779350996017456
label_balanced-314511,4,0,label_balanced,104,0,104,0.0,1.0,True,0.5742438435554504
label_balanced-314511,5,0,label_balanced,217,0,217,0.0,1.0,True,0.5248923897743225
label_balanced-314511,6,0,label_balanced,93,0,93,0.0,1.0,True,0.4396992027759552
label_balanced-314511,7,0,label_balanced,125,62,63,1.0080645161290323,0.9920634920634921,False,1.164833426475525
label_balanced-314511,8,0,label_balanced,89,0,89,0.0,1.0,True,0.28769010305404663
label_balanced-314511,9,0,label_balanced,179,0,179,0.0,1.0,True,0.2254173457622528
label_balanced-314511,10,0,label_balanced,95,0,95,0.0,1.0,True,0.17236043512821198
label_balanced-314511,11,0,label_balanced,129,69,60,0.9347826086956522,1.075,False,1.4548321962356567
label_balanced-314511,12,0,label_balanced,96,0,96,0.0,1.0,True,0.10138681530952454
label_balanced-314511,13,0,label_balanced,185,0,185,0.0,1.0,True,0.07820964604616165
label_balanced-314511,14,0,label_balanced,89,24,65,1.8541666666666667,0.6846153846153846,False,1.6075748205184937
label_balanced-314511,15,0,label_balanced,132,70,62,0.9428571428571428,1.064516129032258,False,1.587826132774353
label_balanced-314511,16,0,label_balanced,84,0,84,0.0,1.0,True,0.06410389393568039
label_balanced-314511,17,0,label_balanced,197,0,197,0.0,1.0,True,0.05446728318929672
label_balanced-314511,18,0,label_balanced,92,0,92,0.0,1.0,True,0.0609714649617672
label_balanced-314511,19,0,label_balanced,140,140,0,1.0,0.0,True,3.155909538269043
label_balanced-314511,20,0,label_balanced,84,0,84,0.0,1.0,True,0.0562405027449131
label_balanced-314511,21,0,label_balanced,224,59,165,1.8983050847457628,0.6787878787878788,False,1.5665802955627441
label_balanced-314511,22,0,label_balanced,113,37,76,1.527027027027027,0.743421052631579,False,1.569353461265564
label_balanced-314511,23,0,label_balanced,120,120,0,1.0,0.0,True,2.796874523162842
label_balanced-314511,24,0,label_balanced,86,0,86,0.0,1.0,True,0.122429758310318
label_balanced-314511,25,0,label_balanced,247,0,247,0.0,1.0,True,0.15778374671936035
label_balanced-314511,26,0,label_balanced,108,82,26,0.6585365853658537,2.076923076923077,False,1.344759225845337
label_balanced-314511,27,0,label_balanced,119,119,0,1.0,0.0,True,2.328704595565796
label_balanced-314511,28,0,label_balanced,113,0,113,0.0,1.0,True,0.26481544971466064
label_balanced-314511,29,0,label_balanced,235,0,235,0.0,1.0,True,0.322103351354599
label_balanced-314511,30,0,label_balanced,91,0,91,0.0,1.0,True,0.3315768837928772
label_balanced-314511,31,0,label_balanced,126,126,0,1.0,0.0,True,1.8899422883987427
label_balanced-314511,32,0,label_balanced,96,0,96,0.0,1.0,True,0.388202428817749
label_balanced-314511,33,0,label_balanced,199,51,148,1.9509803921568627,0.6722972972972973,False,1.0884943008422852
label_balanced-314511,34,0,label_balanced,102,48,54,1.0625,0.9444444444444444,False,1.0986982583999634
label_balanced-314511,35,0,label_balanced,115,115,0,1.0,0.0,True,1.621113896369934
label_balanced-314511,36,0,label_balanced,95,0,95,0.0,1.0,True,0.5154919028282166
label_balanced-314511,37,0,label_balanced,218,0,218,0.0,1.0,True,0.5510824918746948
label_balanced-314511,38,0,label_balanced,117,28,89,2.0892857142857144,0.6573033707865169,False,1.0612802505493164
label_balanced-314511,39,0,label_balanced,110,110,0,1.0,0.0,True,1.4691619873046875
label_balanced-314511,40,0,label_balanced,107,27,80,1.9814814814814814,0.66875,False,1.0300559997558594
label_balanced-314511,41,0,label_balanced,232,0,232,0.0,1.0,True,0.6490288376808167
label_balanced-314511,42,0,label_balanced,99,25,74,1.98,0.668918918918919,False,1.0222492218017578
label_balanced-314511,43,0,label_balanced,125,68,57,0.9191176470588235,1.0964912280701755,False,1.0196113586425781
label_balanced-314511,44,0,label_balanced,96,24,72,2.0,0.6666666666666666,False,1.0214483737945557
label_balanced-314511,45,0,label_balanced,209,53,156,1.971698113207547,0.6698717948717948,False,1.020050287246704
label_balanced-314511,46,0,label_balanced,104,80,24,0.65,2.1666666666666665,False,1.0105749368667603
label_balanced-314511,47,0,label_balanced,148,115,33,0.6434782608695652,2.242424242424242,False,1.0182534456253052
label_balanced-314511,48,0,label_balanced,106,0,106,0.0,1.0,True,0.7453829050064087
label_balanced-314511,49,0,label_balanced,193,53,140,1.820754716981132,0.6892857142857143,False,1.017616868019104
label_balanced-314511,50,0,label_balanced,98,0,98,0.0,1.0,True,0.7505854964256287
label_balanced-314511,51,0,label_balanced,123,123,0,1.0,0.0,True,1.2529785633087158
label_balanced-314511,52,0,label_balanced,104,0,104,0.0,1.0,True,0.727030873298645
label_balanced-314511,53,0,label_balanced,233,0,233,0.0,1.0,True,0.7414152026176453
label_balanced-314511,54,0,label_balanced,108,61,47,0.8852459016393442,1.148936170212766,False,0.9982887506484985
label_balanced-314511,55,0,label_balanced,130,130,0,1.0,0.0,True,1.2760133743286133
label_balanced-314511,56,0,label_balanced,102,0,102,0.0,1.0,True,0.6737249493598938
label_balanced-314511,57,0,label_balanced,210,0,210,0.0,1.0,True,0.6912335157394409
label_balanced-314511,58,0,label_balanced,99,28,71,1.7678571428571428,0.6971830985915493,False,1.0210485458374023
label_balanced-314511,59,0,label_balanced,106,106,0,1.0,0.0,True,1.317077398300171
label_balanced-314511,60,0,label_balanced,88,27,61,1.6296296296296295,0.7213114754098361,False,1.0204331874847412
label_balanced-314511,61,0,label_balanced,225,111,114,1.0135135135135136,0.9868421052631579,False,0.9954593777656555
label_balanced-314511,62,0,label_balanced,96,0,96,0.0,1.0,True,0.6689659953117371
label_balanced-314511,63,0,label_balanced,123,123,0,1.0,0.0,True,1.3298832178115845
label_balanced-314511,64,0,label_balanced,97,0,97,0.0,1.0,True,0.6652249097824097
label_balanced-314511,65,0,label_balanced,200,0,200,0.0,1.0,True,0.6193671822547913
label_balanced-314511,66,0,label_balanced,95,32,63,1.484375,0.753968253968254,False,1.013534665107727
label_balanced-314511,67,0,label_balanced,120,120,0,1.0,0.0,True,1.3068231344223022
label_balanced-314511,68,0,label_balanced,97,52,45,0.9326923076923077,1.0777777777777777,False,1.0033349990844727
label_balanced-314511,69,0,label_balanced,195,52,143,1.875,0.6818181818181818,False,1.0138031244277954
label_balanced-314511,70,0,label_balanced,101,24,77,2.1041666666666665,0.6558441558441559,False,1.0116068124771118
label_balanced-314511,71,0,label_balanced,135,98,37,0.6887755102040817,1.8243243243243243,False,1.0064408779144287
label_balanced-314511,72,0,label_balanced,101,0,101,0.0,1.0,True,0.6634784936904907
label_balanced-314511,73,0,label_balanced,205,0,205,0.0,1.0,True,0.657585084438324
label_balanced-314511,74,0,label_balanced,107,55,52,0.9727272727272728,1.0288461538461537,False,0.9243977069854736
label_balanced-314511,75,0,label_balanced,123,123,0,1.0,0.0,True,1.2755159139633179
label_balanced-314511,76,0,label_balanced,91,21,70,2.1666666666666665,0.65,False,1.0434470176696777
label_balanced-314511,77,0,label_balanced,202,45,157,2.2444444444444445,0.643312101910828,False,1.0134074687957764
label_balanced-314511,78,0,label_balanced,101,52,49,0.9711538461538461,1.030612244897959,False,1.0793333053588867
label_balanced-314511,79,0,label_balanced,150,111,39,0.6756756756756757,1.9230769230769231,False,1.0028759241104126
label_balanced-314511,80,0,label_balanced,101,0,101,0.0,1.0,True,0.6766828894615173
label_balanced-314511,81,0,label_balanced,210,0,210,0.0,1.0,True,0.7043012380599976
label_balanced-314511,82,0,label_balanced,109,29,80,1.8793103448275863,0.68125,False,1.0420385599136353
label_balanced-314511,83,0,label_balanced,112,84,28,0.6666666666666666,2.0,False,0.9885859489440918
label_balanced-314511,84,0,label_balanced,102,24,78,2.125,0.6538461538461539,False,1.026625394821167
label_balanced-314511,85,0,label_balanced,206,58,148,1.7758620689655173,0.6959459459459459,False,0.9877687692642212
label_balanced-314511,86,0,label_balanced,98,49,49,1.0,1.0,False,0.9661031365394592
label_balanced-314511,87,0,label_balanced,116,116,0,1.0,0.0,True,1.2230366468429565
label_balanced-314511,88,0,label_balanced,99,0,99,0.0,1.0,True,0.6084467768669128
label_balanced-314511,89,0,label_balanced,184,0,184,0.0,1.0,True,0.6743485331535339
label_balanced-314511,90,0,label_balanced,99,49,50,1.010204081632653,0.99,False,0.9785969853401184
label_balanced-314511,91,0,label_balanced,129,129,0,1.0,0.0,True,1.3250608444213867
label_balanced-314511,92,0,label_balanced,92,18,74,2.5555555555555554,0.6216216216216216,False,1.048519492149353
label_balanced-314511,93,0,label_balanced,208,0,208,0.0,1.0,True,0.6592533588409424
label_balanced-314511,94,0,label_balanced,96,0,96,0.0,1.0,True,0.5868266224861145
label_balanced-314511,95,0,label_balanced,116,116,0,1.0,0.0,True,1.2152400016784668
label_balanced-314511,96,0,label_balanced,92,0,92,0.0,1.0,True,0.5380322337150574
label_balanced-314511,97,0,label_balanced,207,0,207,0.0,1.0,True,0.6368243098258972
label_balanced-314511,98,0,label_balanced,105,54,51,0.9722222222222222,1.0294117647058822,False,0.9892224073410034
label_balanced-314511,99,0,label_balanced,118,118,0,1.0,0.0,True,1.4352878332138062
label_balanced-314511,100,0,label_balanced,103,0,103,0.0,1.0,True,0.5230059027671814
label_balanced-314511,101,0,label_balanced,215,0,215,0.0,1.0,True,0.5160481929779053
label_balanced-314511,102,0,label_balanced,104,0,104,0.0,1.0,True,0.4967745840549469
label_balanced-314511,103,0,label_balanced,107,107,0,1.0,0.0,True,1.3555872440338135
label_balanced-314511,104,0,label_balanced,102,0,102,0.0,1.0,True,0.4146679937839508
label_balanced-314511,105,0,label_balanced,189,51,138,1.8529411764705883,0.6847826086956522,False,1.0566719770431519
label_balanced-314511,106,0,label_balanced,96,53,43,0.9056603773584906,1.1162790697674418,False,1.0771045684814453
label_balanced-314511,107,0,label_balanced,98,98,0,1.0,0.0,True,1.4218968152999878
label_balanced-314511,108,0,label_balanced,96,0,96,0.0,1.0,True,0.417202889919281
label_balanced-314511,109,0,label_balanced,199,54,145,1.8425925925925926,0.6862068965517242,False,1.064338207244873
label_balanced-314511,110,0,label_balanced,114,29,85,1.9655172413793103,0.6705882352941176,False,1.0978593826293945
label_balanced-314511,111,0,label_balanced,130,130,0,1.0,0.0,True,1.242734432220459
label_balanced-314511,112,0,label_balanced,93,0,93,0.0,1.0,True,0.509497344493866
label_balanced-314511,113,0,label_balanced,194,0,194,0.0,1.0,True,0.6073560118675232
label_balanced-314511,114,0,label_balanced,98,53,45,0.9245283018867925,1.0888888888888888,False,0.9029191732406616
label_balanced-314511,115,0,label_balanced,136,103,33,0.6601941747572816,2.0606060606060606,False,1.0351142883300781
label_balanced-314511,116,0,label_balanced,88,0,88,0.0,1.0,True,0.6975577473640442
label_balanced-314511,117,0,label_balanced,230,0,230,0.0,1.0,True,0.6716512441635132
label_balanced-314511,118,0,label_balanced,117,25,92,2.34,0.6358695652173914,False,0.9512441158294678
label_balanced-314511,119,0,label_balanced,95,95,0,1.0,0.0,True,1.1206763982772827
label_balanced-314511,120,0,label_balanced,98,31,67,1.5806451612903225,0.7313432835820896,False,0.9833657741546631
label_balanced-314511,121,0,label_balanced,205,46,159,2.2282608695652173,0.6446540880503144,False,1.0386803150177002
label_balanced-314511,122,0,label_balanced,99,51,48,0.9705882352941176,1.03125,False,1.0665020942687988
label_balanced-314511,123,0,label_balanced,127,94,33,0.675531914893617,1.9242424242424243,False,0.9428150057792664
label_balanced-314511,124,0,label_balanced,98,23,75,2.130434782608696,0.6533333333333333,False,0.9141702651977539
label_balanced-314511,125,0,label_balanced,210,0,210,0.0,1.0,True,0.7973982095718384
label_balanced-314511,126,0,label_balanced,110,54,56,1.0185185185185186,0.9821428571428571,False,1.042030930519104
label_balanced-314511,127,0,label_balanced,123,123,0,1.0,0.0,True,0.9833486676216125
label_balanced-314511,128,0,label_balanced,96,0,96,0.0,1.0,True,0.6246045827865601
label_balanced-314511,129,0,label_balanced,206,0,206,0.0,1.0,True,0.6118667125701904
label_balanced-314511,130,0,label_balanced,104,23,81,2.260869565217391,0.6419753086419753,False,0.9546810984611511
label_balanced-314511,131,0,label_balanced,121,83,38,0.7289156626506024,1.5921052631578947,False,0.9580538272857666
label_balanced-314511,132,0,label_balanced,96,0,96,0.0,1.0,True,0.49207648634910583
label_balanced-314511,133,0,label_balanced,162,0,162,0.0,1.0,True,0.38276591897010803
label_balanced-314511,134,0,label_balanced,101,77,24,0.6558441558441559,2.1041666666666665,False,0.9909766912460327
label_balanced-314511,135,0,label_balanced,99,99,0,1.0,0.0,True,1.4519948959350586
label_balanced-314511,136,0,label_balanced,92,27,65,1.7037037037037037,0.7076923076923077,False,1.0578871965408325
label_balanced-314511,137,0,label_balanced,234,54,180,2.1666666666666665,0.65,False,1.0209587812423706
label_balanced-314511,138,0,label_balanced,108,0,108,0.0,1.0,True,0.48055577278137207
label_balanced-314511,139,0,label_balanced,134,134,0,1.0,0.0,True,1.3243508338928223
label_balanced-314511,140,0,label_balanced,98,0,98,0.0,1.0,True,0.49702608585357666
label_balanced-314511,141,0,label_balanced,211,0,211,0.0,1.0,True,0.5345391035079956
label_balanced-314511,142,0,label_balanced,116,27,89,2.1481481481481484,0.651685393258427,False,0.9385561943054199
label_balanced-314511,143,0,label_balanced,120,120,0,1.0,0.0,True,1.0917575359344482
label_balanced-314511,144,0,label_balanced,97,0,97,0.0,1.0,True,0.4361687898635864
label_balanced-314511,145,0,label_balanced,200,0,200,0.0,1.0,True,0.605813205242157
label_balanced-314511,146,0,label_balanced,107,26,81,2.0576923076923075,0.6604938271604939,False,1.09141206741333
label_balanced-314511,147,0,label_balanced,124,124,0,1.0,0.0,True,0.9406281113624573
label_balanced-314511,148,0,label_balanced,106,0,106,0.0,1.0,True,0.5310193300247192
label_balanced-314511,149,0,label_balanced,227,0,227,0.0,1.0,True,0.5591132044792175
label_balanced-314511,150,0,label_balanced,113,31,82,1.8225806451612903,0.6890243902439024,False,0.7539180517196655
label_balanced-314511,151,0,label_balanced,105,105,0,1.0,0.0,True,1.2414077520370483
label_balanced-314511,152,0,label_balanced,102,23,79,2.217391304347826,0.6455696202531646,False,1.0332839488983154
label_balanced-314511,153,0,label_balanced,195,50,145,1.95,0.6724137931034483,False,1.1152310371398926
label_balanced-314511,154,0,label_balanced,106,30,76,1.7666666666666666,0.6973684210526315,False,0.9054784774780273
label_balanced-314511,155,0,label_balanced,125,125,0,1.0,0.0,True,0.8322725296020508
label_balanced-314511,156,0,label_balanced,95,0,95,0.0,1.0,True,0.8034805059432983
label_balanced-314511,157,0,label_balanced,169,58,111,1.456896551724138,0.7612612612612613,False,0.7406246662139893
label_balanced-314511,158,0,label_balanced,111,0,111,0.0,1.0,True,0.9899964928627014
label_balanced-314511,159,0,label_balanced,137,108,29,0.6342592592592593,2.3620689655172415,False,0.8853294253349304
label_balanced-314511,160,0,label_balanced,112,0,112,0.0,1.0,True,1.101833701133728
label_balanced-314511,161,0,label_balanced,219,57,162,1.9210526315789473,0.6759259259259259,False,0.8031651973724365
label_balanced-314511,162,0,label_balanced,118,58,60,1.0172413793103448,0.9833333333333333,False,0.8337022066116333
label_balanced-314511,163,0,label_balanced,137,63,74,1.0873015873015872,0.9256756756756757,False,0.9336069226264954
label_balanced-314511,164,0,label_balanced,92,0,92,0.0,1.0,True,0.4883464276790619
label_balanced-314511,165,0,label_balanced,194,0,194,0.0,1.0,True,0.38103485107421875
label_balanced-314511,166,0,label_balanced,102,27,75,1.8888888888888888,0.68,False,0.9967159628868103
label_balanced-314511,167,0,label_balanced,124,124,0,1.0,0.0,True,1.2437514066696167
label_balanced-314511,168,0,label_balanced,98,0,98,0.0,1.0,True,0.24040260910987854
label_balanced-314511,169,0,label_balanced,193,0,193,0.0,1.0,True,0.24106746912002563
label_balanced-314511,170,0,label_balanced,108,85,23,0.6352941176470588,2.347826086956522,False,1.0162756443023682
label_balanced-314511,171,0,label_balanced,100,100,0,1.0,0.0,True,1.4603663682937622
label_balanced-314511,172,0,label_balanced,101,33,68,1.5303030303030303,0.7426470588235294,False,1.1403310298919678
label_balanced-314511,173,0,label_balanced,192,44,148,2.1818181818181817,0.6486486486486487,False,0.9050986766815186
label_balanced-314511,174,0,label_balanced,91,0,91,0.0,1.0,True,0.3071657121181488
label_balanced-314511,175,0,label_balanced,123,94,29,0.6542553191489362,2.1206896551724137,False,0.7443099021911621
label_balanced-314511,176,0,label_balanced,107,28,79,1.9107142857142858,0.6772151898734177,False,1.096756935119629
label_balanced-314511,177,0,label_balanced,188,51,137,1.8431372549019607,0.6861313868613139,False,0.7024067044258118
label_balanced-314511,178,0,label_balanced,91,0,91,0.0,1.0,True,0.5138905048370361
label_balanced-314511,179,0,label_balanced,134,99,35,0.6767676767676768,1.9142857142857144,False,1.054816484451294
label_balanced-314511,180,0,label_balanced,102,29,73,1.7586206896551724,0.6986301369863014,False,0.9610308408737183
label_balanced-314511,181,0,label_balanced,217,0,217,0.0,1.0,True,0.5698257088661194
label_balanced-314511,182,0,label_balanced,105,28,77,1.875,0.6818181818181818,False,1.1541008949279785
label_balanced-314511,183,0,label_balanced,122,122,0,1.0,0.0,True,0.7146945595741272
label_balanced-314511,184,0,label_balanced,103,0,103,0.0,1.0,True,0.5417746901512146
label_balanced-314511,185,0,label_balanced,199,0,199,0.0,1.0,True,0.645859956741333
label_balanced-314511,186,0,label_balanced,99,0,99,0.0,1.0,True,0.7253660559654236
label_balanced-314511,187,0,label_balanced,122,122,0,1.0,0.0,True,0.9681538939476013
label_balanced-314511,188,0,label_balanced,90,0,90,0.0,1.0,True,0.3230786919593811
label_balanced-314511,189,0,label_balanced,205,58,147,1.7672413793103448,0.6972789115646258,False,1.1244072914123535
label_balanced-314511,190,0,label_balanced,112,56,56,1.0,1.0,False,1.199137806892395
label_balanced-314511,191,0,label_balanced,122,122,0,1.0,0.0,True,1.2223531007766724
label_balanced-314511,192,0,label_balanced,98,0,98,0.0,1.0,True,0.27023249864578247
label_balanced-314511,193,0,label_balanced,218,0,218,0.0,1.0,True,0.47596052289009094
label_balanced-314511,194,0,label_balanced,102,62,40,0.8225806451612904,1.275,False,0.8316872715950012
label_balanced-314511,195,0,label_balanced,122,122,0,1.0,0.0,True,0.9701988101005554
label_balanced-314511,196,0,label_balanced,94,0,94,0.0,1.0,True,0.40260758996009827
label_balanced-314511,197,0,label_balanced,242,0,242,0.0,1.0,True,0.35499894618988037
label_balanced-314511,198,0,label_balanced,95,0,95,0.0,1.0,True,0.4904739558696747
label_balanced-314511,199,0,label_balanced,129,92,37,0.7010869565217391,1.7432432432432432,False,0.9038321375846863
label_balanced-314511,200,0,label_balanced,102,0,102,0.0,1.0,True,0.3219754099845886
label_balanced-314511,201,0,label_balanced,193,0,193,0.0,1.0,True,0.2706756591796875
label_balanced-314511,202,0,label_balanced,112,58,54,0.9655172413793104,1.037037037037037,False,0.973787784576416
label_balanced-314511,203,0,label_balanced,139,139,0,1.0,0.0,True,0.8501346111297607
label_balanced-314511,204,0,label_balanced,104,0,104,0.0,1.0,True,0.18392160534858704
label_balanced-314511,205,0,label_balanced,233,0,233,0.0,1.0,True,0.35485121607780457
label_balanced-314511,206,0,label_balanced,110,58,52,0.9482758620689655,1.0576923076923077,False,1.0911489725112915
label_balanced-314511,207,0,label_balanced,126,126,0,1.0,0.0,True,1.3918639421463013
label_balanced-314511,208,0,label_balanced,93,0,93,0.0,1.0,True,0.1478670835494995
label_balanced-314511,209,0,label_balanced,220,0,220,0.0,1.0,True,0.34902429580688477
label_balanced-314511,210,0,label_balanced,100,72,28,0.6944444444444444,1.7857142857142858,False,1.01035475730896
label_balanced-314511,211,0,label_balanced,123,123,0,1.0,0.0,True,1.0146695375442505
label_balanced-314511,212,0,label_balanced,100,0,100,0.0,1.0,True,0.2359849065542221
label_balanced-314511,213,0,label_balanced,230,0,230,0.0,1.0,True,0.39147117733955383
label_balanced-314511,214,0,label_balanced,105,61,44,0.860655737704918,1.1931818181818181,False,0.9933083057403564
label_balanced-314511,215,0,label_balanced,130,99,31,0.6565656565656566,2.096774193548387,False,0.7923933267593384
label_balanced-314511,216,0,label_balanced,98,0,98,0.0,1.0,True,0.38137421011924744
label_balanced-314511,217,0,label_balanced,228,60,168,1.9,0.6785714285714286,False,1.0135594606399536
label_balanced-314511,218,0,label_balanced,107,28,79,1.9107142857142858,0.6772151898734177,False,0.9382972717285156
label_balanced-314511,219,0,label_balanced,133,133,0,1.0,0.0,True,0.8339834809303284
label_balanced-314511,220,0,label_balanced,103,0,103,0.0,1.0,True,0.41800475120544434
label_balanced-314511,221,0,label_balanced,229,68,161,1.6838235294117647,0.7111801242236024,False,0.6728867292404175
label_balanced-314511,222,0,label_balanced,97,24,73,2.0208333333333335,0.6643835616438356,False,1.037338376045227
label_balanced-314511,223,0,label_balanced,152,116,36,0.6551724137931034,2.111111111111111,False,0.7785667181015015
label_balanced-314511,224,0,label_balanced,95,0,95,0.0,1.0,True,0.2821103036403656
label_balanced-314511,225,0,label_balanced,242,0,242,0.0,1.0,True,0.7746755480766296
label_balanced-314511,226,0,label_balanced,119,26,93,2.2884615384615383,0.6397849462365591,False,0.920437216758728
label_balanced-314511,227,0,label_balanced,145,145,0,1.0,0.0,True,0.6569416522979736
label_balanced-314511,228,0,label_balanced,97,0,97,0.0,1.0,True,0.3305104672908783
label_balanced-314511,229,0,label_balanced,224,0,224,0.0,1.0,True,0.3297562003135681
label_balanced-314511,230,0,label_balanced,105,29,76,1.8103448275862069,0.6907894736842105,False,0.9177029728889465
label_balanced-314511,231,0,label_balanced,128,69,59,0.927536231884058,1.0847457627118644,False,0.8364689350128174
label_balanced-314511,232,0,label_balanced,95,0,95,0.0,1.0,True,0.35082945227622986
label_balanced-314511,233,0,label_balanced,242,0,242,0.0,1.0,True,0.36811473965644836
label_balanced-314511,234,0,label_balanced,94,30,64,1.5666666666666667,0.734375,False,1.261473536491394
label_balanced-314511,235,0,label_balanced,133,133,0,1.0,0.0,True,1.8601287603378296
label_balanced-314511,236,0,label_balanced,90,0,90,0.0,1.0,True,0.07475534081459045
label_balanced-314511,237,0,label_balanced,185,0,185,0.0,1.0,True,0.10318444669246674
label_balanced-314511,238,0,label_balanced,94,24,70,1.9583333333333333,0.6714285714285714,False,1.1445295810699463
label_balanced-314511,239,0,label_balanced,118,84,34,0.7023809523809523,1.7352941176470589,False,0.9449112415313721
label_balanced-314511,240,0,label_balanced,99,0,99,0.0,1.0,True,0.15148025751113892
label_balanced-314511,241,0,label_balanced,202,0,202,0.0,1.0,True,0.13777267932891846
label_balanced-314511,242,0,label_balanced,103,56,47,0.9196428571428571,1.0957446808510638,False,0.8067811131477356
label_balanced-314511,243,0,label_balanced,126,126,0,1.0,0.0,True,1.2081588506698608
label_balanced-314511,244,0,label_balanced,91,0,91,0.0,1.0,True,0.164225772023201
label_balanced-314511,245,0,label_balanced,206,0,206,0.0,1.0,True,0.32697874307632446
label_balanced-314511,246,0,label_balanced,99,23,76,2.152173913043478,0.6513157894736842,False,0.58970046043396
label_balanced-314511,247,0,label_balanced,127,127,0,1.0,0.0,True,0.716679036617279
label_balanced-314511,248,0,label_balanced,98,0,98,0.0,1.0,True,0.3717144727706909
label_balanced-314511,249,0,label_balanced,207,50,157,2.07,0.6592356687898089,False,0.8016781806945801
label_balanced-314511,250,0,label_balanced,103,32,71,1.609375,0.7253521126760564,False,0.6703405976295471
label_balanced-314511,251,0,label_balanced,123,123,0,1.0,0.0,True,0.6786531805992126
label_balanced-314511,252,0,label_balanced,99,26,73,1.9038461538461537,0.678082191780822,False,0.9950268268585205
label_balanced-314511,253,0,label_balanced,204,0,204,0.0,1.0,True,0.7678866386413574
label_balanced-314511,254,0,label_balanced,111,86,25,0.6453488372093024,2.22,False,1.0849497318267822
label_balanced-314511,255,0,label_balanced,139,70,69,0.9928571428571429,1.0072463768115942,False,1.0966806411743164
label_balanced-314511,256,0,label_balanced,108,0,108,0.0,1.0,True,0.9071614146232605
label_balanced-314511,257,0,label_balanced,240,0,240,0.0,1.0,True,0.7776826024055481
label_balanced-314511,258,0,label_balanced,99,0,99,0.0,1.0,True,0.855376660823822
label_balanced-314511,259,0,label_balanced,135,105,30,0.6428571428571429,2.25,False,0.67909175157547
label_balanced-314511,260,0,label_balanced,100,0,100,0.0,1.0,True,0.28798192739486694
label_balanced-314511,261,0,label_balanced,191,0,191,0.0,1.0,True,0.21071545779705048
label_balanced-314511,262,0,label_balanced,107,55,52,0.9727272727272728,1.0288461538461537,False,1.5057159662246704
label_balanced-314511,263,0,label_balanced,110,110,0,1.0,0.0,True,1.8547321557998657
label_balanced-314511,264,0,label_balanced,89,0,89,0.0,1.0,True,0.06678777188062668
label_balanced-314511,265,0,label_balanced,199,0,199,0.0,1.0,True,0.0960020124912262
label_balanced-314511,266,0,label_balanced,91,0,91,0.0,1.0,True,0.1098383218050003
label_balanced-314511,267,0,label_balanced,125,94,31,0.6648936170212766,2.0161290322580645,False,0.8851142525672913
label_balanced-314511,268,0,label_balanced,109,0,109,0.0,1.0,True,0.04340188205242157
label_balanced-314511,269,0,label_balanced,209,0,209,0.0,1.0,True,0.04535150155425072
label_balanced-314511,270,0,label_balanced,109,61,48,0.8934426229508197,1.1354166666666667,False,1.0271761417388916
label_balanced-314511,271,0,label_balanced,133,133,0,1.0,0.0,True,1.910117745399475
label_balanced-314511,272,0,label_balanced,102,34,68,1.5,0.75,False,1.1408271789550781
label_balanced-314511,273,0,label_balanced,245,0,245,0.0,1.0,True,0.14925938844680786
label_balanced-314511,274,0,label_balanced,107,29,78,1.8448275862068966,0.6858974358974359,False,1.2219884395599365
label_balanced-314511,275,0,label_balanced,127,127,0,1.0,0.0,True,1.5704690217971802
label_balanced-314511,276,0,label_balanced,93,0,93,0.0,1.0,True,0.18612165749073029
label_balanced-314511,277,0,label_balanced,206,0,206,0.0,1.0,True,0.22369953989982605
label_balanced-314511,278,0,label_balanced,111,55,56,1.009090909090909,0.9910714285714286,False,1.1382158994674683
label_balanced-314511,279,0,label_balanced,148,148,0,1.0,0.0,True,0.7751328349113464
label_balanced-314511,280,0,label_balanced,99,23,76,2.152173913043478,0.6513157894736842,False,0.9777953624725342
label_balanced-314511,281,0,label_balanced,193,0,193,0.0,1.0,True,0.514663577079773
label_balanced-314511,282,0,label_balanced,93,21,72,2.2142857142857144,0.6458333333333334,False,0.9530888199806213
label_balanced-314511,283,0,label_balanced,140,140,0,1.0,0.0,True,0.5445729494094849
label_balanced-314511,284,0,label_balanced,102,0,102,0.0,1.0,True,0.5267853140830994
label_balanced-314511,285,0,label_balanced,246,0,246,0.0,1.0,True,0.7991045713424683
label_balanced-314511,286,0,label_balanced,101,0,101,0.0,1.0,True,1.1061711311340332
label_balanced-314511,287,0,label_balanced,148,111,37,0.6666666666666666,2.0,False,0.7855373620986938
label_balanced-314511,288,0,label_balanced,104,30,74,1.7333333333333334,0.7027027027027027,False,0.6274336576461792
label_balanced-314511,289,0,label_balanced,241,65,176,1.853846153846154,0.6846590909090909,False,0.8179154992103577
label_balanced-314511,290,0,label_balanced,103,24,79,2.1458333333333335,0.6518987341772152,False,0.8978731632232666
label_balanced-314511,291,0,label_balanced,133,133,0,1.0,0.0,True,0.9556565284729004
label_balanced-314511,292,0,label_balanced,101,0,101,0.0,1.0,True,0.5991858839988708
label_balanced-314511,293,0,label_balanced,195,0,195,0.0,1.0,True,0.39771968126296997
label_balanced-314511,294,0,label_balanced,101,0,101,0.0,1.0,True,0.762174665927887
label_balanced-314511,295,0,label_balanced,119,119,0,1.0,0.0,True,0.927651047706604
label_balanced-314511,296,0,label_balanced,94,0,94,0.0,1.0,True,0.27815642952919006
label_balanced-314511,297,0,label_balanced,192,0,192,0.0,1.0,True,0.2767166495323181
label_balanced-314511,298,0,label_balanced,96,0,96,0.0,1.0,True,0.3453843593597412
label_balanced-314511,299,0,label_balanced,157,157,0,1.0,0.0,True,0.8296889662742615
label_balanced-314511,300,0,label_balanced,90,0,90,0.0,1.0,True,0.2400326281785965
label_balanced-314511,301,0,label_balanced,202,0,202,0.0,1.0,True,0.14193640649318695
label_balanced-314511,302,0,label_balanced,99,46,53,1.076086956521739,0.9339622641509434,False,1.3926094770431519
label_balanced-314511,303,0,label_balanced,133,133,0,1.0,0.0,True,1.302834153175354
label_balanced-314511,304,0,label_balanced,109,0,109,0.0,1.0,True,0.14041374623775482
label_balanced-314511,305,0,label_balanced,204,50,154,2.04,0.6623376623376623,False,1.0281577110290527
label_balanced-314511,306,0,label_balanced,109,32,77,1.703125,0.7077922077922078,False,1.2033264636993408
label_balanced-314511,307,0,label_balanced,130,96,34,0.6770833333333334,1.911764705882353,False,0.6851466298103333
label_balanced-314511,308,0,label_balanced,92,0,92,0.0,1.0,True,0.17569047212600708
label_balanced-314511,309,0,label_balanced,181,0,181,0.0,1.0,True,0.1635625958442688
label_balanced-314511,310,0,label_balanced,103,0,103,0.0,1.0,True,0.258299320936203
label_balanced-314511,311,0,label_balanced,127,127,0,1.0,0.0,True,1.313090443611145
label_balanced-314511,312,0,label_balanced,104,0,104,0.0,1.0,True,0.40281954407691956
label_balanced-314511,313,0,label_balanced,228,69,159,1.6521739130434783,0.7169811320754716,False,1.028387188911438
label_balanced-314511,314,0,label_balanced,110,58,52,0.9482758620689655,1.0576923076923077,False,0.8392356634140015
label_balanced-314511,315,0,label_balanced,139,139,0,1.0,0.0,True,0.8747066855430603
label_balanced-314511,316,0,label_balanced,103,0,103,0.0,1.0,True,0.3141253888607025
label_balanced-314511,317,0,label_balanced,221,0,221,0.0,1.0,True,0.3189823627471924
label_balanced-314511,318,0,label_balanced,111,0,111,0.0,1.0,True,0.7746902704238892
label_balanced-314511,319,0,label_balanced,135,97,38,0.6958762886597938,1.7763157894736843,False,1.166779637336731
label_balanced-314511,320,0,label_balanced,96,0,96,0.0,1.0,True,0.5802645087242126
label_balanced-314511,321,0,label_balanced,235,57,178,2.06140350877193,0.6601123595505618,False,0.9929265975952148
label_balanced-314511,322,0,label_balanced,98,24,74,2.0416666666666665,0.6621621621621622,False,1.027540683746338
label_balanced-314511,323,0,label_balanced,127,94,33,0.675531914893617,1.9242424242424243,False,0.7365482449531555
label_balanced-314511,324,0,label_balanced,100,0,100,0.0,1.0,True,0.34217357635498047
label_balanced-314511,325,0,label_balanced,216,0,216,0.0,1.0,True,0.351762980222702
label_balanced-314511,326,0,label_balanced,88,0,88,0.0,1.0,True,0.3115890622138977
label_balanced-314511,327,0,label_balanced,146,146,0,1.0,0.0,True,0.955086886882782
label_balanced-314511,328,0,label_balanced,98,0,98,0.0,1.0,True,0.23510313034057617
label_balanced-314511,329,0,label_balanced,203,0,203,0.0,1.0,True,0.18631470203399658
label_balanced-314511,330,0,label_balanced,106,50,56,1.06,0.9464285714285714,False,1.195246934890747
label_balanced-314511,331,0,label_balanced,131,131,0,1.0,0.0,True,1.2672111988067627
label_balanced-314511,332,0,label_balanced,87,0,87,0.0,1.0,True,0.13163688778877258
label_balanced-314511,333,0,label_balanced,202,45,157,2.2444444444444445,0.643312101910828,False,0.9864798784255981
label_balanced-314511,334,0,label_balanced,111,33,78,1.6818181818181819,0.7115384615384616,False,1.0188320875167847
label_balanced-314511,335,0,label_balanced,123,92,31,0.6684782608695652,1.9838709677419355,False,1.0352572202682495
label_balanced-314511,336,0,label_balanced,98,0,98,0.0,1.0,True,0.2070053666830063
label_balanced-314511,337,0,label_balanced,192,58,134,1.6551724137931034,0.7164179104477612,False,0.8327928781509399
label_balanced-314511,338,0,label_balanced,107,52,55,1.0288461538461537,0.9727272727272728,False,1.0444833040237427
label_balanced-314511,339,0,label_balanced,155,116,39,0.6681034482758621,1.9871794871794872,False,0.7638064622879028
label_balanced-314511,340,0,label_balanced,102,0,102,0.0,1.0,True,0.20682619512081146
label_balanced-314511,341,0,label_balanced,185,0,185,0.0,1.0,True,0.40215322375297546
label_balanced-314511,342,0,label_balanced,106,27,79,1.962962962962963,0.6708860759493671,False,0.8928762674331665
label_balanced-314511,343,0,label_balanced,136,98,38,0.6938775510204082,1.7894736842105263,False,0.9691232442855835
label_balanced-314511,344,0,label_balanced,101,0,101,0.0,1.0,True,0.42135974764823914
label_balanced-314511,345,0,label_balanced,230,0,230,0.0,1.0,True,0.31317615509033203
label_balanced-314511,346,0,label_balanced,117,30,87,1.95,0.6724137931034483,False,1.2487155199050903
label_balanced-314511,347,0,label_balanced,132,68,64,0.9705882352941176,1.03125,False,0.9853397011756897
label_balanced-314511,348,0,label_balanced,98,0,98,0.0,1.0,True,0.10405459254980087
label_balanced-314511,349,0,label_balanced,216,0,216,0.0,1.0,True,0.18030890822410583
label_balanced-314511,350,0,label_balanced,112,57,55,0.9824561403508771,1.018181818181818,False,0.9323802590370178
label_balanced-314511,351,0,label_balanced,119,119,0,1.0,0.0,True,1.5911246538162231
label_balanced-314511,352,0,label_balanced,104,0,104,0.0,1.0,True,0.1547635942697525
label_balanced-314511,353,0,label_balanced,190,0,190,0.0,1.0,True,0.16488154232501984
label_balanced-314511,354,0,label_balanced,119,90,29,0.6611111111111111,2.0517241379310347,False,1.0753487348556519
label_balanced-314511,355,0,label_balanced,144,144,0,1.0,0.0,True,0.931300699710846
label_balanced-314511,356,0,label_balanced,110,0,110,0.0,1.0,True,0.16885961592197418
label_balanced-314511,357,0,label_balanced,250,73,177,1.7123287671232876,0.7062146892655368,False,0.946211040019989
label_balanced-314511,358,0,label_balanced,98,28,70,1.75,0.7,False,1.1788971424102783
label_balanced-314511,359,0,label_balanced,150,114,36,0.6578947368421053,2.0833333333333335,False,0.7561032772064209
label_balanced-314511,360,0,label_balanced,100,0,100,0.0,1.0,True,0.2910662293434143
label_balanced-314511,361,0,label_balanced,218,0,218,0.0,1.0,True,0.14986562728881836
label_balanced-314511,362,0,label_balanced,100,26,74,1.9230769230769231,0.6756756756756757,False,1.102928876876831
label_balanced-314511,363,0,label_balanced,151,151,0,1.0,0.0,True,0.4952830672264099
label_balanced-314511,364,0,label_balanced,91,28,63,1.625,0.7222222222222222,False,0.9103489518165588
label_balanced-314511,365,0,label_balanced,233,0,233,0.0,1.0,True,0.5627315044403076
label_balanced-314511,366,0,label_balanced,98,0,98,0.0,1.0,True,0.5909227728843689
label_balanced-314511,367,0,label_balanced,133,133,0,1.0,0.0,True,0.8733246326446533
label_balanced-314511,368,0,label_balanced,101,0,101,0.0,1.0,True,0.4044610559940338
label_balanced-314511,369,0,label_balanced,215,0,215,0.0,1.0,True,0.323569655418396
label_balanced-314511,370,0,label_balanced,95,77,18,0.6168831168831169,2.638888888888889,False,0.5768263936042786
label_balanced-314511,371,0,label_balanced,132,132,0,1.0,0.0,True,0.5014913082122803
label_balanced-314511,372,0,label_balanced,90,23,67,1.9565217391304348,0.6716417910447762,False,0.9787100553512573
label_balanced-314511,373,0,label_balanced,181,0,181,0.0,1.0,True,0.2754911780357361
label_balanced-314511,374,0,label_balanced,115,53,62,1.0849056603773586,0.9274193548387096,False,0.9522604942321777
label_balanced-314511,375,0,label_balanced,146,109,37,0.6697247706422018,1.972972972972973,False,0.761191189289093
label_balanced-314511,376,0,label_balanced,101,0,101,0.0,1.0,True,0.2852887511253357
label_balanced-314511,377,0,label_balanced,223,0,223,0.0,1.0,True,0.23273305594921112
label_balanced-314511,378,0,label_balanced,107,32,75,1.671875,0.7133333333333334,False,0.7971018552780151
label_balanced-314511,379,0,label_balanced,140,104,36,0.6730769230769231,1.9444444444444444,False,0.8069308400154114
label_balanced-314511,380,0,label_balanced,89,0,89,0.0,1.0,True,0.26756563782691956
label_balanced-314511,381,0,label_balanced,187,0,187,0.0,1.0,True,0.12109130620956421
label_balanced-314511,382,0,label_balanced,105,29,76,1.8103448275862069,0.6907894736842105,False,0.6727641820907593
label_balanced-314511,383,0,label_balanced,155,155,0,1.0,0.0,True,0.7578210234642029
label_balanced-314511,384,0,label_balanced,105,33,72,1.5909090909090908,0.7291666666666666,False,0.8057259321212769
label_balanced-314511,385,0,label_balanced,227,0,227,0.0,1.0,True,0.26319846510887146
label_balanced-314511,386,0,label_balanced,117,0,117,0.0,1.0,True,0.44901779294013977
label_balanced-314511,387,0,label_balanced,138,103,35,0.6699029126213593,1.9714285714285715,False,0.8111648559570312
label_balanced-314511,388,0,label_balanced,85,0,85,0.0,1.0,True,0.1305255889892578
label_balanced-314511,389,0,label_balanced,227,0,227,0.0,1.0,True,0.17202357947826385
label_balanced-314511,390,0,label_balanced,102,48,54,1.0625,0.9444444444444444,False,1.2320870161056519
label_balanced-314511,391,0,label_balanced,130,130,0,1.0,0.0,True,0.7916284799575806
label_balanced-314511,392,0,label_balanced,97,0,97,0.0,1.0,True,0.0946098193526268
label_balanced-314511,393,0,label_balanced,220,46,174,2.391304347826087,0.632183908045977,False,1.485634207725525
label_balanced-314511,394,0,label_balanced,93,0,93,0.0,1.0,True,0.23447200655937195
label_balanced-314511,395,0,label_balanced,133,98,35,0.6785714285714286,1.9,False,0.6097166538238525
label_balanced-314511,396,0,label_balanced,104,30,74,1.7333333333333334,0.7027027027027027,False,1.0329171419143677
label_balanced-314511,397,0,label_balanced,182,0,182,0.0,1.0,True,0.1051080971956253
label_balanced-314511,398,0,label_balanced,104,50,54,1.04,0.9629629629629629,False,1.3012101650238037
label_balanced-314511,399,0,label_balanced,146,146,0,1.0,0.0,True,0.516299307346344
label_balanced-314511,400,0,label_balanced,96,0,96,0.0,1.0,True,0.2099594920873642
label_balanced-314512,1,0,label_balanced,201,0,201,0.0,1.0,True,0.9070892930030823
label_balanced-314512,2,0,label_balanced,108,53,55,1.0188679245283019,0.9818181818181818,False,1.0367631912231445
label_balanced-314512,3,0,label_balanced,112,112,0,1.0,0.0,True,1.500617265701294
label_balanced-314512,4,0,label_balanced,86,0,86,0.0,1.0,True,0.6974659562110901
label_balanced-314512,5,0,label_balanced,160,0,160,0.0,1.0,True,0.705874502658844
label_balanced-314512,6,0,label_balanced,92,47,45,0.9787234042553191,1.0222222222222221,False,1.040132761001587
label_balanced-314512,7,0,label_balanced,135,135,0,1.0,0.0,True,1.442474365234375
label_balanced-314512,8,0,label_balanced,101,0,101,0.0,1.0,True,0.6617322564125061
label_balanced-314512,9,0,label_balanced,196,0,196,0.0,1.0,True,0.6711149215698242
label_balanced-314512,10,0,label_balanced,98,0,98,0.0,1.0,True,0.6448230147361755
label_balanced-314512,11,0,label_balanced,133,133,0,1.0,0.0,True,1.4641997814178467
label_balanced-314512,12,0,label_balanced,95,0,95,0.0,1.0,True,0.5967035889625549
label_balanced-314512,13,0,label_balanced,188,0,188,0.0,1.0,True,0.5671600699424744
label_balanced-314512,14,0,label_balanced,111,25,86,2.22,0.6453488372093024,False,1.0734820365905762
label_balanced-314512,15,0,label_balanced,129,129,0,1.0,0.0,True,1.6099098920822144
label_balanced-314512,16,0,label_balanced,98,0,98,0.0,1.0,True,0.5067710280418396
label_balanced-314512,17,0,label_balanced,192,0,192,0.0,1.0,True,0.48008784651756287
label_balanced-314512,18,0,label_balanced,99,54,45,0.9166666666666666,1.1,False,1.0997980833053589
label_balanced-314512,19,0,label_balanced,139,139,0,1.0,0.0,True,1.6786389350891113
label_balanced-314512,20,0,label_balanced,101,0,101,0.0,1.0,True,0.4790329039096832
label_balanced-314512,21,0,label_balanced,197,41,156,2.402439024390244,0.6314102564102564,False,1.1223266124725342
label_balanced-314512,22,0,label_balanced,105,105,0,1.0,0.0,True,1.6824926137924194
label_balanced-314512,23,0,label_balanced,110,110,0,1.0,0.0,True,1.552846908569336
label_balanced-314512,24,0,label_balanced,95,0,95,0.0,1.0,True,0.5564385056495667
label_balanced-314512,25,0,label_balanced,180,0,180,0.0,1.0,True,0.6182525753974915
label_balanced-314512,26,0,label_balanced,96,49,47,0.9795918367346939,1.0212765957446808,False,1.0148283243179321
label_balanced-314512,27,0,label_balanced,109,83,26,0.6566265060240963,2.0961538461538463,False,1.0081450939178467
label_balanced-314512,28,0,label_balanced,89,0,89,0.0,1.0,True,0.6550994515419006
label_balanced-314512,29,0,label_balanced,206,0,206,0.0,1.0,True,0.6585037708282471
label_balanced-314512,30,0,label_balanced,101,27,74,1.8703703703703705,0.6824324324324325,False,1.0233579874038696
label_balanced-314512,31,0,label_balanced,117,117,0,1.0,0.0,True,1.3315790891647339
label_balanced-314512,32,0,label_balanced,100,0,100,0.0,1.0,True,0.647185206413269
label_balanced-314512,33,0,label_balanced,199,0,199,0.0,1.0,True,0.6224154233932495
label_balanced-314512,34,0,label_balanced,93,20,73,2.325,0.636986301369863,False,1.060161828994751
label_balanced-314512,35,0,label_balanced,114,114,0,1.0,0.0,True,1.3593554496765137
label_balanced-314512,36,0,label_balanced,90,0,90,0.0,1.0,True,0.5818438529968262
label_balanced-314512,37,0,label_balanced,187,0,187,0.0,1.0,True,0.5866550803184509
label_balanced-314512,38,0,label_balanced,99,55,44,0.9,1.125,False,1.0508748292922974
label_balanced-314512,39,0,label_balanced,134,134,0,1.0,0.0,True,1.3316471576690674
label_balanced-314512,40,0,label_balanced,100,0,100,0.0,1.0,True,0.5557055473327637
label_balanced-314512,41,0,label_balanced,195,0,195,0.0,1.0,True,0.5663470029830933
label_balanced-314512,42,0,label_balanced,96,26,70,1.8461538461538463,0.6857142857142857,False,1.0297913551330566
label_balanced-314512,43,0,label_balanced,141,141,0,1.0,0.0,True,1.4762977361679077
label_balanced-314512,44,0,label_balanced,88,0,88,0.0,1.0,True,0.45885223150253296
label_balanced-314512,45,0,label_balanced,180,0,180,0.0,1.0,True,0.47026222944259644
label_balanced-314512,46,0,label_balanced,111,30,81,1.85,0.6851851851851852,False,1.0143725872039795
label_balanced-314512,47,0,label_balanced,117,117,0,1.0,0.0,True,1.4832677841186523
label_balanced-314512,48,0,label_balanced,99,0,99,0.0,1.0,True,0.4210957884788513
label_balanced-314512,49,0,label_balanced,195,0,195,0.0,1.0,True,0.4882725775241852
label_balanced-314512,50,0,label_balanced,98,0,98,0.0,1.0,True,0.4025137722492218
label_balanced-314512,51,0,label_balanced,127,97,30,0.654639175257732,2.1166666666666667,False,1.0260674953460693
label_balanced-314512,52,0,label_balanced,101,0,101,0.0,1.0,True,0.343039333820343
label_balanced-314512,53,0,label_balanced,236,0,236,0.0,1.0,True,0.31978994607925415
label_balanced-314512,54,0,label_balanced,104,25,79,2.08,0.6582278481012658,False,1.1608933210372925
label_balanced-314512,55,0,label_balanced,120,120,0,1.0,0.0,True,1.9441535472869873
label_balanced-314512,56,0,label_balanced,101,0,101,0.0,1.0,True,0.22133058309555054
label_balanced-314512,57,0,label_balanced,212,0,212,0.0,1.0,True,0.22550858557224274
label_balanced-314512,58,0,label_balanced,108,31,77,1.7419354838709677,0.7012987012987013,False,1.1867527961730957
label_balanced-314512,59,0,label_balanced,147,111,36,0.6621621621621622,2.0416666666666665,False,1.1539448499679565
label_balanced-314512,60,0,label_balanced,98,0,98,0.0,1.0,True,0.19590608775615692
label_balanced-314512,61,0,label_balanced,213,56,157,1.9017857142857142,0.678343949044586,False,1.1730749607086182
label_balanced-314512,62,0,label_balanced,100,57,43,0.8771929824561403,1.1627906976744187,False,1.2231467962265015
label_balanced-314512,63,0,label_balanced,140,101,39,0.693069306930693,1.794871794871795,False,1.039823293685913
label_balanced-314512,64,0,label_balanced,97,27,70,1.7962962962962963,0.6928571428571428,False,1.1567566394805908
label_balanced-314512,65,0,label_balanced,224,0,224,0.0,1.0,True,0.3544518053531647
label_balanced-314512,66,0,label_balanced,93,28,65,1.6607142857142858,0.7153846153846154,False,0.8244853615760803
label_balanced-314512,67,0,label_balanced,136,136,0,1.0,0.0,True,1.299761414527893
label_balanced-314512,68,0,label_balanced,120,0,120,0.0,1.0,True,0.4797631502151489
label_balanced-314512,69,0,label_balanced,211,0,211,0.0,1.0,True,0.5248808264732361
label_balanced-314512,70,0,label_balanced,112,29,83,1.9310344827586208,0.6746987951807228,False,1.0796412229537964
label_balanced-314512,71,0,label_balanced,127,127,0,1.0,0.0,True,1.2004694938659668
label_balanced-314512,72,0,label_balanced,93,0,93,0.0,1.0,True,0.48467203974723816
label_balanced-314512,73,0,label_balanced,205,0,205,0.0,1.0,True,0.4952276349067688
label_balanced-314512,74,0,label_balanced,100,0,100,0.0,1.0,True,0.5601682662963867
label_balanced-314512,75,0,label_balanced,128,128,0,1.0,0.0,True,1.2509701251983643
label_balanced-314512,76,0,label_balanced,102,0,102,0.0,1.0,True,0.3927241563796997
label_balanced-314512,77,0,label_balanced,226,58,168,1.9482758620689655,0.6726190476190477,False,0.9796134233474731
label_balanced-314512,78,0,label_balanced,90,28,62,1.6071428571428572,0.7258064516129032,False,1.0195220708847046
label_balanced-314512,79,0,label_balanced,132,132,0,1.0,0.0,True,1.3125544786453247
label_balanced-314512,80,0,label_balanced,92,0,92,0.0,1.0,True,0.38992542028427124
label_balanced-314512,81,0,label_balanced,194,0,194,0.0,1.0,True,0.4491390585899353
label_balanced-314512,82,0,label_balanced,99,27,72,1.8333333333333333,0.6875,False,0.8798816204071045
label_balanced-314512,83,0,label_balanced,131,131,0,1.0,0.0,True,1.3768457174301147
label_balanced-314512,84,0,label_balanced,110,0,110,0.0,1.0,True,0.4286843538284302
label_balanced-314512,85,0,label_balanced,207,0,207,0.0,1.0,True,0.4731633961200714
label_balanced-314512,86,0,label_balanced,104,55,49,0.9454545454545454,1.0612244897959184,False,1.03970205783844
label_balanced-314512,87,0,label_balanced,122,93,29,0.6559139784946236,2.103448275862069,False,0.9715265035629272
label_balanced-314512,88,0,label_balanced,108,0,108,0.0,1.0,True,0.3238793909549713
label_balanced-314512,89,0,label_balanced,181,88,93,1.0284090909090908,0.9731182795698925,False,1.2489722967147827
label_balanced-314512,90,0,label_balanced,104,81,23,0.6419753086419753,2.260869565217391,False,1.0717766284942627
label_balanced-314512,91,0,label_balanced,141,141,0,1.0,0.0,True,1.352573275566101
label_balanced-314512,92,0,label_balanced,92,0,92,0.0,1.0,True,0.279035359621048
label_balanced-314512,93,0,label_balanced,211,0,211,0.0,1.0,True,0.42044496536254883
label_balanced-314512,94,0,label_balanced,102,0,102,0.0,1.0,True,0.3774696886539459
label_balanced-314512,95,0,label_balanced,126,126,0,1.0,0.0,True,1.1153494119644165
label_balanced-314512,96,0,label_balanced,104,0,104,0.0,1.0,True,0.2738100290298462
label_balanced-314512,97,0,label_balanced,202,0,202,0.0,1.0,True,0.33922070264816284
label_balanced-314512,98,0,label_balanced,101,30,71,1.6833333333333333,0.7112676056338029,False,1.1294167041778564
label_balanced-314512,99,0,label_balanced,153,153,0,1.0,0.0,True,1.154432773590088
label_balanced-314512,100,0,label_balanced,97,0,97,0.0,1.0,True,0.27005380392074585
label_balanced-314512,101,0,label_balanced,238,0,238,0.0,1.0,True,0.2979032099246979
label_balanced-314512,102,0,label_balanced,112,29,83,1.9310344827586208,0.6746987951807228,False,0.7362662553787231
label_balanced-314512,103,0,label_balanced,129,129,0,1.0,0.0,True,1.0050519704818726
label_balanced-314512,104,0,label_balanced,98,0,98,0.0,1.0,True,0.3716880679130554
label_balanced-314512,105,0,label_balanced,232,0,232,0.0,1.0,True,0.2825372517108917
label_balanced-314512,106,0,label_balanced,102,83,19,0.6144578313253012,2.6842105263157894,False,1.0536048412322998
label_balanced-314512,107,0,label_balanced,145,145,0,1.0,0.0,True,0.8783871531486511
label_balanced-314512,108,0,label_balanced,91,0,91,0.0,1.0,True,0.18831613659858704
label_balanced-314512,109,0,label_balanced,195,0,195,0.0,1.0,True,0.31742411851882935
label_balanced-314512,110,0,label_balanced,96,0,96,0.0,1.0,True,0.2262316644191742
label_balanced-314512,111,0,label_balanced,132,132,0,1.0,0.0,True,1.2770336866378784
label_balanced-314512,112,0,label_balanced,98,0,98,0.0,1.0,True,0.19111831486225128
label_balanced-314512,113,0,label_balanced,207,0,207,0.0,1.0,True,0.12688679993152618
label_balanced-314512,114,0,label_balanced,110,26,84,2.1153846153846154,0.6547619047619048,False,1.0248467922210693
label_balanced-314512,115,0,label_balanced,149,149,0,1.0,0.0,True,1.011523723602295
label_balanced-314512,116,0,label_balanced,115,0,115,0.0,1.0,True,0.3526078760623932
label_balanced-314512,117,0,label_balanced,218,0,218,0.0,1.0,True,0.22219093143939972
label_balanced-314512,118,0,label_balanced,102,0,102,0.0,1.0,True,0.5954300165176392
label_balanced-314512,119,0,label_balanced,142,142,0,1.0,0.0,True,0.8445627689361572
label_balanced-314512,120,0,label_balanced,107,0,107,0.0,1.0,True,0.20357035100460052
label_balanced-314512,121,0,label_balanced,196,57,139,1.719298245614035,0.7050359712230215,False,1.2097481489181519
label_balanced-314512,122,0,label_balanced,80,20,60,2.0,0.6666666666666666,False,0.8167594075202942
label_balanced-314512,123,0,label_balanced,135,135,0,1.0,0.0,True,0.7840529680252075
label_balanced-314512,124,0,label_balanced,126,0,126,0.0,1.0,True,0.5518054962158203
label_balanced-314512,125,0,label_balanced,233,0,233,0.0,1.0,True,0.6023120880126953
label_balanced-314512,126,0,label_balanced,96,29,67,1.6551724137931034,0.7164179104477612,False,0.8883450627326965
label_balanced-314512,127,0,label_balanced,136,136,0,1.0,0.0,True,0.5077024698257446
label_balanced-314512,128,0,label_balanced,94,0,94,0.0,1.0,True,0.30957961082458496
label_balanced-314512,129,0,label_balanced,213,0,213,0.0,1.0,True,0.37255415320396423
label_balanced-314512,130,0,label_balanced,87,0,87,0.0,1.0,True,0.23208749294281006
label_balanced-314512,131,0,label_balanced,151,114,37,0.6622807017543859,2.0405405405405403,False,0.7208651304244995
label_balanced-314512,132,0,label_balanced,89,0,89,0.0,1.0,True,0.1455579400062561
label_balanced-314512,133,0,label_balanced,176,0,176,0.0,1.0,True,0.062263719737529755
label_balanced-314512,134,0,label_balanced,109,28,81,1.9464285714285714,0.6728395061728395,False,1.3889063596725464
label_balanced-314512,135,0,label_balanced,134,93,41,0.7204301075268817,1.6341463414634145,False,1.2215547561645508
label_balanced-314512,136,0,label_balanced,92,0,92,0.0,1.0,True,0.05273886397480965
label_balanced-314512,137,0,label_balanced,194,0,194,0.0,1.0,True,0.017236080020666122
label_balanced-314512,138,0,label_balanced,106,46,60,1.1521739130434783,0.8833333333333333,False,1.5592402219772339
label_balanced-314512,139,0,label_balanced,159,123,36,0.6463414634146342,2.2083333333333335,False,0.931981086730957
label_balanced-314512,140,0,label_balanced,92,0,92,0.0,1.0,True,0.05850301310420036
label_balanced-314512,141,0,label_balanced,181,0,181,0.0,1.0,True,0.026748115196824074
label_balanced-314512,142,0,label_balanced,102,23,79,2.217391304347826,0.6455696202531646,False,1.3558121919631958
label_balanced-314512,143,0,label_balanced,154,154,0,1.0,0.0,True,1.1915154457092285
label_balanced-314512,144,0,label_balanced,88,0,88,0.0,1.0,True,0.07938742637634277
label_balanced-314512,145,0,label_balanced,172,0,172,0.0,1.0,True,0.1282358169555664
label_balanced-314512,146,0,label_balanced,99,0,99,0.0,1.0,True,0.37422308325767517
label_balanced-314512,147,0,label_balanced,130,130,0,1.0,0.0,True,0.8388641476631165
label_balanced-314512,148,0,label_balanced,88,0,88,0.0,1.0,True,0.2710207998752594
label_balanced-314512,149,0,label_balanced,189,0,189,0.0,1.0,True,0.22835798561573029
label_balanced-314512,150,0,label_balanced,100,48,52,1.0416666666666667,0.9615384615384616,False,1.025289535522461
label_balanced-314512,151,0,label_balanced,141,141,0,1.0,0.0,True,0.41491588950157166
label_balanced-314512,152,0,label_balanced,86,0,86,0.0,1.0,True,0.3616196811199188
label_balanced-314512,153,0,label_balanced,161,0,161,0.0,1.0,True,0.2746201455593109
label_balanced-314512,154,0,label_balanced,107,0,107,0.0,1.0,True,0.5831561088562012
label_balanced-314512,155,0,label_balanced,135,135,0,1.0,0.0,True,0.6597301959991455
label_balanced-314512,156,0,label_balanced,80,0,80,0.0,1.0,True,0.11062659323215485
label_balanced-314512,157,0,label_balanced,174,0,174,0.0,1.0,True,0.0943097323179245
label_balanced-314512,158,0,label_balanced,103,55,48,0.9363636363636364,1.0729166666666667,False,1.111437439918518
label_balanced-314512,159,0,label_balanced,157,157,0,1.0,0.0,True,0.8868400454521179
label_balanced-314512,160,0,label_balanced,98,0,98,0.0,1.0,True,0.15356403589248657
label_balanced-314512,161,0,label_balanced,170,0,170,0.0,1.0,True,0.05683986470103264
label_balanced-314512,162,0,label_balanced,102,54,48,0.9444444444444444,1.0625,False,1.2324358224868774
label_balanced-314512,163,0,label_balanced,163,163,0,1.0,0.0,True,0.710942804813385
label_balanced-314512,164,0,label_balanced,90,0,90,0.0,1.0,True,0.15835992991924286
label_balanced-314512,165,0,label_balanced,148,0,148,0.0,1.0,True,0.0820276066660881
label_balanced-314512,166,0,label_balanced,96,0,96,0.0,1.0,True,0.5301791429519653
label_balanced-314512,167,0,label_balanced,138,98,40,0.7040816326530612,1.725,False,1.2819488048553467
label_balanced-314512,168,0,label_balanced,86,0,86,0.0,1.0,True,0.0714620053768158
label_balanced-314512,169,0,label_balanced,138,0,138,0.0,1.0,True,0.034411996603012085
label_balanced-314512,170,0,label_balanced,112,61,51,0.9180327868852459,1.0980392156862746,False,0.8923684358596802
label_balanced-314512,171,0,label_balanced,145,145,0,1.0,0.0,True,0.867110013961792
label_balanced-314512,172,0,label_balanced,82,0,82,0.0,1.0,True,0.03534867241978645
label_balanced-314512,173,0,label_balanced,161,0,161,0.0,1.0,True,0.11263445764780045
label_balanced-314512,174,0,label_balanced,117,57,60,1.0263157894736843,0.975,False,1.0525237321853638
label_balanced-314512,175,0,label_balanced,131,97,34,0.6752577319587629,1.9264705882352942,False,0.40828490257263184
label_balanced-314512,176,0,label_balanced,90,0,90,0.0,1.0,True,0.17538683116436005
label_balanced-314512,177,0,label_balanced,150,0,150,0.0,1.0,True,0.05695763975381851
label_balanced-314512,178,0,label_balanced,96,24,72,2.0,0.6666666666666666,False,0.962613046169281
label_balanced-314512,179,0,label_balanced,155,155,0,1.0,0.0,True,0.5535287857055664
label_balanced-314512,180,0,label_balanced,90,0,90,0.0,1.0,True,0.3965013921260834
label_balanced-314512,181,0,label_balanced,138,0,138,0.0,1.0,True,0.10791922360658646
label_balanced-314512,182,0,label_balanced,108,0,108,0.0,1.0,True,0.7547159194946289
label_balanced-314512,183,0,label_balanced,167,167,0,1.0,0.0,True,0.3933911621570587
label_balanced-314512,184,0,label_balanced,84,0,84,0.0,1.0,True,0.11162900924682617
label_balanced-314512,185,0,label_balanced,143,0,143,0.0,1.0,True,0.0601499006152153
label_balanced-314512,186,0,label_balanced,93,20,73,2.325,0.636986301369863,False,0.8358204364776611
label_balanced-314512,187,0,label_balanced,147,147,0,1.0,0.0,True,0.7874484062194824
label_balanced-314512,188,0,label_balanced,78,0,78,0.0,1.0,True,0.0752415731549263
label_balanced-314512,189,0,label_balanced,149,0,149,0.0,1.0,True,0.07285520434379578
label_balanced-314512,190,0,label_balanced,94,26,68,1.8076923076923077,0.6911764705882353,False,1.2325444221496582
label_balanced-314512,191,0,label_balanced,133,101,32,0.6584158415841584,2.078125,False,0.8640908002853394
label_balanced-314512,192,0,label_balanced,99,0,99,0.0,1.0,True,0.20757485926151276
label_balanced-314512,193,0,label_balanced,130,0,130,0.0,1.0,True,0.13829946517944336
label_balanced-314512,194,0,label_balanced,99,54,45,0.9166666666666666,1.1,False,0.4635159373283386
label_balanced-314512,195,0,label_balanced,163,163,0,1.0,0.0,True,0.7753536105155945
label_balanced-314512,196,0,label_balanced,91,0,91,0.0,1.0,True,0.07915683835744858
label_balanced-314512,197,0,label_balanced,152,0,152,0.0,1.0,True,0.11225733160972595
label_balanced-314512,198,0,label_balanced,97,52,45,0.9326923076923077,1.0777777777777777,False,0.6153000593185425
label_balanced-314512,199,0,label_balanced,150,150,0,1.0,0.0,True,0.4340137839317322
label_balanced-314512,200,0,label_balanced,77,0,77,0.0,1.0,True,0.06220310926437378
label_balanced-314512,201,0,label_balanced,148,0,148,0.0,1.0,True,0.076735720038414
label_balanced-314512,202,0,label_balanced,90,0,90,0.0,1.0,True,0.5530900955200195
label_balanced-314512,203,0,label_balanced,141,73,68,0.9657534246575342,1.036764705882353,False,1.3021373748779297
label_balanced-314512,204,0,label_balanced,76,0,76,0.0,1.0,True,0.14738407731056213
label_balanced-314512,205,0,label_balanced,139,0,139,0.0,1.0,True,0.12544821202754974
label_balanced-314512,206,0,label_balanced,100,24,76,2.0833333333333335,0.6578947368421053,False,0.8304607272148132
label_balanced-314512,207,0,label_balanced,129,101,28,0.6386138613861386,2.3035714285714284,False,1.1012048721313477
label_balanced-314512,208,0,label_balanced,94,0,94,0.0,1.0,True,0.025619972497224808
label_balanced-314512,209,0,label_balanced,174,0,174,0.0,1.0,True,0.05250531807541847
label_balanced-314512,210,0,label_balanced,99,41,58,1.2073170731707317,0.853448275862069,False,1.6422680616378784
label_balanced-314512,211,0,label_balanced,142,142,0,1.0,0.0,True,0.9526265859603882
label_balanced-314512,212,0,label_balanced,95,0,95,0.0,1.0,True,0.014582858420908451
label_balanced-314512,213,0,label_balanced,129,0,129,0.0,1.0,True,0.01701742224395275
label_balanced-314512,214,0,label_balanced,92,46,46,1.0,1.0,False,1.5282717943191528
label_balanced-314512,215,0,label_balanced,143,143,0,1.0,0.0,True,0.6246530413627625
label_balanced-314512,216,0,label_balanced,77,0,77,0.0,1.0,True,0.02948441356420517
label_balanced-314512,217,0,label_balanced,145,0,145,0.0,1.0,True,0.060532812029123306
label_balanced-314512,218,0,label_balanced,115,64,51,0.8984375,1.1274509803921569,False,0.8328673839569092
label_balanced-314512,219,0,label_balanced,145,145,0,1.0,0.0,True,0.2783109247684479
label_balanced-314512,220,0,label_balanced,94,0,94,0.0,1.0,True,0.26465922594070435
label_balanced-314512,221,0,label_balanced,144,0,144,0.0,1.0,True,0.18147359788417816
label_balanced-314512,222,0,label_balanced,97,30,67,1.6166666666666667,0.7238805970149254,False,0.8896604180335999
label_balanced-314512,223,0,label_balanced,149,149,0,1.0,0.0,True,0.41684040427207947
label_balanced-314512,224,0,label_balanced,78,0,78,0.0,1.0,True,0.36543041467666626
label_balanced-314512,225,0,label_balanced,138,0,138,0.0,1.0,True,0.23670664429664612
label_balanced-314512,226,0,label_balanced,125,102,23,0.6127450980392157,2.717391304347826,False,0.6570359468460083
label_balanced-314512,227,0,label_balanced,132,132,0,1.0,0.0,True,0.20132432878017426
label_balanced-314512,228,0,label_balanced,85,0,85,0.0,1.0,True,0.5712239742279053
label_balanced-314512,229,0,label_balanced,151,0,151,0.0,1.0,True,0.36969080567359924
label_balanced-314512,230,0,label_balanced,94,51,43,0.9215686274509803,1.0930232558139534,False,1.1976120471954346
label_balanced-314512,231,0,label_balanced,147,147,0,1.0,0.0,True,0.49358388781547546
label_balanced-314512,232,0,label_balanced,89,0,89,0.0,1.0,True,0.07797768712043762
label_balanced-314512,233,0,label_balanced,171,0,171,0.0,1.0,True,0.05999990552663803
label_balanced-314512,234,0,label_balanced,116,31,85,1.8709677419354838,0.6823529411764706,False,1.169119119644165
label_balanced-314512,235,0,label_balanced,148,148,0,1.0,0.0,True,0.6690511703491211
label_balanced-314512,236,0,label_balanced,85,0,85,0.0,1.0,True,0.03902774676680565
label_balanced-314512,237,0,label_balanced,181,0,181,0.0,1.0,True,0.1092374324798584
label_balanced-314512,238,0,label_balanced,104,22,82,2.3636363636363638,0.6341463414634146,False,1.3595227003097534
label_balanced-314512,239,0,label_balanced,126,126,0,1.0,0.0,True,0.3936332166194916
label_balanced-314512,240,0,label_balanced,85,0,85,0.0,1.0,True,0.06802217662334442
label_balanced-314512,241,0,label_balanced,179,0,179,0.0,1.0,True,0.07651819288730621
label_balanced-314512,242,0,label_balanced,119,37,82,1.6081081081081081,0.725609756097561,False,0.6162853240966797
label_balanced-314512,243,0,label_balanced,137,137,0,1.0,0.0,True,0.26564961671829224
label_balanced-314512,244,0,label_balanced,94,0,94,0.0,1.0,True,0.2707756757736206
label_balanced-314512,245,0,label_balanced,167,0,167,0.0,1.0,True,0.10643825680017471
label_balanced-314512,246,0,label_balanced,103,31,72,1.6612903225806452,0.7152777777777778,False,0.7722388505935669
label_balanced-314512,247,0,label_balanced,145,145,0,1.0,0.0,True,0.2375771552324295
label_balanced-314512,248,0,label_balanced,85,0,85,0.0,1.0,True,0.40874144434928894
label_balanced-314512,249,0,label_balanced,160,0,160,0.0,1.0,True,0.2490704506635666
label_balanced-314512,250,0,label_balanced,104,34,70,1.5294117647058822,0.7428571428571429,False,0.9275849461555481
label_balanced-314512,251,0,label_balanced,147,147,0,1.0,0.0,True,0.3936993181705475
label_balanced-314512,252,0,label_balanced,82,0,82,0.0,1.0,True,0.11944041401147842
label_balanced-314512,253,0,label_balanced,153,0,153,0.0,1.0,True,0.1600029170513153
label_balanced-314512,254,0,label_balanced,118,49,69,1.2040816326530612,0.855072463768116,False,1.2971323728561401
label_balanced-314512,255,0,label_balanced,125,95,30,0.6578947368421053,2.0833333333333335,False,0.8036752343177795
label_balanced-314512,256,0,label_balanced,78,0,78,0.0,1.0,True,0.27266448736190796
label_balanced-314512,257,0,label_balanced,131,0,131,0.0,1.0,True,0.05306611582636833
label_balanced-314512,258,0,label_balanced,110,34,76,1.6176470588235294,0.7236842105263158,False,1.1047462224960327
label_balanced-314512,259,0,label_balanced,143,116,27,0.6163793103448276,2.6481481481481484,False,0.3508222699165344
label_balanced-314512,260,0,label_balanced,94,0,94,0.0,1.0,True,0.041215404868125916
label_balanced-314512,261,0,label_balanced,155,0,155,0.0,1.0,True,0.05084466561675072
label_balanced-314512,262,0,label_balanced,95,49,46,0.9693877551020408,1.0326086956521738,False,1.384475827217102
label_balanced-314512,263,0,label_balanced,134,105,29,0.638095238095238,2.310344827586207,False,0.4574749767780304
label_balanced-314512,264,0,label_balanced,86,0,86,0.0,1.0,True,0.03028041310608387
label_balanced-314512,265,0,label_balanced,143,0,143,0.0,1.0,True,0.029022393748164177
label_balanced-314512,266,0,label_balanced,91,0,91,0.0,1.0,True,0.2157701998949051
label_balanced-314512,267,0,label_balanced,136,63,73,1.0793650793650793,0.9315068493150684,False,0.6417829394340515
label_balanced-314512,268,0,label_balanced,85,0,85,0.0,1.0,True,0.011908425949513912
label_balanced-314512,269,0,label_balanced,147,0,147,0.0,1.0,True,0.014281918294727802
label_balanced-314512,270,0,label_balanced,87,69,18,0.6304347826086957,2.4166666666666665,False,1.2779041528701782
label_balanced-314512,271,0,label_balanced,174,174,0,1.0,0.0,True,0.7427734732627869
label_balanced-314512,272,0,label_balanced,80,0,80,0.0,1.0,True,0.026627076789736748
label_balanced-314512,273,0,label_balanced,184,0,184,0.0,1.0,True,0.032640084624290466
label_balanced-314512,274,0,label_balanced,97,25,72,1.94,0.6736111111111112,False,1.4300241470336914
label_balanced-314512,275,0,label_balanced,140,107,33,0.6542056074766355,2.121212121212121,False,0.7529723048210144
label_balanced-314512,276,0,label_balanced,100,0,100,0.0,1.0,True,0.28349006175994873
label_balanced-314512,277,0,label_balanced,147,0,147,0.0,1.0,True,0.032627351582050323
label_balanced-314512,278,0,label_balanced,114,32,82,1.78125,0.6951219512195121,False,1.5092891454696655
label_balanced-314512,279,0,label_balanced,143,104,39,0.6875,1.8333333333333333,False,0.815266489982605
label_balanced-314512,280,0,label_balanced,96,0,96,0.0,1.0,True,0.16767989099025726
label_balanced-314512,281,0,label_balanced,129,0,129,0.0,1.0,True,0.07071395963430405
label_balanced-314512,282,0,label_balanced,108,25,83,2.16,0.6506024096385542,False,1.2448521852493286
label_balanced-314512,283,0,label_balanced,149,149,0,1.0,0.0,True,0.3365350663661957
label_balanced-314512,284,0,label_balanced,86,0,86,0.0,1.0,True,0.06337213516235352
label_balanced-314512,285,0,label_balanced,142,0,142,0.0,1.0,True,0.1327054500579834
label_balanced-314512,286,0,label_balanced,95,0,95,0.0,1.0,True,0.2458704560995102
label_balanced-314512,287,0,label_balanced,160,160,0,1.0,0.0,True,0.7620019316673279
label_balanced-314512,288,0,label_balanced,90,0,90,0.0,1.0,True,0.06704273074865341
label_balanced-314512,289,0,label_balanced,138,0,138,0.0,1.0,True,0.08125623315572739
label_balanced-314512,290,0,label_balanced,119,36,83,1.6527777777777777,0.7168674698795181,False,0.5727052092552185
label_balanced-314512,291,0,label_balanced,169,85,84,0.9941176470588236,1.005952380952381,False,0.57472163438797
label_balanced-314512,292,0,label_balanced,91,0,91,0.0,1.0,True,0.06812600046396255
label_balanced-314512,293,0,label_balanced,141,0,141,0.0,1.0,True,0.02922923117876053
label_balanced-314512,294,0,label_balanced,108,36,72,1.5,0.75,False,0.711654543876648
label_balanced-314512,295,0,label_balanced,137,137,0,1.0,0.0,True,0.9627451300621033
label_balanced-314512,296,0,label_balanced,77,0,77,0.0,1.0,True,0.1428515464067459
label_balanced-314512,297,0,label_balanced,149,0,149,0.0,1.0,True,0.06063837558031082
label_balanced-314512,298,0,label_balanced,97,30,67,1.6166666666666667,0.7238805970149254,False,0.6964964270591736
label_balanced-314512,299,0,label_balanced,150,150,0,1.0,0.0,True,0.29582977294921875
label_balanced-314512,300,0,label_balanced,73,0,73,0.0,1.0,True,0.08775006979703903
label_balanced-314512,301,0,label_balanced,188,0,188,0.0,1.0,True,0.14599648118019104
label_balanced-314512,302,0,label_balanced,99,0,99,0.0,1.0,True,0.8810490965843201
label_balanced-314512,303,0,label_balanced,121,121,0,1.0,0.0,True,0.3240935206413269
label_balanced-314512,304,0,label_balanced,86,0,86,0.0,1.0,True,0.1826004534959793
label_balanced-314512,305,0,label_balanced,133,0,133,0.0,1.0,True,0.1331159770488739
label_balanced-314512,306,0,label_balanced,115,0,115,0.0,1.0,True,0.4105311334133148
label_balanced-314512,307,0,label_balanced,145,108,37,0.6712962962962963,1.9594594594594594,False,0.7590076327323914
label_balanced-314512,308,0,label_balanced,88,0,88,0.0,1.0,True,0.19111627340316772
label_balanced-314512,309,0,label_balanced,141,0,141,0.0,1.0,True,0.022892337292432785
label_balanced-314512,310,0,label_balanced,109,0,109,0.0,1.0,True,0.07233556360006332
label_balanced-314512,311,0,label_balanced,134,134,0,1.0,0.0,True,1.0477145910263062
label_balanced-314512,312,0,label_balanced,84,0,84,0.0,1.0,True,0.015668926760554314
label_balanced-314512,313,0,label_balanced,136,0,136,0.0,1.0,True,0.027215123176574707
label_balanced-314512,314,0,label_balanced,95,26,69,1.8269230769230769,0.6884057971014492,False,1.522719144821167
label_balanced-314512,315,0,label_balanced,148,148,0,1.0,0.0,True,1.026220440864563
label_balanced-314512,316,0,label_balanced,82,0,82,0.0,1.0,True,0.01298435777425766
label_balanced-314512,317,0,label_balanced,144,0,144,0.0,1.0,True,0.027613714337348938
label_balanced-314512,318,0,label_balanced,97,23,74,2.108695652173913,0.6554054054054054,False,1.3967887163162231
label_balanced-314512,319,0,label_balanced,130,97,33,0.6701030927835051,1.9696969696969697,False,0.8983165621757507
label_balanced-314512,320,0,label_balanced,86,0,86,0.0,1.0,True,0.14276692271232605
label_balanced-314512,321,0,label_balanced,143,0,143,0.0,1.0,True,0.037948399782180786
label_balanced-314512,322,0,label_balanced,97,31,66,1.564516129032258,0.7348484848484849,False,0.38326433300971985
label_balanced-314512,323,0,label_balanced,147,147,0,1.0,0.0,True,0.3311472237110138
label_balanced-314512,324,0,label_balanced,84,0,84,0.0,1.0,True,0.13480792939662933
label_balanced-314512,325,0,label_balanced,162,0,162,0.0,1.0,True,0.07448489218950272
label_balanced-314512,326,0,label_balanced,115,62,53,0.9274193548387096,1.0849056603773586,False,1.3084237575531006
label_balanced-314512,327,0,label_balanced,143,143,0,1.0,0.0,True,0.2625729739665985
label_balanced-314512,328,0,label_balanced,81,0,81,0.0,1.0,True,0.18552038073539734
label_balanced-314512,329,0,label_balanced,162,0,162,0.0,1.0,True,0.11889246106147766
label_balanced-314512,330,0,label_balanced,100,27,73,1.8518518518518519,0.684931506849315,False,0.7717841267585754
label_balanced-314512,331,0,label_balanced,154,154,0,1.0,0.0,True,0.30059030652046204
label_balanced-314512,332,0,label_balanced,94,0,94,0.0,1.0,True,0.39323875308036804
label_balanced-314512,333,0,label_balanced,148,0,148,0.0,1.0,True,0.2080557495355606
label_balanced-314512,334,0,label_balanced,114,94,20,0.6063829787234043,2.85,False,1.1364470720291138
label_balanced-314512,335,0,label_balanced,126,126,0,1.0,0.0,True,0.3635883331298828
label_balanced-314512,336,0,label_balanced,80,0,80,0.0,1.0,True,0.08316566795110703
label_balanced-314512,337,0,label_balanced,145,0,145,0.0,1.0,True,0.13672558963298798
label_balanced-314512,338,0,label_balanced,105,32,73,1.640625,0.7191780821917808,False,0.49143341183662415
label_balanced-314512,339,0,label_balanced,133,133,0,1.0,0.0,True,0.45945852994918823
label_balanced-314512,340,0,label_balanced,90,0,90,0.0,1.0,True,0.24703899025917053
label_balanced-314512,341,0,label_balanced,137,0,137,0.0,1.0,True,0.034396689385175705
label_balanced-314512,342,0,label_balanced,112,31,81,1.8064516129032258,0.691358024691358,False,0.7602734565734863
label_balanced-314512,343,0,label_balanced,122,96,26,0.6354166666666666,2.3461538461538463,False,0.66490638256073
label_balanced-314512,344,0,label_balanced,93,0,93,0.0,1.0,True,0.050399940460920334
label_balanced-314512,345,0,label_balanced,145,0,145,0.0,1.0,True,0.038491636514663696
label_balanced-314512,346,0,label_balanced,103,28,75,1.8392857142857142,0.6866666666666666,False,0.5516815781593323
label_balanced-314512,347,0,label_balanced,135,135,0,1.0,0.0,True,1.0422910451889038
label_balanced-314512,348,0,label_balanced,83,0,83,0.0,1.0,True,0.044472530484199524
label_balanced-314512,349,0,label_balanced,142,0,142,0.0,1.0,True,0.041733935475349426
label_balanced-314512,350,0,label_balanced,104,82,22,0.6341463414634146,2.3636363636363638,False,0.9344472885131836
label_balanced-314512,351,0,label_balanced,131,131,0,1.0,0.0,True,0.4711706042289734
label_balanced-314512,352,0,label_balanced,99,0,99,0.0,1.0,True,0.07413647323846817
label_balanced-314512,353,0,label_balanced,139,0,139,0.0,1.0,True,0.038583092391490936
label_balanced-314512,354,0,label_balanced,104,28,76,1.8571428571428572,0.6842105263157895,False,1.430955171585083
label_balanced-314512,355,0,label_balanced,147,147,0,1.0,0.0,True,0.40198588371276855
label_balanced-314512,356,0,label_balanced,90,0,90,0.0,1.0,True,0.2582465708255768
label_balanced-314512,357,0,label_balanced,162,0,162,0.0,1.0,True,0.23232103884220123
label_balanced-314512,358,0,label_balanced,105,21,84,2.5,0.625,False,1.9949501752853394
label_balanced-314512,359,0,label_balanced,129,24,105,2.6875,0.6142857142857143,False,1.2691439390182495
label_balanced-314512,360,0,label_balanced,79,0,79,0.0,1.0,True,0.054630354046821594
label_balanced-314512,361,0,label_balanced,131,0,131,0.0,1.0,True,0.09409374743700027
label_balanced-314512,362,0,label_balanced,90,0,90,0.0,1.0,True,0.1948043256998062
label_balanced-314512,363,0,label_balanced,156,156,0,1.0,0.0,True,0.48016175627708435
label_balanced-314512,364,0,label_balanced,74,0,74,0.0,1.0,True,0.04282568395137787
label_balanced-314512,365,0,label_balanced,152,0,152,0.0,1.0,True,0.049317434430122375
label_balanced-314512,366,0,label_balanced,111,25,86,2.22,0.6453488372093024,False,1.1561092138290405
label_balanced-314512,367,0,label_balanced,143,143,0,1.0,0.0,True,1.0117673873901367
label_balanced-314512,368,0,label_balanced,89,0,89,0.0,1.0,True,0.04748233035206795
label_balanced-314512,369,0,label_balanced,159,0,159,0.0,1.0,True,0.06331615895032883
label_balanced-314512,370,0,label_balanced,100,63,37,0.7936507936507936,1.3513513513513513,False,0.6677641272544861
label_balanced-314512,371,0,label_balanced,146,112,34,0.6517857142857143,2.1470588235294117,False,1.1931602954864502
label_balanced-314512,372,0,label_balanced,87,0,87,0.0,1.0,True,0.06744279712438583
label_balanced-314512,373,0,label_balanced,152,0,152,0.0,1.0,True,0.10079583525657654
label_balanced-314512,374,0,label_balanced,98,55,43,0.8909090909090909,1.1395348837209303,False,0.9727948904037476
label_balanced-314512,375,0,label_balanced,137,98,39,0.6989795918367347,1.7564102564102564,False,0.8287386894226074
label_balanced-314512,376,0,label_balanced,85,0,85,0.0,1.0,True,0.21922406554222107
label_balanced-314512,377,0,label_balanced,154,0,154,0.0,1.0,True,0.1632322371006012
label_balanced-314512,378,0,label_balanced,104,79,25,0.6582278481012658,2.08,False,0.76396244764328
label_balanced-314512,379,0,label_balanced,152,116,36,0.6551724137931034,2.111111111111111,False,1.0305147171020508
label_balanced-314512,380,0,label_balanced,91,0,91,0.0,1.0,True,0.14870643615722656
label_balanced-314512,381,0,label_balanced,144,0,144,0.0,1.0,True,0.048286814242601395
label_balanced-314512,382,0,label_balanced,107,64,43,0.8359375,1.244186046511628,False,0.9941093921661377
label_balanced-314512,383,0,label_balanced,138,98,40,0.7040816326530612,1.725,False,0.8525044322013855
label_balanced-314512,384,0,label_balanced,81,0,81,0.0,1.0,True,0.06094055995345116
label_balanced-314512,385,0,label_balanced,146,0,146,0.0,1.0,True,0.031458985060453415
label_balanced-314512,386,0,label_balanced,101,23,78,2.1956521739130435,0.6474358974358975,False,1.4377082586288452
label_balanced-314512,387,0,label_balanced,150,150,0,1.0,0.0,True,0.8459755182266235
label_balanced-314512,388,0,label_balanced,85,0,85,0.0,1.0,True,0.07547979801893234
label_balanced-314512,389,0,label_balanced,138,0,138,0.0,1.0,True,0.02671024203300476
label_balanced-314512,390,0,label_balanced,86,21,65,2.0476190476190474,0.6615384615384615,False,0.8650729656219482
label_balanced-314512,391,0,label_balanced,141,141,0,1.0,0.0,True,0.41258227825164795
label_balanced-314512,392,0,label_balanced,89,0,89,0.0,1.0,True,0.10516951978206635
label_balanced-314512,393,0,label_balanced,153,0,153,0.0,1.0,True,0.1791491061449051
label_balanced-314512,394,0,label_balanced,88,26,62,1.6923076923076923,0.7096774193548387,False,1.3361082077026367
label_balanced-314512,395,0,label_balanced,149,113,36,0.6592920353982301,2.0694444444444446,False,1.182013988494873
label_balanced-314512,396,0,label_balanced,83,0,83,0.0,1.0,True,0.28759145736694336
label_balanced-314512,397,0,label_balanced,136,0,136,0.0,1.0,True,0.15312029421329498
label_balanced-314512,398,0,label_balanced,92,35,57,1.3142857142857143,0.8070175438596491,False,0.9581754803657532
label_balanced-314512,399,0,label_balanced,135,135,0,1.0,0.0,True,0.4311563968658447
label_balanced-314512,400,0,label_balanced,82,0,82,0.0,1.0,True,0.1254340261220932
ordinary-314512,1,0,ordinary,201,0,201,0.0,1.0,True,0.9070892930030823
ordinary-314512,2,0,ordinary,108,53,55,1.0,1.0,False,1.0294281244277954
ordinary-314512,3,0,ordinary,114,114,0,1.0,0.0,True,1.5122650861740112
ordinary-314512,4,0,ordinary,97,0,97,0.0,1.0,True,0.6910676956176758
ordinary-314512,5,0,ordinary,153,0,153,0.0,1.0,True,0.7022377848625183
ordinary-314512,6,0,ordinary,91,48,43,1.0,1.0,False,1.0594744682312012
ordinary-314512,7,0,ordinary,131,131,0,1.0,0.0,True,1.450906753540039
ordinary-314512,8,0,ordinary,101,0,101,0.0,1.0,True,0.6593935489654541
ordinary-314512,9,0,ordinary,183,0,183,0.0,1.0,True,0.6747114658355713
ordinary-314512,10,0,ordinary,99,24,75,1.0,1.0,False,0.8403840661048889
ordinary-314512,11,0,ordinary,134,134,0,1.0,0.0,True,1.446864128112793
ordinary-314512,12,0,ordinary,95,0,95,0.0,1.0,True,0.628577709197998
ordinary-314512,13,0,ordinary,181,0,181,0.0,1.0,True,0.6074742674827576
ordinary-314512,14,0,ordinary,104,0,104,0.0,1.0,True,0.554966151714325
ordinary-314512,15,0,ordinary,149,149,0,1.0,0.0,True,1.5614118576049805
ordinary-314512,16,0,ordinary,90,0,90,0.0,1.0,True,0.5098643898963928
ordinary-314512,17,0,ordinary,183,0,183,0.0,1.0,True,0.4734477698802948
ordinary-314512,18,0,ordinary,107,55,52,1.0,1.0,False,1.1182756423950195
ordinary-314512,19,0,ordinary,131,131,0,1.0,0.0,True,1.7571507692337036
ordinary-314512,20,0,ordinary,103,0,103,0.0,1.0,True,0.43117308616638184
ordinary-314512,21,0,ordinary,200,0,200,0.0,1.0,True,0.4067224860191345
ordinary-314512,22,0,ordinary,112,58,54,1.0,1.0,False,1.1406840085983276
ordinary-314512,23,0,ordinary,118,118,0,1.0,0.0,True,1.7667760848999023
ordinary-314512,24,0,ordinary,98,0,98,0.0,1.0,True,0.3846105635166168
ordinary-314512,25,0,ordinary,198,53,145,1.0,1.0,False,0.7703365683555603
ordinary-314512,26,0,ordinary,101,0,101,0.0,1.0,True,0.4271865487098694
ordinary-314512,27,0,ordinary,111,111,0,1.0,0.0,True,1.7300888299942017
ordinary-314512,28,0,ordinary,99,0,99,0.0,1.0,True,0.4261227250099182
ordinary-314512,29,0,ordinary,205,0,205,0.0,1.0,True,0.41622620820999146
ordinary-314512,30,0,ordinary,100,31,69,1.0,1.0,False,0.8469606637954712
ordinary-314512,31,0,ordinary,116,116,0,1.0,0.0,True,1.7324879169464111
ordinary-314512,32,0,ordinary,103,0,103,0.0,1.0,True,0.4184393286705017
ordinary-314512,33,0,ordinary,187,54,133,1.0,1.0,False,0.75823974609375
ordinary-314512,34,0,ordinary,113,53,60,1.0,1.0,False,1.0855450630187988
ordinary-314512,35,0,ordinary,111,111,0,1.0,0.0,True,1.628058671951294
ordinary-314512,36,0,ordinary,108,30,78,1.0,1.0,False,0.8032383918762207
ordinary-314512,37,0,ordinary,186,0,186,0.0,1.0,True,0.4761172831058502
ordinary-314512,38,0,ordinary,107,0,107,0.0,1.0,True,0.5025299191474915
ordinary-314512,39,0,ordinary,129,129,0,1.0,0.0,True,1.3830780982971191
ordinary-314512,40,0,ordinary,101,0,101,0.0,1.0,True,0.4921523928642273
ordinary-314512,41,0,ordinary,222,0,222,0.0,1.0,True,0.5263869166374207
ordinary-314512,42,0,ordinary,102,49,53,1.0,1.0,False,1.0580930709838867
ordinary-314512,43,0,ordinary,128,128,0,1.0,0.0,True,1.4680168628692627
ordinary-314512,44,0,ordinary,82,0,82,0.0,1.0,True,0.3925195336341858
ordinary-314512,45,0,ordinary,227,0,227,0.0,1.0,True,0.452107697725296
ordinary-314512,46,0,ordinary,119,89,30,1.0,1.0,False,1.370553970336914
ordinary-314512,47,0,ordinary,115,90,25,1.0,1.0,False,1.215019941329956
ordinary-314512,48,0,ordinary,104,0,104,0.0,1.0,True,0.4511178135871887
ordinary-314512,49,0,ordinary,197,0,197,0.0,1.0,True,0.4769473373889923
ordinary-314512,50,0,ordinary,90,0,90,0.0,1.0,True,0.42931103706359863
ordinary-314512,51,0,ordinary,107,81,26,1.0,1.0,False,1.2511590719223022
ordinary-314512,52,0,ordinary,104,0,104,0.0,1.0,True,0.3134733736515045
ordinary-314512,53,0,ordinary,237,56,181,1.0,1.0,False,0.6718443036079407
ordinary-314512,54,0,ordinary,106,24,82,1.0,1.0,False,0.6573704481124878
ordinary-314512,55,0,ordinary,129,129,0,1.0,0.0,True,1.805832028388977
ordinary-314512,56,0,ordinary,99,0,99,0.0,1.0,True,0.2612765431404114
ordinary-314512,57,0,ordinary,214,0,214,0.0,1.0,True,0.24223406612873077
ordinary-314512,58,0,ordinary,118,0,118,0.0,1.0,True,0.2728288769721985
ordinary-314512,59,0,ordinary,136,136,0,1.0,0.0,True,1.7832282781600952
ordinary-314512,60,0,ordinary,116,0,116,0.0,1.0,True,0.22687403857707977
ordinary-314512,61,0,ordinary,256,0,256,0.0,1.0,True,0.26192706823349
ordinary-314512,61,256,ordinary,23,0,23,0.0,1.0,True,0.2739032506942749
ordinary-314512,62,0,ordinary,105,58,47,1.0,1.0,False,1.3130836486816406
ordinary-314512,63,0,ordinary,128,91,37,1.0,1.0,False,1.4946553707122803
ordinary-314512,64,0,ordinary,111,0,111,0.0,1.0,True,0.24649590253829956
ordinary-314512,65,0,ordinary,213,0,213,0.0,1.0,True,0.20386190712451935
ordinary-314512,66,0,ordinary,106,0,106,0.0,1.0,True,0.34014207124710083
ordinary-314512,67,0,ordinary,133,133,0,1.0,0.0,True,1.5840394496917725
ordinary-314512,68,0,ordinary,106,0,106,0.0,1.0,True,0.19930940866470337
ordinary-314512,69,0,ordinary,200,71,129,1.0,1.0,False,0.7563731074333191
ordinary-314512,70,0,ordinary,107,61,46,1.0,1.0,False,1.2080390453338623
ordinary-314512,71,0,ordinary,133,133,0,1.0,0.0,True,1.5022486448287964
ordinary-314512,72,0,ordinary,115,0,115,0.0,1.0,True,0.367077499628067
ordinary-314512,73,0,ordinary,194,0,194,0.0,1.0,True,0.26930248737335205
ordinary-314512,74,0,ordinary,121,59,62,1.0,1.0,False,0.9584982395172119
ordinary-314512,75,0,ordinary,144,144,0,1.0,0.0,True,1.1109557151794434
ordinary-314512,76,0,ordinary,98,0,98,0.0,1.0,True,0.4959602653980255
ordinary-314512,77,0,ordinary,220,0,220,0.0,1.0,True,0.47123467922210693
ordinary-314512,78,0,ordinary,110,87,23,1.0,1.0,False,1.2051241397857666
ordinary-314512,79,0,ordinary,124,124,0,1.0,0.0,True,1.0525226593017578
ordinary-314512,80,0,ordinary,92,0,92,0.0,1.0,True,0.47169965505599976
ordinary-314512,81,0,ordinary,220,133,87,1.0,1.0,False,1.000482439994812
ordinary-314512,82,0,ordinary,104,33,71,1.0,1.0,False,0.8649693131446838
ordinary-314512,83,0,ordinary,133,133,0,1.0,0.0,True,0.9058764576911926
ordinary-314512,84,0,ordinary,106,0,106,0.0,1.0,True,0.6522073149681091
ordinary-314512,85,0,ordinary,231,0,231,0.0,1.0,True,0.52271568775177
ordinary-314512,86,0,ordinary,100,79,21,1.0,1.0,False,1.0994421243667603
ordinary-314512,87,0,ordinary,139,139,0,1.0,0.0,True,0.816638708114624
ordinary-314512,88,0,ordinary,111,0,111,0.0,1.0,True,0.5226681232452393
ordinary-314512,89,0,ordinary,205,69,136,1.0,1.0,False,0.776269257068634
ordinary-314512,90,0,ordinary,103,27,76,1.0,1.0,False,0.7431377172470093
ordinary-314512,91,0,ordinary,110,110,0,1.0,0.0,True,1.0247896909713745
ordinary-314512,92,0,ordinary,90,0,90,0.0,1.0,True,0.3505842387676239
ordinary-314512,93,0,ordinary,165,54,111,1.0,1.0,False,0.7446629405021667
ordinary-314512,94,0,ordinary,101,0,101,0.0,1.0,True,0.4865375757217407
ordinary-314512,95,0,ordinary,144,144,0,1.0,0.0,True,0.926764190196991
ordinary-314512,96,0,ordinary,88,0,88,0.0,1.0,True,0.24167487025260925
ordinary-314512,97,0,ordinary,220,0,220,0.0,1.0,True,0.30487552285194397
ordinary-314512,98,0,ordinary,106,87,19,1.0,1.0,False,1.3714996576309204
ordinary-314512,99,0,ordinary,122,92,30,1.0,1.0,False,1.0151044130325317
ordinary-314512,100,0,ordinary,100,0,100,0.0,1.0,True,0.2829861640930176
ordinary-314512,101,0,ordinary,235,0,235,0.0,1.0,True,0.4013919234275818
ordinary-314512,102,0,ordinary,117,61,56,1.0,1.0,False,0.9079187512397766
ordinary-314512,103,0,ordinary,132,132,0,1.0,0.0,True,0.9444193840026855
ordinary-314512,104,0,ordinary,96,0,96,0.0,1.0,True,0.31921452283859253
ordinary-314512,105,0,ordinary,170,0,170,0.0,1.0,True,0.22879472374916077
ordinary-314512,106,0,ordinary,97,52,45,1.0,1.0,False,1.0614145994186401
ordinary-314512,107,0,ordinary,125,125,0,1.0,0.0,True,0.6081766486167908
ordinary-314512,108,0,ordinary,114,0,114,0.0,1.0,True,0.41221028566360474
ordinary-314512,109,0,ordinary,242,0,242,0.0,1.0,True,0.3722558617591858
ordinary-314512,110,0,ordinary,94,0,94,0.0,1.0,True,0.42559418082237244
ordinary-314512,111,0,ordinary,131,131,0,1.0,0.0,True,0.7549135684967041
ordinary-314512,112,0,ordinary,101,0,101,0.0,1.0,True,0.17051169276237488
ordinary-314512,113,0,ordinary,174,0,174,0.0,1.0,True,0.2219187468290329
ordinary-314512,114,0,ordinary,96,48,48,1.0,1.0,False,1.3421266078948975
ordinary-314512,115,0,ordinary,134,134,0,1.0,0.0,True,1.1133277416229248
ordinary-314512,116,0,ordinary,103,0,103,0.0,1.0,True,0.13678662478923798
ordinary-314512,117,0,ordinary,190,0,190,0.0,1.0,True,0.16961905360221863
ordinary-314512,118,0,ordinary,111,24,87,1.0,1.0,False,0.9001370072364807
ordinary-314512,119,0,ordinary,130,99,31,1.0,1.0,False,0.9287198781967163
ordinary-314512,120,0,ordinary,104,0,104,0.0,1.0,True,0.24405886232852936
ordinary-314512,121,0,ordinary,212,56,156,1.0,1.0,False,0.4793810546398163
ordinary-314512,122,0,ordinary,105,26,79,1.0,1.0,False,1.0335649251937866
ordinary-314512,123,0,ordinary,133,133,0,1.0,0.0,True,0.7156099081039429
ordinary-314512,124,0,ordinary,105,25,80,1.0,1.0,False,0.5466722846031189
ordinary-314512,125,0,ordinary,238,0,238,0.0,1.0,True,0.5414485335350037
ordinary-314512,126,0,ordinary,109,59,50,1.0,1.0,False,1.1114003658294678
ordinary-314512,127,0,ordinary,121,87,34,1.0,1.0,False,0.8716468811035156
ordinary-314512,128,0,ordinary,91,0,91,0.0,1.0,True,0.3903179168701172
ordinary-314512,129,0,ordinary,201,0,201,0.0,1.0,True,0.14011377096176147
ordinary-314512,130,0,ordinary,99,21,78,1.0,1.0,False,0.5808637142181396
ordinary-314512,131,0,ordinary,125,92,33,1.0,1.0,False,1.1199090480804443
ordinary-314512,132,0,ordinary,105,0,105,0.0,1.0,True,0.15423664450645447
ordinary-314512,133,0,ordinary,164,0,164,0.0,1.0,True,0.23050832748413086
ordinary-314512,134,0,ordinary,102,73,29,1.0,1.0,False,1.4647656679153442
ordinary-314512,135,0,ordinary,129,129,0,1.0,0.0,True,0.9607231616973877
ordinary-314512,136,0,ordinary,92,25,67,1.0,1.0,False,0.9233819246292114
ordinary-314512,137,0,ordinary,227,0,227,0.0,1.0,True,0.3023975193500519
ordinary-314512,138,0,ordinary,105,49,56,1.0,1.0,False,1.1667472124099731
ordinary-314512,139,0,ordinary,136,136,0,1.0,0.0,True,0.4834328889846802
ordinary-314512,140,0,ordinary,109,0,109,0.0,1.0,True,0.4439355134963989
ordinary-314512,141,0,ordinary,196,0,196,0.0,1.0,True,0.5824940800666809
ordinary-314512,142,0,ordinary,106,52,54,1.0,1.0,False,1.1450368165969849
ordinary-314512,143,0,ordinary,132,132,0,1.0,0.0,True,0.3787018954753876
ordinary-314512,144,0,ordinary,103,0,103,0.0,1.0,True,0.7610454559326172
ordinary-314512,145,0,ordinary,207,0,207,0.0,1.0,True,0.4195807874202728
ordinary-314512,146,0,ordinary,96,25,71,1.0,1.0,False,0.9929231405258179
ordinary-314512,147,0,ordinary,118,118,0,1.0,0.0,True,0.6866524815559387
ordinary-314512,148,0,ordinary,115,0,115,0.0,1.0,True,0.12390096485614777
ordinary-314512,149,0,ordinary,190,55,135,1.0,1.0,False,0.8123353123664856
ordinary-314512,150,0,ordinary,114,82,32,1.0,1.0,False,1.4976589679718018
ordinary-314512,151,0,ordinary,134,104,30,1.0,1.0,False,0.5967795848846436
ordinary-314512,152,0,ordinary,112,0,112,0.0,1.0,True,0.22477050125598907
ordinary-314512,153,0,ordinary,188,45,143,1.0,1.0,False,0.48721444606781006
ordinary-314512,154,0,ordinary,95,25,70,1.0,1.0,False,0.945074200630188
ordinary-314512,155,0,ordinary,121,121,0,1.0,0.0,True,0.7165077924728394
ordinary-314512,156,0,ordinary,99,0,99,0.0,1.0,True,0.23569317162036896
ordinary-314512,157,0,ordinary,181,0,181,0.0,1.0,True,0.4292742609977722
ordinary-314512,158,0,ordinary,110,28,82,1.0,1.0,False,1.2943991422653198
ordinary-314512,159,0,ordinary,127,127,0,1.0,0.0,True,0.4961167573928833
ordinary-314512,160,0,ordinary,117,0,117,0.0,1.0,True,0.5027593374252319
ordinary-314512,161,0,ordinary,207,56,151,1.0,1.0,False,0.9247133731842041
ordinary-314512,162,0,ordinary,95,28,67,1.0,1.0,False,0.8996273875236511
ordinary-314512,163,0,ordinary,138,138,0,1.0,0.0,True,0.6511461138725281
ordinary-314512,164,0,ordinary,86,0,86,0.0,1.0,True,0.12173997610807419
ordinary-314512,165,0,ordinary,225,48,177,1.0,1.0,False,0.7277228832244873
ordinary-314512,166,0,ordinary,118,65,53,1.0,1.0,False,1.0452063083648682
ordinary-314512,167,0,ordinary,144,112,32,1.0,1.0,False,0.8861944675445557
ordinary-314512,168,0,ordinary,103,20,83,1.0,1.0,False,0.8807982206344604
ordinary-314512,169,0,ordinary,188,0,188,0.0,1.0,True,0.28197717666625977
ordinary-314512,170,0,ordinary,116,28,88,1.0,1.0,False,0.8159419894218445
ordinary-314512,171,0,ordinary,131,93,38,1.0,1.0,False,0.8409504890441895
ordinary-314512,172,0,ordinary,86,20,66,1.0,1.0,False,0.7240340709686279
ordinary-314512,173,0,ordinary,213,0,213,0.0,1.0,True,0.2383110672235489
ordinary-314512,174,0,ordinary,94,26,68,1.0,1.0,False,0.8862069249153137
ordinary-314512,175,0,ordinary,135,135,0,1.0,0.0,True,0.8752580285072327
ordinary-314512,176,0,ordinary,100,0,100,0.0,1.0,True,0.19040817022323608
ordinary-314512,177,0,ordinary,195,0,195,0.0,1.0,True,0.11283253133296967
ordinary-314512,178,0,ordinary,102,33,69,1.0,1.0,False,0.7005699276924133
ordinary-314512,179,0,ordinary,119,119,0,1.0,0.0,True,0.7905033826828003
ordinary-314512,180,0,ordinary,108,0,108,0.0,1.0,True,0.41521546244621277
ordinary-314512,181,0,ordinary,202,51,151,1.0,1.0,False,0.6454775333404541
ordinary-314512,182,0,ordinary,93,0,93,0.0,1.0,True,0.2671504616737366
ordinary-314512,183,0,ordinary,136,98,38,1.0,1.0,False,0.6613694429397583
ordinary-314512,184,0,ordinary,89,0,89,0.0,1.0,True,0.2039717137813568
ordinary-314512,185,0,ordinary,202,0,202,0.0,1.0,True,0.3930753469467163
ordinary-314512,186,0,ordinary,105,29,76,1.0,1.0,False,0.5681738257408142
ordinary-314512,187,0,ordinary,143,110,33,1.0,1.0,False,0.7298188209533691
ordinary-314512,188,0,ordinary,97,0,97,0.0,1.0,True,0.07891983538866043
ordinary-314512,189,0,ordinary,206,0,206,0.0,1.0,True,0.08488970994949341
ordinary-314512,190,0,ordinary,92,27,65,1.0,1.0,False,0.6509798765182495
ordinary-314512,191,0,ordinary,126,126,0,1.0,0.0,True,1.8460478782653809
ordinary-314512,192,0,ordinary,116,0,116,0.0,1.0,True,0.06152412295341492
ordinary-314512,193,0,ordinary,214,0,214,0.0,1.0,True,0.037652354687452316
ordinary-314512,194,0,ordinary,96,19,77,1.0,1.0,False,0.723686695098877
ordinary-314512,195,0,ordinary,145,145,0,1.0,0.0,True,1.0737910270690918
ordinary-314512,196,0,ordinary,108,0,108,0.0,1.0,True,0.08985176682472229
ordinary-314512,197,0,ordinary,204,48,156,1.0,1.0,False,0.7958863377571106
ordinary-314512,198,0,ordinary,99,78,21,1.0,1.0,False,1.5232263803482056
ordinary-314512,199,0,ordinary,134,134,0,1.0,0.0,True,0.46699801087379456
ordinary-314512,200,0,ordinary,110,34,76,1.0,1.0,False,0.6862443685531616
ordinary-314512,201,0,ordinary,202,0,202,0.0,1.0,True,0.7133204936981201
ordinary-314512,202,0,ordinary,109,0,109,0.0,1.0,True,1.2147663831710815
ordinary-314512,203,0,ordinary,105,74,31,1.0,1.0,False,1.0244388580322266
ordinary-314512,204,0,ordinary,101,0,101,0.0,1.0,True,0.5314407348632812
ordinary-314512,205,0,ordinary,234,0,234,0.0,1.0,True,0.5330031514167786
ordinary-314512,206,0,ordinary,122,28,94,1.0,1.0,False,0.6365406513214111
ordinary-314512,207,0,ordinary,121,121,0,1.0,0.0,True,0.6787663698196411
ordinary-314512,208,0,ordinary,100,0,100,0.0,1.0,True,0.10026043653488159
ordinary-314512,209,0,ordinary,209,0,209,0.0,1.0,True,0.09479895979166031
ordinary-314512,210,0,ordinary,96,21,75,1.0,1.0,False,0.7812290191650391
ordinary-314512,211,0,ordinary,129,129,0,1.0,0.0,True,1.0539674758911133
ordinary-314512,212,0,ordinary,87,0,87,0.0,1.0,True,0.02467453107237816
ordinary-314512,213,0,ordinary,196,0,196,0.0,1.0,True,0.02177901566028595
ordinary-314512,214,0,ordinary,95,55,40,1.0,1.0,False,1.4189456701278687
ordinary-314512,215,0,ordinary,124,124,0,1.0,0.0,True,1.3114614486694336
ordinary-314512,216,0,ordinary,88,0,88,0.0,1.0,True,0.05287352576851845
ordinary-314512,217,0,ordinary,245,0,245,0.0,1.0,True,0.061375558376312256
ordinary-314512,218,0,ordinary,97,30,67,1.0,1.0,False,0.42266377806663513
ordinary-314512,219,0,ordinary,141,109,32,1.0,1.0,False,0.7831494212150574
ordinary-314512,220,0,ordinary,92,0,92,0.0,1.0,True,0.17598967254161835
ordinary-314512,221,0,ordinary,190,0,190,0.0,1.0,True,0.22107599675655365
ordinary-314512,222,0,ordinary,93,0,93,0.0,1.0,True,0.4105771780014038
ordinary-314512,223,0,ordinary,142,142,0,1.0,0.0,True,0.4638358950614929
ordinary-314512,224,0,ordinary,91,0,91,0.0,1.0,True,0.3063368499279022
ordinary-314512,225,0,ordinary,200,0,200,0.0,1.0,True,0.2994396686553955
ordinary-314512,226,0,ordinary,111,59,52,1.0,1.0,False,1.0245658159255981
ordinary-314512,227,0,ordinary,171,171,0,1.0,0.0,True,0.31027862429618835
ordinary-314512,228,0,ordinary,90,0,90,0.0,1.0,True,0.28783392906188965
ordinary-314512,229,0,ordinary,184,0,184,0.0,1.0,True,0.16257227957248688
ordinary-314512,230,0,ordinary,90,22,68,1.0,1.0,False,0.5209378004074097
ordinary-314512,231,0,ordinary,126,126,0,1.0,0.0,True,0.6390251517295837
ordinary-314512,232,0,ordinary,98,0,98,0.0,1.0,True,0.1639925241470337
ordinary-314512,233,0,ordinary,202,0,202,0.0,1.0,True,0.16575998067855835
ordinary-314512,234,0,ordinary,81,0,81,0.0,1.0,True,0.12005653977394104
ordinary-314512,235,0,ordinary,142,142,0,1.0,0.0,True,0.9008790254592896
ordinary-314512,236,0,ordinary,95,0,95,0.0,1.0,True,0.07635074108839035
ordinary-314512,237,0,ordinary,192,0,192,0.0,1.0,True,0.2814263105392456
ordinary-314512,238,0,ordinary,95,25,70,1.0,1.0,False,0.8455438017845154
ordinary-314512,239,0,ordinary,123,123,0,1.0,0.0,True,0.5719917416572571
ordinary-314512,240,0,ordinary,93,0,93,0.0,1.0,True,0.1262008249759674
ordinary-314512,241,0,ordinary,163,0,163,0.0,1.0,True,0.1359548270702362
ordinary-314512,242,0,ordinary,100,52,48,1.0,1.0,False,1.0961289405822754
ordinary-314512,243,0,ordinary,150,150,0,1.0,0.0,True,0.30131787061691284
ordinary-314512,244,0,ordinary,94,0,94,0.0,1.0,True,0.04982355982065201
ordinary-314512,245,0,ordinary,180,0,180,0.0,1.0,True,0.10076193511486053
ordinary-314512,246,0,ordinary,102,51,51,1.0,1.0,False,0.7593464255332947
ordinary-314512,247,0,ordinary,146,146,0,1.0,0.0,True,0.23118183016777039
ordinary-314512,248,0,ordinary,94,0,94,0.0,1.0,True,0.25134849548339844
ordinary-314512,249,0,ordinary,186,0,186,0.0,1.0,True,0.52254718542099
ordinary-314512,250,0,ordinary,100,32,68,1.0,1.0,False,0.6805509924888611
ordinary-314512,251,0,ordinary,131,131,0,1.0,0.0,True,0.36789819598197937
ordinary-314512,252,0,ordinary,87,25,62,1.0,1.0,False,0.7836865782737732
ordinary-314512,253,0,ordinary,182,0,182,0.0,1.0,True,0.36088985204696655
ordinary-314512,254,0,ordinary,105,27,78,1.0,1.0,False,0.8742061853408813
ordinary-314512,255,0,ordinary,137,101,36,1.0,1.0,False,0.6013971567153931
ordinary-314512,256,0,ordinary,99,0,99,0.0,1.0,True,0.08109728246927261
ordinary-314512,257,0,ordinary,204,0,204,0.0,1.0,True,0.13121028244495392
ordinary-314512,258,0,ordinary,102,30,72,1.0,1.0,False,0.8365733027458191
ordinary-314512,259,0,ordinary,147,147,0,1.0,0.0,True,0.5663087964057922
ordinary-314512,260,0,ordinary,95,0,95,0.0,1.0,True,0.02390390634536743
ordinary-314512,261,0,ordinary,191,0,191,0.0,1.0,True,0.11173244565725327
ordinary-314512,262,0,ordinary,110,84,26,1.0,1.0,False,1.8872236013412476
ordinary-314512,263,0,ordinary,144,144,0,1.0,0.0,True,0.7383968830108643
ordinary-314512,264,0,ordinary,95,0,95,0.0,1.0,True,0.08637724071741104
ordinary-314512,265,0,ordinary,157,0,157,0.0,1.0,True,0.13816995918750763
ordinary-314512,266,0,ordinary,90,26,64,1.0,1.0,False,0.7064957022666931
ordinary-314512,267,0,ordinary,127,94,33,1.0,1.0,False,0.8087326288223267
ordinary-314512,268,0,ordinary,114,0,114,0.0,1.0,True,0.19770221412181854
ordinary-314512,269,0,ordinary,194,0,194,0.0,1.0,True,0.22628779709339142
ordinary-314512,270,0,ordinary,102,78,24,1.0,1.0,False,1.0567359924316406
ordinary-314512,271,0,ordinary,126,126,0,1.0,0.0,True,0.4360353946685791
ordinary-314512,272,0,ordinary,99,0,99,0.0,1.0,True,0.3275275230407715
ordinary-314512,273,0,ordinary,213,0,213,0.0,1.0,True,0.46386295557022095
ordinary-314512,274,0,ordinary,107,51,56,1.0,1.0,False,0.9473344683647156
ordinary-314512,275,0,ordinary,125,95,30,1.0,1.0,False,0.9643120765686035
ordinary-314512,276,0,ordinary,91,0,91,0.0,1.0,True,0.18439345061779022
ordinary-314512,277,0,ordinary,204,0,204,0.0,1.0,True,0.15808850526809692
ordinary-314512,278,0,ordinary,98,0,98,0.0,1.0,True,0.3017668128013611
ordinary-314512,279,0,ordinary,139,139,0,1.0,0.0,True,0.5053122043609619
ordinary-314512,280,0,ordinary,93,23,70,1.0,1.0,False,0.7745059132575989
ordinary-314512,281,0,ordinary,157,0,157,0.0,1.0,True,0.048534899950027466
ordinary-314512,282,0,ordinary,106,28,78,1.0,1.0,False,0.6989522576332092
ordinary-314512,283,0,ordinary,130,130,0,1.0,0.0,True,0.8174868226051331
ordinary-314512,284,0,ordinary,85,0,85,0.0,1.0,True,0.0344812236726284
ordinary-314512,285,0,ordinary,170,0,170,0.0,1.0,True,0.13842272758483887
ordinary-314512,286,0,ordinary,106,0,106,0.0,1.0,True,0.23177272081375122
ordinary-314512,287,0,ordinary,141,141,0,1.0,0.0,True,0.9484841227531433
ordinary-314512,288,0,ordinary,118,0,118,0.0,1.0,True,0.08399064093828201
ordinary-314512,289,0,ordinary,176,0,176,0.0,1.0,True,0.19987323880195618
ordinary-314512,290,0,ordinary,108,85,23,1.0,1.0,False,1.3156203031539917
ordinary-314512,291,0,ordinary,147,147,0,1.0,0.0,True,0.4710536003112793
ordinary-314512,292,0,ordinary,93,0,93,0.0,1.0,True,0.45520520210266113
ordinary-314512,293,0,ordinary,189,0,189,0.0,1.0,True,0.2522145211696625
ordinary-314512,294,0,ordinary,96,56,40,1.0,1.0,False,0.6489646434783936
ordinary-314512,295,0,ordinary,141,141,0,1.0,0.0,True,0.3792707026004791
ordinary-314512,296,0,ordinary,94,0,94,0.0,1.0,True,0.277901828289032
ordinary-314512,297,0,ordinary,167,0,167,0.0,1.0,True,0.18422581255435944
ordinary-314512,298,0,ordinary,97,23,74,1.0,1.0,False,0.8690298795700073
ordinary-314512,299,0,ordinary,143,101,42,1.0,1.0,False,0.6094906330108643
ordinary-314512,300,0,ordinary,104,0,104,0.0,1.0,True,0.10987149924039841
ordinary-314512,301,0,ordinary,177,0,177,0.0,1.0,True,0.14364375174045563
ordinary-314512,302,0,ordinary,95,0,95,0.0,1.0,True,0.23028594255447388
ordinary-314512,303,0,ordinary,122,87,35,1.0,1.0,False,0.8895100355148315
ordinary-314512,304,0,ordinary,93,0,93,0.0,1.0,True,0.10435411334037781
ordinary-314512,305,0,ordinary,189,0,189,0.0,1.0,True,0.02374943159520626
ordinary-314512,306,0,ordinary,107,0,107,0.0,1.0,True,0.030446771532297134
ordinary-314512,307,0,ordinary,135,135,0,1.0,0.0,True,1.5024384260177612
ordinary-314512,308,0,ordinary,101,0,101,0.0,1.0,True,0.016097022220492363
ordinary-314512,309,0,ordinary,172,0,172,0.0,1.0,True,0.007491228636354208
ordinary-314512,310,0,ordinary,115,0,115,0.0,1.0,True,0.014701970852911472
ordinary-314512,311,0,ordinary,129,129,0,1.0,0.0,True,1.3826355934143066
ordinary-314512,312,0,ordinary,94,0,94,0.0,1.0,True,0.018515469506382942
ordinary-314512,313,0,ordinary,187,0,187,0.0,1.0,True,0.013735389336943626
ordinary-314512,314,0,ordinary,99,53,46,1.0,1.0,False,1.6813087463378906
ordinary-314512,315,0,ordinary,139,139,0,1.0,0.0,True,0.5797930359840393
ordinary-314512,316,0,ordinary,91,0,91,0.0,1.0,True,0.09317304193973541
ordinary-314512,317,0,ordinary,202,0,202,0.0,1.0,True,0.17275971174240112
ordinary-314512,318,0,ordinary,110,52,58,1.0,1.0,False,1.2806645631790161
ordinary-314512,319,0,ordinary,124,124,0,1.0,0.0,True,0.3143751323223114
ordinary-314512,320,0,ordinary,90,0,90,0.0,1.0,True,0.32503604888916016
ordinary-314512,321,0,ordinary,194,59,135,1.0,1.0,False,0.7843143343925476
ordinary-314512,322,0,ordinary,95,0,95,0.0,1.0,True,0.9434876441955566
ordinary-314512,323,0,ordinary,135,104,31,1.0,1.0,False,0.38559073209762573
ordinary-314512,324,0,ordinary,101,22,79,1.0,1.0,False,0.7412346601486206
ordinary-314512,325,0,ordinary,192,0,192,0.0,1.0,True,0.22398778796195984
ordinary-314512,326,0,ordinary,92,0,92,0.0,1.0,True,0.4672728180885315
ordinary-314512,327,0,ordinary,131,131,0,1.0,0.0,True,0.46478772163391113
ordinary-314512,328,0,ordinary,99,0,99,0.0,1.0,True,0.11632956564426422
ordinary-314512,329,0,ordinary,209,0,209,0.0,1.0,True,0.15093840658664703
ordinary-314512,330,0,ordinary,97,48,49,1.0,1.0,False,1.4249608516693115
ordinary-314512,331,0,ordinary,135,135,0,1.0,0.0,True,0.7330259084701538
ordinary-314512,332,0,ordinary,94,0,94,0.0,1.0,True,0.11366322636604309
ordinary-314512,333,0,ordinary,174,0,174,0.0,1.0,True,0.024895330891013145
ordinary-314512,334,0,ordinary,107,87,20,1.0,1.0,False,1.7075127363204956
ordinary-314512,335,0,ordinary,126,90,36,1.0,1.0,False,0.6414034366607666
ordinary-314512,336,0,ordinary,91,0,91,0.0,1.0,True,0.18862295150756836
ordinary-314512,337,0,ordinary,203,0,203,0.0,1.0,True,0.11530837416648865
ordinary-314512,338,0,ordinary,116,94,22,1.0,1.0,False,1.2551472187042236
ordinary-314512,339,0,ordinary,133,133,0,1.0,0.0,True,0.4801321029663086
ordinary-314512,340,0,ordinary,96,0,96,0.0,1.0,True,0.21385303139686584
ordinary-314512,341,0,ordinary,190,0,190,0.0,1.0,True,0.1256352812051773
ordinary-314512,342,0,ordinary,96,50,46,1.0,1.0,False,0.9106020331382751
ordinary-314512,343,0,ordinary,129,129,0,1.0,0.0,True,0.2547985315322876
ordinary-314512,344,0,ordinary,100,0,100,0.0,1.0,True,0.2777942717075348
ordinary-314512,345,0,ordinary,195,0,195,0.0,1.0,True,0.3159438371658325
ordinary-314512,346,0,ordinary,114,28,86,1.0,1.0,False,0.6110237836837769
ordinary-314512,347,0,ordinary,125,125,0,1.0,0.0,True,0.3737831115722656
ordinary-314512,348,0,ordinary,116,0,116,0.0,1.0,True,0.41652292013168335
ordinary-314512,349,0,ordinary,182,0,182,0.0,1.0,True,0.313029021024704
ordinary-314512,350,0,ordinary,104,56,48,1.0,1.0,False,1.1758533716201782
ordinary-314512,351,0,ordinary,143,108,35,1.0,1.0,False,0.722213864326477
ordinary-314512,352,0,ordinary,104,0,104,0.0,1.0,True,0.045541372150182724
ordinary-314512,353,0,ordinary,189,0,189,0.0,1.0,True,0.07037805020809174
ordinary-314512,354,0,ordinary,114,58,56,1.0,1.0,False,1.601130723953247
ordinary-314512,355,0,ordinary,130,130,0,1.0,0.0,True,0.7704277634620667
ordinary-314512,356,0,ordinary,90,0,90,0.0,1.0,True,0.04407532140612602
ordinary-314512,357,0,ordinary,226,0,226,0.0,1.0,True,0.06061401218175888
ordinary-314512,358,0,ordinary,99,31,68,1.0,1.0,False,0.8484004139900208
ordinary-314512,359,0,ordinary,160,121,39,1.0,1.0,False,0.6663198471069336
ordinary-314512,360,0,ordinary,94,0,94,0.0,1.0,True,0.09549467265605927
ordinary-314512,361,0,ordinary,198,0,198,0.0,1.0,True,0.1859460473060608
ordinary-314512,362,0,ordinary,94,0,94,0.0,1.0,True,0.10434330254793167
ordinary-314512,363,0,ordinary,134,134,0,1.0,0.0,True,0.4777352511882782
ordinary-314512,364,0,ordinary,102,0,102,0.0,1.0,True,0.14073854684829712
ordinary-314512,365,0,ordinary,177,0,177,0.0,1.0,True,0.06641979515552521
ordinary-314512,366,0,ordinary,97,0,97,0.0,1.0,True,0.24895542860031128
ordinary-314512,367,0,ordinary,136,136,0,1.0,0.0,True,0.46765372157096863
ordinary-314512,368,0,ordinary,104,0,104,0.0,1.0,True,0.08643397688865662
ordinary-314512,369,0,ordinary,191,0,191,0.0,1.0,True,0.06550757586956024
ordinary-314512,370,0,ordinary,107,62,45,1.0,1.0,False,1.3802359104156494
ordinary-314512,371,0,ordinary,134,134,0,1.0,0.0,True,0.2329527735710144
ordinary-314512,372,0,ordinary,106,0,106,0.0,1.0,True,0.0699218362569809
ordinary-314512,373,0,ordinary,165,0,165,0.0,1.0,True,0.08911807835102081
ordinary-314512,374,0,ordinary,96,24,72,1.0,1.0,False,0.6252580881118774
ordinary-314512,375,0,ordinary,135,135,0,1.0,0.0,True,0.2951042354106903
ordinary-314512,376,0,ordinary,87,0,87,0.0,1.0,True,0.06724756956100464
ordinary-314512,377,0,ordinary,193,0,193,0.0,1.0,True,0.2517816126346588
ordinary-314512,378,0,ordinary,117,84,33,1.0,1.0,False,1.4805080890655518
ordinary-314512,379,0,ordinary,148,148,0,1.0,0.0,True,0.26373419165611267
ordinary-314512,380,0,ordinary,89,0,89,0.0,1.0,True,0.06572894006967545
ordinary-314512,381,0,ordinary,199,0,199,0.0,1.0,True,0.26814308762550354
ordinary-314512,382,0,ordinary,105,85,20,1.0,1.0,False,1.4377875328063965
ordinary-314512,383,0,ordinary,142,142,0,1.0,0.0,True,0.1551973670721054
ordinary-314512,384,0,ordinary,83,0,83,0.0,1.0,True,0.5305629372596741
ordinary-314512,385,0,ordinary,188,0,188,0.0,1.0,True,0.46735793352127075
ordinary-314512,386,0,ordinary,88,0,88,0.0,1.0,True,0.44965848326683044
ordinary-314512,387,0,ordinary,145,117,28,1.0,1.0,False,0.7123588919639587
ordinary-314512,388,0,ordinary,89,0,89,0.0,1.0,True,0.0765901431441307
ordinary-314512,389,0,ordinary,196,0,196,0.0,1.0,True,0.16374780237674713
ordinary-314512,390,0,ordinary,88,19,69,1.0,1.0,False,0.47940635681152344
ordinary-314512,391,0,ordinary,148,148,0,1.0,0.0,True,0.2592490315437317
ordinary-314512,392,0,ordinary,90,0,90,0.0,1.0,True,0.04161550849676132
ordinary-314512,393,0,ordinary,196,0,196,0.0,1.0,True,0.07638301700353622
ordinary-314512,394,0,ordinary,91,28,63,1.0,1.0,False,0.775704026222229
ordinary-314512,395,0,ordinary,151,107,44,1.0,1.0,False,0.7653541564941406
ordinary-314512,396,0,ordinary,101,0,101,0.0,1.0,True,0.01815018616616726
ordinary-314512,397,0,ordinary,154,0,154,0.0,1.0,True,0.038777146488428116
ordinary-314512,398,0,ordinary,108,38,70,1.0,1.0,False,0.48013249039649963
ordinary-314512,399,0,ordinary,157,157,0,1.0,0.0,True,0.8887786865234375
ordinary-314512,400,0,ordinary,96,0,96,0.0,1.0,True,0.03236275538802147
label_balanced-314510,1,0,label_balanced,188,0,188,0.0,1.0,True,0.7728506326675415
label_balanced-314510,2,0,label_balanced,108,52,56,1.0384615384615385,0.9642857142857143,False,1.0476934909820557
label_balanced-314510,3,0,label_balanced,127,98,29,0.6479591836734694,2.189655172413793,False,1.0585206747055054
label_balanced-314510,4,0,label_balanced,91,0,91,0.0,1.0,True,0.5954872965812683
label_balanced-314510,5,0,label_balanced,174,0,174,0.0,1.0,True,0.5529463887214661
label_balanced-314510,6,0,label_balanced,98,47,51,1.0425531914893618,0.9607843137254902,False,1.1192522048950195
label_balanced-314510,7,0,label_balanced,127,127,0,1.0,0.0,True,1.8616238832473755
label_balanced-314510,8,0,label_balanced,107,0,107,0.0,1.0,True,0.44519227743148804
label_balanced-314510,9,0,label_balanced,206,0,206,0.0,1.0,True,0.4490607678890228
label_balanced-314510,10,0,label_balanced,95,0,95,0.0,1.0,True,0.42436274886131287
label_balanced-314510,11,0,label_balanced,118,88,30,0.6704545454545454,1.9666666666666666,False,1.142119288444519
label_balanced-314510,12,0,label_balanced,94,0,94,0.0,1.0,True,0.3652551770210266
label_balanced-314510,13,0,label_balanced,224,0,224,0.0,1.0,True,0.3320194184780121
label_balanced-314510,14,0,label_balanced,107,0,107,0.0,1.0,True,0.28505247831344604
label_balanced-314510,15,0,label_balanced,124,93,31,0.6666666666666666,2.0,False,1.2558411359786987
label_balanced-314510,16,0,label_balanced,89,0,89,0.0,1.0,True,0.22916528582572937
label_balanced-314510,17,0,label_balanced,195,0,195,0.0,1.0,True,0.18873508274555206
label_balanced-314510,18,0,label_balanced,98,31,67,1.5806451612903225,0.7313432835820896,False,1.3909718990325928
label_balanced-314510,19,0,label_balanced,119,60,59,0.9916666666666667,1.0084745762711864,False,1.390770673751831
label_balanced-314510,20,0,label_balanced,102,0,102,0.0,1.0,True,0.14190438389778137
label_balanced-314510,21,0,label_balanced,207,0,207,0.0,1.0,True,0.12911614775657654
label_balanced-314510,22,0,label_balanced,103,57,46,0.9035087719298246,1.1195652173913044,False,1.4325799942016602
label_balanced-314510,23,0,label_balanced,114,114,0,1.0,0.0,True,2.7079217433929443
label_balanced-314510,24,0,label_balanced,103,0,103,0.0,1.0,True,0.13599048554897308
label_balanced-314510,25,0,label_balanced,216,0,216,0.0,1.0,True,0.14726606011390686
label_balanced-314510,26,0,label_balanced,121,93,28,0.6505376344086021,2.1607142857142856,False,1.3637198209762573
label_balanced-314510,27,0,label_balanced,123,123,0,1.0,0.0,True,2.5114834308624268
label_balanced-314510,28,0,label_balanced,105,0,105,0.0,1.0,True,0.1952768713235855
label_balanced-314510,29,0,label_balanced,221,0,221,0.0,1.0,True,0.22356192767620087
label_balanced-314510,30,0,label_balanced,97,27,70,1.7962962962962963,0.6928571428571428,False,1.2756212949752808
label_balanced-314510,31,0,label_balanced,123,123,0,1.0,0.0,True,2.246633529663086
label_balanced-314510,32,0,label_balanced,115,32,83,1.796875,0.6927710843373494,False,1.227703332901001
label_balanced-314510,33,0,label_balanced,197,54,143,1.8240740740740742,0.6888111888111889,False,1.173781394958496
label_balanced-314510,34,0,label_balanced,103,49,54,1.0510204081632653,0.9537037037037037,False,1.1231753826141357
label_balanced-314510,35,0,label_balanced,123,123,0,1.0,0.0,True,1.7305322885513306
label_balanced-314510,36,0,label_balanced,93,25,68,1.86,0.6838235294117647,False,1.076066017150879
label_balanced-314510,37,0,label_balanced,199,0,199,0.0,1.0,True,0.5316686630249023
label_balanced-314510,38,0,label_balanced,98,25,73,1.96,0.6712328767123288,False,1.0320453643798828
label_balanced-314510,39,0,label_balanced,130,106,24,0.6132075471698113,2.7083333333333335,False,1.031437635421753
label_balanced-314510,40,0,label_balanced,114,31,83,1.8387096774193548,0.6867469879518072,False,1.022226333618164
label_balanced-314510,41,0,label_balanced,170,0,170,0.0,1.0,True,0.6552141308784485
label_balanced-314510,42,0,label_balanced,101,55,46,0.9181818181818182,1.0978260869565217,False,1.012947678565979
label_balanced-314510,43,0,label_balanced,135,107,28,0.6308411214953271,2.4107142857142856,False,1.021520972251892
label_balanced-314510,44,0,label_balanced,82,0,82,0.0,1.0,True,0.6888364553451538
label_balanced-314510,45,0,label_balanced,220,54,166,2.037037037037037,0.6626506024096386,False,1.036797285079956
label_balanced-314510,46,0,label_balanced,109,82,27,0.6646341463414634,2.0185185185185186,False,1.0218406915664673
label_balanced-314510,47,0,label_balanced,115,59,56,0.9745762711864406,1.0267857142857142,False,1.010626196861267
label_balanced-314510,48,0,label_balanced,108,0,108,0.0,1.0,True,0.7111073732376099
label_balanced-314510,49,0,label_balanced,220,0,220,0.0,1.0,True,0.7100303173065186
label_balanced-314510,50,0,label_balanced,99,59,40,0.8389830508474576,1.2375,False,1.0027934312820435
label_balanced-314510,51,0,label_balanced,135,135,0,1.0,0.0,True,1.329736351966858
label_balanced-314510,52,0,label_balanced,99,0,99,0.0,1.0,True,0.6860740184783936
label_balanced-314510,53,0,label_balanced,191,57,134,1.6754385964912282,0.7126865671641791,False,1.0250340700149536
label_balanced-314510,54,0,label_balanced,93,0,93,0.0,1.0,True,0.6862635612487793
label_balanced-314510,55,0,label_balanced,123,123,0,1.0,0.0,True,1.332116723060608
label_balanced-314510,56,0,label_balanced,96,0,96,0.0,1.0,True,0.6813399791717529
label_balanced-314510,57,0,label_balanced,223,0,223,0.0,1.0,True,0.6810441017150879
label_balanced-314510,58,0,label_balanced,108,0,108,0.0,1.0,True,0.680131733417511
label_balanced-314510,59,0,label_balanced,131,98,33,0.6683673469387755,1.9848484848484849,False,1.0271013975143433
label_balanced-314510,60,0,label_balanced,104,0,104,0.0,1.0,True,0.6364312767982483
label_balanced-314510,61,0,label_balanced,223,0,223,0.0,1.0,True,0.6323432326316833
label_balanced-314510,62,0,label_balanced,95,30,65,1.5833333333333333,0.7307692307692307,False,1.019824504852295
label_balanced-314510,63,0,label_balanced,120,120,0,1.0,0.0,True,1.4718092679977417
label_balanced-314510,64,0,label_balanced,107,0,107,0.0,1.0,True,0.5905778408050537
label_balanced-314510,65,0,label_balanced,175,48,127,1.8229166666666667,0.6889763779527559,False,1.0428270101547241
label_balanced-314510,66,0,label_balanced,94,28,66,1.6785714285714286,0.7121212121212122,False,1.0279982089996338
label_balanced-314510,67,0,label_balanced,130,98,32,0.6632653061224489,2.03125,False,1.031111717224121
label_balanced-314510,68,0,label_balanced,109,21,88,2.5952380952380953,0.6193181818181818,False,1.0787403583526611
label_balanced-314510,69,0,label_balanced,178,0,178,0.0,1.0,True,0.5569836497306824
label_balanced-314510,70,0,label_balanced,96,33,63,1.4545454545454546,0.7619047619047619,False,1.0600628852844238
label_balanced-314510,71,0,label_balanced,130,96,34,0.6770833333333334,1.911764705882353,False,1.0413315296173096
label_balanced-314510,72,0,label_balanced,104,36,68,1.4444444444444444,0.7647058823529411,False,1.0496212244033813
label_balanced-314510,73,0,label_balanced,198,56,142,1.7678571428571428,0.6971830985915493,False,1.0489667654037476
label_balanced-314510,74,0,label_balanced,97,55,42,0.8818181818181818,1.1547619047619047,False,1.036938190460205
label_balanced-314510,75,0,label_balanced,124,95,29,0.6526315789473685,2.1379310344827585,False,1.0463812351226807
label_balanced-314510,76,0,label_balanced,103,0,103,0.0,1.0,True,0.5704469680786133
label_balanced-314510,77,0,label_balanced,202,0,202,0.0,1.0,True,0.5641266107559204
label_balanced-314510,78,0,label_balanced,95,0,95,0.0,1.0,True,0.555462121963501
label_balanced-314510,79,0,label_balanced,131,131,0,1.0,0.0,True,1.4791357517242432
label_balanced-314510,80,0,label_balanced,101,0,101,0.0,1.0,True,0.5503005385398865
label_balanced-314510,81,0,label_balanced,220,0,220,0.0,1.0,True,0.542658805847168
label_balanced-314510,82,0,label_balanced,111,32,79,1.734375,0.7025316455696202,False,1.0145002603530884
label_balanced-314510,83,0,label_balanced,126,97,29,0.6494845360824743,2.1724137931034484,False,1.0406287908554077
label_balanced-314510,84,0,label_balanced,93,0,93,0.0,1.0,True,0.48223167657852173
label_balanced-314510,85,0,label_balanced,199,0,199,0.0,1.0,True,0.48734909296035767
label_balanced-314510,86,0,label_balanced,104,54,50,0.9629629629629629,1.04,False,1.051781177520752
label_balanced-314510,87,0,label_balanced,137,103,34,0.6650485436893204,2.014705882352941,False,1.0384364128112793
label_balanced-314510,88,0,label_balanced,111,0,111,0.0,1.0,True,0.4130176305770874
label_balanced-314510,89,0,label_balanced,213,0,213,0.0,1.0,True,0.3787126839160919
label_balanced-314510,90,0,label_balanced,106,81,25,0.654320987654321,2.12,False,1.1026114225387573
label_balanced-314510,91,0,label_balanced,134,107,27,0.6261682242990654,2.4814814814814814,False,1.1086204051971436
label_balanced-314510,92,0,label_balanced,96,26,70,1.8461538461538463,0.6857142857142857,False,1.129407525062561
label_balanced-314510,93,0,label_balanced,194,0,194,0.0,1.0,True,0.32529786229133606
label_balanced-314510,94,0,label_balanced,90,0,90,0.0,1.0,True,0.3258746862411499
label_balanced-314510,95,0,label_balanced,135,96,39,0.703125,1.7307692307692308,False,1.1225799322128296
label_balanced-314510,96,0,label_balanced,92,0,92,0.0,1.0,True,0.2728404402732849
label_balanced-314510,97,0,label_balanced,231,0,231,0.0,1.0,True,0.2709474563598633
label_balanced-314510,98,0,label_balanced,101,53,48,0.9528301886792453,1.0520833333333333,False,1.1532609462738037
label_balanced-314510,99,0,label_balanced,133,100,33,0.665,2.015151515151515,False,1.2236469984054565
label_balanced-314510,100,0,label_balanced,113,0,113,0.0,1.0,True,0.22824406623840332
label_balanced-314510,101,0,label_balanced,233,0,233,0.0,1.0,True,0.21157407760620117
label_balanced-314510,102,0,label_balanced,102,28,74,1.8214285714285714,0.6891891891891891,False,1.2340822219848633
label_balanced-314510,103,0,label_balanced,128,95,33,0.6736842105263158,1.9393939393939394,False,1.2404736280441284
label_balanced-314510,104,0,label_balanced,89,0,89,0.0,1.0,True,0.16919244825839996
label_balanced-314510,105,0,label_balanced,185,0,185,0.0,1.0,True,0.1624557375907898
label_balanced-314510,106,0,label_balanced,92,23,69,2.0,0.6666666666666666,False,1.2991032600402832
label_balanced-314510,107,0,label_balanced,128,100,28,0.64,2.2857142857142856,False,1.1407493352890015
label_balanced-314510,108,0,label_balanced,91,26,65,1.75,0.7,False,1.3216264247894287
label_balanced-314510,109,0,label_balanced,188,0,188,0.0,1.0,True,0.201017826795578
label_balanced-314510,110,0,label_balanced,117,0,117,0.0,1.0,True,0.2806106209754944
label_balanced-314510,111,0,label_balanced,127,65,62,0.9769230769230769,1.0241935483870968,False,1.0782569646835327
label_balanced-314510,112,0,label_balanced,88,0,88,0.0,1.0,True,0.22537267208099365
label_balanced-314510,113,0,label_balanced,183,0,183,0.0,1.0,True,0.21307547390460968
label_balanced-314510,114,0,label_balanced,96,51,45,0.9411764705882353,1.0666666666666667,False,1.214977502822876
label_balanced-314510,115,0,label_balanced,116,88,28,0.6590909090909091,2.0714285714285716,False,1.1670745611190796
label_balanced-314510,116,0,label_balanced,94,0,94,0.0,1.0,True,0.2577061355113983
label_balanced-314510,117,0,label_balanced,174,0,174,0.0,1.0,True,0.19874455034732819
label_balanced-314510,118,0,label_balanced,113,0,113,0.0,1.0,True,0.274679571390152
label_balanced-314510,119,0,label_balanced,118,89,29,0.6629213483146067,2.0344827586206895,False,1.1949800252914429
label_balanced-314510,120,0,label_balanced,114,0,114,0.0,1.0,True,0.17681090533733368
label_balanced-314510,121,0,label_balanced,156,0,156,0.0,1.0,True,0.11284837871789932
label_balanced-314510,122,0,label_balanced,94,0,94,0.0,1.0,True,0.14366665482521057
label_balanced-314510,123,0,label_balanced,133,133,0,1.0,0.0,True,2.359482765197754
label_balanced-314510,124,0,label_balanced,95,0,95,0.0,1.0,True,0.11509483307600021
label_balanced-314510,125,0,label_balanced,174,0,174,0.0,1.0,True,0.1076902374625206
label_balanced-314510,126,0,label_balanced,103,33,70,1.5606060606060606,0.7357142857142858,False,1.2569127082824707
label_balanced-314510,127,0,label_balanced,142,103,39,0.6893203883495146,1.8205128205128205,False,1.1481471061706543
label_balanced-314510,128,0,label_balanced,81,0,81,0.0,1.0,True,0.14099615812301636
label_balanced-314510,129,0,label_balanced,152,0,152,0.0,1.0,True,0.11055853217840195
label_balanced-314510,130,0,label_balanced,100,0,100,0.0,1.0,True,0.17441798746585846
label_balanced-314510,131,0,label_balanced,120,120,0,1.0,0.0,True,2.08699631690979
label_balanced-314510,132,0,label_balanced,102,0,102,0.0,1.0,True,0.21309983730316162
label_balanced-314510,133,0,label_balanced,147,0,147,0.0,1.0,True,0.13538914918899536
label_balanced-314510,134,0,label_balanced,94,24,70,1.9583333333333333,0.6714285714285714,False,0.9238565564155579
label_balanced-314510,135,0,label_balanced,119,119,0,1.0,0.0,True,1.8979134559631348
label_balanced-314510,136,0,label_balanced,96,0,96,0.0,1.0,True,0.3365630507469177
label_balanced-314510,137,0,label_balanced,157,0,157,0.0,1.0,True,0.28659144043922424
label_balanced-314510,138,0,label_balanced,100,75,25,0.6666666666666666,2.0,False,1.256801724433899
label_balanced-314510,139,0,label_balanced,117,53,64,1.1037735849056605,0.9140625,False,1.0626977682113647
label_balanced-314510,140,0,label_balanced,96,0,96,0.0,1.0,True,0.5988404750823975
label_balanced-314510,141,0,label_balanced,157,0,157,0.0,1.0,True,0.3167600929737091
label_balanced-314510,142,0,label_balanced,116,24,92,2.4166666666666665,0.6304347826086957,False,1.0219759941101074
label_balanced-314510,143,0,label_balanced,132,132,0,1.0,0.0,True,1.2485696077346802
label_balanced-314510,144,0,label_balanced,102,26,76,1.9615384615384615,0.6710526315789473,False,0.9369508028030396
label_balanced-314510,145,0,label_balanced,204,0,204,0.0,1.0,True,0.42433294653892517
label_balanced-314510,146,0,label_balanced,92,24,68,1.9166666666666667,0.6764705882352942,False,1.0602045059204102
label_balanced-314510,147,0,label_balanced,124,96,28,0.6458333333333334,2.2142857142857144,False,0.9767762422561646
label_balanced-314510,148,0,label_balanced,84,0,84,0.0,1.0,True,0.4690687954425812
label_balanced-314510,149,0,label_balanced,166,0,166,0.0,1.0,True,0.3402305841445923
label_balanced-314510,150,0,label_balanced,99,83,16,0.5963855421686747,3.09375,False,0.9646902680397034
label_balanced-314510,151,0,label_balanced,131,90,41,0.7277777777777777,1.5975609756097562,False,0.934282660484314
label_balanced-314510,152,0,label_balanced,103,0,103,0.0,1.0,True,0.37459680438041687
label_balanced-314510,153,0,label_balanced,176,0,176,0.0,1.0,True,0.18066711723804474
label_balanced-314510,154,0,label_balanced,82,0,82,0.0,1.0,True,0.23771527409553528
label_balanced-314510,155,0,label_balanced,137,71,66,0.9647887323943662,1.0378787878787878,False,1.0722901821136475
label_balanced-314510,156,0,label_balanced,66,0,66,0.0,1.0,True,0.11974909901618958
label_balanced-314510,157,0,label_balanced,144,0,144,0.0,1.0,True,0.07161268591880798
label_balanced-314510,158,0,label_balanced,116,96,20,0.6041666666666666,2.9,False,1.220080018043518
label_balanced-314510,159,0,label_balanced,115,94,21,0.6117021276595744,2.738095238095238,False,1.1910521984100342
label_balanced-314510,160,0,label_balanced,101,32,69,1.578125,0.7318840579710145,False,1.3596458435058594
label_balanced-314510,161,0,label_balanced,178,0,178,0.0,1.0,True,0.07123589515686035
label_balanced-314510,162,0,label_balanced,103,26,77,1.9807692307692308,0.6688311688311688,False,1.1290044784545898
label_balanced-314510,163,0,label_balanced,118,118,0,1.0,0.0,True,2.1111414432525635
label_balanced-314510,164,0,label_balanced,86,0,86,0.0,1.0,True,0.195779487490654
label_balanced-314510,165,0,label_balanced,155,0,155,0.0,1.0,True,0.10291807353496552
label_balanced-314510,166,0,label_balanced,106,31,75,1.7096774193548387,0.7066666666666667,False,0.8831806778907776
label_balanced-314510,167,0,label_balanced,141,108,33,0.6527777777777778,2.1363636363636362,False,0.8214059472084045
label_balanced-314510,168,0,label_balanced,92,0,92,0.0,1.0,True,0.39716073870658875
label_balanced-314510,169,0,label_balanced,139,0,139,0.0,1.0,True,0.20898649096488953
label_balanced-314510,170,0,label_balanced,103,0,103,0.0,1.0,True,0.6048799157142639
label_balanced-314510,171,0,label_balanced,134,63,71,1.0634920634920635,0.9436619718309859,False,0.907201886177063
label_balanced-314510,172,0,label_balanced,94,0,94,0.0,1.0,True,0.29698505997657776
label_balanced-314510,173,0,label_balanced,178,0,178,0.0,1.0,True,0.16780918836593628
label_balanced-314510,174,0,label_balanced,114,0,114,0.0,1.0,True,0.2687852084636688
label_balanced-314510,175,0,label_balanced,134,134,0,1.0,0.0,True,1.495083212852478
label_balanced-314510,176,0,label_balanced,89,0,89,0.0,1.0,True,0.1923680305480957
label_balanced-314510,177,0,label_balanced,143,0,143,0.0,1.0,True,0.08063457161188126
label_balanced-314510,178,0,label_balanced,93,23,70,2.0217391304347827,0.6642857142857143,False,1.0691255331039429
label_balanced-314510,179,0,label_balanced,122,86,36,0.7093023255813954,1.6944444444444444,False,1.2449126243591309
label_balanced-314510,180,0,label_balanced,101,0,101,0.0,1.0,True,0.29207471013069153
label_balanced-314510,181,0,label_balanced,141,0,141,0.0,1.0,True,0.08058126270771027
label_balanced-314510,182,0,label_balanced,101,26,75,1.9423076923076923,0.6733333333333333,False,1.3004897832870483
label_balanced-314510,183,0,label_balanced,126,103,23,0.6116504854368932,2.739130434782609,False,1.0034027099609375
label_balanced-314510,184,0,label_balanced,97,0,97,0.0,1.0,True,0.23807816207408905
label_balanced-314510,185,0,label_balanced,150,0,150,0.0,1.0,True,0.09120763093233109
label_balanced-314510,186,0,label_balanced,108,71,37,0.7605633802816901,1.4594594594594594,False,1.3056368827819824
label_balanced-314510,187,0,label_balanced,129,129,0,1.0,0.0,True,1.6915758848190308
label_balanced-314510,188,0,label_balanced,92,0,92,0.0,1.0,True,0.156804159283638
label_balanced-314510,189,0,label_balanced,132,0,132,0.0,1.0,True,0.10184088349342346
label_balanced-314510,190,0,label_balanced,100,27,73,1.8518518518518519,0.684931506849315,False,0.7979316115379333
label_balanced-314510,191,0,label_balanced,124,99,25,0.6262626262626263,2.48,False,0.883249044418335
label_balanced-314510,192,0,label_balanced,103,0,103,0.0,1.0,True,0.3549250066280365
label_balanced-314510,193,0,label_balanced,157,0,157,0.0,1.0,True,0.1542721688747406
label_balanced-314510,194,0,label_balanced,101,81,20,0.6234567901234568,2.525,False,0.9976997971534729
label_balanced-314510,195,0,label_balanced,132,99,33,0.6666666666666666,2.0,False,0.8532519936561584
label_balanced-314510,196,0,label_balanced,84,0,84,0.0,1.0,True,0.3379988968372345
label_balanced-314510,197,0,label_balanced,147,0,147,0.0,1.0,True,0.11156485229730606
label_balanced-314510,198,0,label_balanced,110,28,82,1.9642857142857142,0.6707317073170732,False,1.1425787210464478
label_balanced-314510,199,0,label_balanced,130,98,32,0.6632653061224489,2.03125,False,0.9743868112564087
label_balanced-314510,200,0,label_balanced,85,0,85,0.0,1.0,True,0.3074384033679962
label_balanced-314510,201,0,label_balanced,146,0,146,0.0,1.0,True,0.08870002627372742
label_balanced-314510,202,0,label_balanced,103,0,103,0.0,1.0,True,0.26614153385162354
label_balanced-314510,203,0,label_balanced,117,117,0,1.0,0.0,True,1.4054055213928223
label_balanced-314510,204,0,label_balanced,90,0,90,0.0,1.0,True,0.16169734299182892
label_balanced-314510,205,0,label_balanced,152,0,152,0.0,1.0,True,0.0961674377322197
label_balanced-314510,206,0,label_balanced,104,24,80,2.1666666666666665,0.65,False,1.3598164319992065
label_balanced-314510,207,0,label_balanced,150,110,40,0.6818181818181818,1.875,False,1.200461745262146
label_balanced-314510,208,0,label_balanced,97,0,97,0.0,1.0,True,0.22626514732837677
label_balanced-314510,209,0,label_balanced,199,0,199,0.0,1.0,True,0.07852751016616821
label_balanced-314510,210,0,label_balanced,91,21,70,2.1666666666666665,0.65,False,0.8963494300842285
label_balanced-314510,211,0,label_balanced,127,90,37,0.7055555555555556,1.7162162162162162,False,0.6904067993164062
label_balanced-314510,212,0,label_balanced,82,0,82,0.0,1.0,True,0.20141755044460297
label_balanced-314510,213,0,label_balanced,152,0,152,0.0,1.0,True,0.09138742089271545
label_balanced-314510,214,0,label_balanced,114,28,86,2.0357142857142856,0.6627906976744186,False,0.8463493585586548
label_balanced-314510,215,0,label_balanced,137,105,32,0.6523809523809524,2.140625,False,0.8862189650535583
label_balanced-314510,216,0,label_balanced,86,0,86,0.0,1.0,True,0.11208607256412506
label_balanced-314510,217,0,label_balanced,167,0,167,0.0,1.0,True,0.07540202885866165
label_balanced-314510,218,0,label_balanced,115,83,32,0.6927710843373494,1.796875,False,1.0473442077636719
label_balanced-314510,219,0,label_balanced,134,134,0,1.0,0.0,True,1.4156514406204224
label_balanced-314510,220,0,label_balanced,98,26,72,1.8846153846153846,0.6805555555555556,False,1.2233500480651855
label_balanced-314510,221,0,label_balanced,145,0,145,0.0,1.0,True,0.15207581222057343
label_balanced-314510,222,0,label_balanced,107,57,50,0.9385964912280702,1.07,False,0.8904992341995239
label_balanced-314510,223,0,label_balanced,138,138,0,1.0,0.0,True,0.7390541434288025
label_balanced-314510,224,0,label_balanced,84,0,84,0.0,1.0,True,0.6224269270896912
label_balanced-314510,225,0,label_balanced,176,0,176,0.0,1.0,True,0.3258996605873108
label_balanced-314510,226,0,label_balanced,102,26,76,1.9615384615384615,0.6710526315789473,False,0.5598981976509094
label_balanced-314510,227,0,label_balanced,130,130,0,1.0,0.0,True,0.4895750880241394
label_balanced-314510,228,0,label_balanced,101,0,101,0.0,1.0,True,0.7557923793792725
label_balanced-314510,229,0,label_balanced,154,0,154,0.0,1.0,True,0.2994672954082489
label_balanced-314510,230,0,label_balanced,103,0,103,0.0,1.0,True,0.7596747279167175
label_balanced-314510,231,0,label_balanced,129,101,28,0.6386138613861386,2.3035714285714284,False,0.5694264769554138
label_balanced-314510,232,0,label_balanced,93,0,93,0.0,1.0,True,0.27999886870384216
label_balanced-314510,233,0,label_balanced,162,0,162,0.0,1.0,True,0.07099325954914093
label_balanced-314510,234,0,label_balanced,97,45,52,1.0777777777777777,0.9326923076923077,False,1.2274826765060425
label_balanced-314510,235,0,label_balanced,132,132,0,1.0,0.0,True,1.9109320640563965
label_balanced-314510,236,0,label_balanced,89,0,89,0.0,1.0,True,0.05886409059166908
label_balanced-314510,237,0,label_balanced,148,0,148,0.0,1.0,True,0.029896169900894165
label_balanced-314510,238,0,label_balanced,95,0,95,0.0,1.0,True,0.12376456707715988
label_balanced-314510,239,0,label_balanced,123,123,0,1.0,0.0,True,1.658427357673645
label_balanced-314510,240,0,label_balanced,83,0,83,0.0,1.0,True,0.04060690104961395
label_balanced-314510,241,0,label_balanced,140,0,140,0.0,1.0,True,0.027330251410603523
label_balanced-314510,242,0,label_balanced,92,0,92,0.0,1.0,True,0.11134899407625198
label_balanced-314510,243,0,label_balanced,127,99,28,0.6414141414141414,2.267857142857143,False,0.9360081553459167
label_balanced-314510,244,0,label_balanced,92,0,92,0.0,1.0,True,0.04469691216945648
label_balanced-314510,245,0,label_balanced,185,0,185,0.0,1.0,True,0.044038042426109314
label_balanced-314510,246,0,label_balanced,99,28,71,1.7678571428571428,0.6971830985915493,False,1.2280943393707275
label_balanced-314510,247,0,label_balanced,128,100,28,0.64,2.2857142857142856,False,0.8326368927955627
label_balanced-314510,248,0,label_balanced,123,33,90,1.8636363636363635,0.6833333333333333,False,1.2495121955871582
label_balanced-314510,249,0,label_balanced,161,0,161,0.0,1.0,True,0.07585474848747253
label_balanced-314510,250,0,label_balanced,101,29,72,1.7413793103448276,0.7013888888888888,False,0.8643468618392944
label_balanced-314510,251,0,label_balanced,113,64,49,0.8828125,1.153061224489796,False,0.7974177002906799
label_balanced-314510,252,0,label_balanced,95,23,72,2.0652173913043477,0.6597222222222222,False,0.6039125919342041
label_balanced-314510,253,0,label_balanced,154,0,154,0.0,1.0,True,0.08614876866340637
label_balanced-314510,254,0,label_balanced,108,50,58,1.08,0.9310344827586207,False,1.3088735342025757
label_balanced-314510,255,0,label_balanced,133,67,66,0.9925373134328358,1.0075757575757576,False,0.8844984769821167
label_balanced-314510,256,0,label_balanced,83,0,83,0.0,1.0,True,0.4594424068927765
label_balanced-314510,257,0,label_balanced,154,0,154,0.0,1.0,True,0.17020472884178162
label_balanced-314510,258,0,label_balanced,95,0,95,0.0,1.0,True,0.5405446887016296
label_balanced-314510,259,0,label_balanced,124,101,23,0.6138613861386139,2.6956521739130435,False,0.8152761459350586
label_balanced-314510,260,0,label_balanced,86,0,86,0.0,1.0,True,0.13380922377109528
label_balanced-314510,261,0,label_balanced,154,0,154,0.0,1.0,True,0.08951707184314728
label_balanced-314510,262,0,label_balanced,108,28,80,1.9285714285714286,0.675,False,1.0766288042068481
label_balanced-314510,263,0,label_balanced,128,128,0,1.0,0.0,True,1.0848761796951294
label_balanced-314510,264,0,label_balanced,90,0,90,0.0,1.0,True,0.07089652121067047
label_balanced-314510,265,0,label_balanced,158,0,158,0.0,1.0,True,0.05709364637732506
label_balanced-314510,266,0,label_balanced,97,0,97,0.0,1.0,True,0.1822129786014557
label_balanced-314510,267,0,label_balanced,127,127,0,1.0,0.0,True,1.4548426866531372
label_balanced-314510,268,0,label_balanced,93,0,93,0.0,1.0,True,0.1426880657672882
label_balanced-314510,269,0,label_balanced,165,0,165,0.0,1.0,True,0.07829232513904572
label_balanced-314510,270,0,label_balanced,115,68,47,0.8455882352941176,1.2234042553191489,False,0.5984489321708679
label_balanced-314510,271,0,label_balanced,126,126,0,1.0,0.0,True,1.0045989751815796
label_balanced-314510,272,0,label_balanced,80,0,80,0.0,1.0,True,0.09914598613977432
label_balanced-314510,273,0,label_balanced,150,0,150,0.0,1.0,True,0.09006910026073456
label_balanced-314510,274,0,label_balanced,110,50,60,1.1,0.9166666666666666,False,1.2647931575775146
label_balanced-314510,275,0,label_balanced,129,93,36,0.6935483870967742,1.7916666666666667,False,1.0681564807891846
label_balanced-314510,276,0,label_balanced,86,0,86,0.0,1.0,True,0.1912470906972885
label_balanced-314510,277,0,label_balanced,186,0,186,0.0,1.0,True,0.0641428530216217
label_balanced-314510,278,0,label_balanced,110,29,81,1.896551724137931,0.6790123456790124,False,1.1935518980026245
label_balanced-314510,279,0,label_balanced,146,104,42,0.7019230769230769,1.7380952380952381,False,0.5687354207038879
label_balanced-314510,280,0,label_balanced,100,0,100,0.0,1.0,True,0.24954789876937866
label_balanced-314510,281,0,label_balanced,169,0,169,0.0,1.0,True,0.09610795974731445
label_balanced-314510,282,0,label_balanced,98,29,69,1.6896551724137931,0.7101449275362319,False,0.856935977935791
label_balanced-314510,283,0,label_balanced,140,140,0,1.0,0.0,True,0.8665487170219421
label_balanced-314510,284,0,label_balanced,93,0,93,0.0,1.0,True,0.212489053606987
label_balanced-314510,285,0,label_balanced,157,0,157,0.0,1.0,True,0.12089193612337112
label_balanced-314510,286,0,label_balanced,111,25,86,2.22,0.6453488372093024,False,1.260845422744751
label_balanced-314510,287,0,label_balanced,119,93,26,0.6397849462365591,2.2884615384615383,False,0.858744740486145
label_balanced-314510,288,0,label_balanced,91,0,91,0.0,1.0,True,0.35414355993270874
label_balanced-314510,289,0,label_balanced,168,0,168,0.0,1.0,True,0.12989789247512817
label_balanced-314510,290,0,label_balanced,95,69,26,0.6884057971014492,1.8269230769230769,False,1.0380196571350098
label_balanced-314510,291,0,label_balanced,134,101,33,0.6633663366336634,2.0303030303030303,False,0.8256358504295349
label_balanced-314510,292,0,label_balanced,89,0,89,0.0,1.0,True,0.17616283893585205
label_balanced-314510,293,0,label_balanced,175,0,175,0.0,1.0,True,0.20856451988220215
label_balanced-314510,294,0,label_balanced,119,58,61,1.0258620689655173,0.9754098360655737,False,0.9090720415115356
label_balanced-314510,295,0,label_balanced,137,137,0,1.0,0.0,True,0.8649416565895081
label_balanced-314510,296,0,label_balanced,100,0,100,0.0,1.0,True,0.2970083951950073
label_balanced-314510,297,0,label_balanced,195,0,195,0.0,1.0,True,0.08330006897449493
label_balanced-314510,298,0,label_balanced,111,0,111,0.0,1.0,True,0.20599010586738586
label_balanced-314510,299,0,label_balanced,130,130,0,1.0,0.0,True,0.9320572018623352
label_balanced-314510,300,0,label_balanced,96,0,96,0.0,1.0,True,0.2934607267379761
label_balanced-314510,301,0,label_balanced,161,0,161,0.0,1.0,True,0.16346955299377441
label_balanced-314510,302,0,label_balanced,112,28,84,2.0,0.6666666666666666,False,1.0217801332473755
label_balanced-314510,303,0,label_balanced,131,95,36,0.6894736842105263,1.8194444444444444,False,0.9946678876876831
label_balanced-314510,304,0,label_balanced,94,0,94,0.0,1.0,True,0.33499205112457275
label_balanced-314510,305,0,label_balanced,161,0,161,0.0,1.0,True,0.09469060599803925
label_balanced-314510,306,0,label_balanced,97,21,76,2.3095238095238093,0.6381578947368421,False,1.1870614290237427
label_balanced-314510,307,0,label_balanced,134,134,0,1.0,0.0,True,1.0258355140686035
label_balanced-314510,308,0,label_balanced,93,0,93,0.0,1.0,True,0.20774003863334656
label_balanced-314510,309,0,label_balanced,181,0,181,0.0,1.0,True,0.13281407952308655
label_balanced-314510,310,0,label_balanced,99,56,43,0.8839285714285714,1.1511627906976745,False,0.9293107390403748
label_balanced-314510,311,0,label_balanced,134,134,0,1.0,0.0,True,0.8870546221733093
label_balanced-314510,312,0,label_balanced,109,0,109,0.0,1.0,True,0.2783085107803345
label_balanced-314510,313,0,label_balanced,169,0,169,0.0,1.0,True,0.21361038088798523
label_balanced-314510,314,0,label_balanced,102,58,44,0.8793103448275862,1.1590909090909092,False,0.987943172454834
label_balanced-314510,315,0,label_balanced,120,89,31,0.6741573033707865,1.935483870967742,False,1.120000958442688
label_balanced-314510,316,0,label_balanced,94,0,94,0.0,1.0,True,0.32116228342056274
label_balanced-314510,317,0,label_balanced,150,0,150,0.0,1.0,True,0.25052863359451294
label_balanced-314510,318,0,label_balanced,115,30,85,1.9166666666666667,0.6764705882352942,False,0.6806222796440125
label_balanced-314510,319,0,label_balanced,128,97,31,0.6597938144329897,2.064516129032258,False,1.0392212867736816
label_balanced-314510,320,0,label_balanced,91,0,91,0.0,1.0,True,0.3984832167625427
label_balanced-314510,321,0,label_balanced,180,0,180,0.0,1.0,True,0.10247747600078583
label_balanced-314510,322,0,label_balanced,100,0,100,0.0,1.0,True,0.15944010019302368
label_balanced-314510,323,0,label_balanced,133,61,72,1.0901639344262295,0.9236111111111112,False,1.0924009084701538
label_balanced-314510,324,0,label_balanced,95,0,95,0.0,1.0,True,0.04417790472507477
label_balanced-314510,325,0,label_balanced,161,0,161,0.0,1.0,True,0.029192646965384483
label_balanced-314510,326,0,label_balanced,120,61,59,0.9836065573770492,1.0169491525423728,False,1.0792152881622314
label_balanced-314510,327,0,label_balanced,143,143,0,1.0,0.0,True,2.0043585300445557
label_balanced-314510,328,0,label_balanced,98,0,98,0.0,1.0,True,0.046208325773477554
label_balanced-314510,329,0,label_balanced,159,0,159,0.0,1.0,True,0.019610321149230003
label_balanced-314510,330,0,label_balanced,99,25,74,1.98,0.668918918918919,False,1.1005476713180542
label_balanced-314510,331,0,label_balanced,123,96,27,0.640625,2.2777777777777777,False,0.7552661895751953
label_balanced-314510,332,0,label_balanced,103,0,103,0.0,1.0,True,0.11298568546772003
label_balanced-314510,333,0,label_balanced,180,0,180,0.0,1.0,True,0.03194015473127365
label_balanced-314510,334,0,label_balanced,108,30,78,1.8,0.6923076923076923,False,1.4075433015823364
label_balanced-314510,335,0,label_balanced,117,35,82,1.6714285714285715,0.7134146341463414,False,0.8097137808799744
label_balanced-314510,336,0,label_balanced,95,0,95,0.0,1.0,True,0.15039318799972534
label_balanced-314510,337,0,label_balanced,184,0,184,0.0,1.0,True,0.09032599627971649
label_balanced-314510,338,0,label_balanced,116,59,57,0.9830508474576272,1.0175438596491229,False,0.8969475626945496
label_balanced-314510,339,0,label_balanced,119,88,31,0.6761363636363636,1.9193548387096775,False,0.8364498615264893
label_balanced-314510,340,0,label_balanced,93,0,93,0.0,1.0,True,0.18006792664527893
label_balanced-314510,341,0,label_balanced,195,0,195,0.0,1.0,True,0.11183677613735199
label_balanced-314510,342,0,label_balanced,108,56,52,0.9642857142857143,1.0384615384615385,False,1.0629030466079712
label_balanced-314510,343,0,label_balanced,127,127,0,1.0,0.0,True,0.8199443817138672
label_balanced-314510,344,0,label_balanced,85,0,85,0.0,1.0,True,0.14692194759845734
label_balanced-314510,345,0,label_balanced,169,0,169,0.0,1.0,True,0.10354490578174591
label_balanced-314510,346,0,label_balanced,104,58,46,0.896551724137931,1.1304347826086956,False,0.9663792252540588
label_balanced-314510,347,0,label_balanced,131,94,37,0.6968085106382979,1.7702702702702702,False,0.7852228879928589
label_balanced-314510,348,0,label_balanced,87,0,87,0.0,1.0,True,0.1984647810459137
label_balanced-314510,349,0,label_balanced,155,0,155,0.0,1.0,True,0.12036415934562683
label_balanced-314510,350,0,label_balanced,106,32,74,1.65625,0.7162162162162162,False,0.42836809158325195
label_balanced-314510,351,0,label_balanced,132,132,0,1.0,0.0,True,0.8284371495246887
label_balanced-314510,352,0,label_balanced,105,0,105,0.0,1.0,True,0.3864315450191498
label_balanced-314510,353,0,label_balanced,169,0,169,0.0,1.0,True,0.09051409363746643
label_balanced-314510,354,0,label_balanced,106,50,56,1.06,0.9464285714285714,False,1.12640380859375
label_balanced-314510,355,0,label_balanced,133,133,0,1.0,0.0,True,0.9554630517959595
label_balanced-314510,356,0,label_balanced,118,26,92,2.269230769230769,0.6413043478260869,False,0.8299256563186646
label_balanced-314510,357,0,label_balanced,219,0,219,0.0,1.0,True,0.34690728783607483
label_balanced-314510,358,0,label_balanced,104,26,78,2.0,0.6666666666666666,False,0.7274284362792969
label_balanced-314510,359,0,label_balanced,125,101,24,0.6188118811881188,2.6041666666666665,False,0.6083887815475464
label_balanced-314510,360,0,label_balanced,85,0,85,0.0,1.0,True,0.6763492226600647
label_balanced-314510,361,0,label_balanced,166,0,166,0.0,1.0,True,0.24031060934066772
label_balanced-314510,362,0,label_balanced,104,0,104,0.0,1.0,True,0.4999861419200897
label_balanced-314510,363,0,label_balanced,133,133,0,1.0,0.0,True,0.8020598888397217
label_balanced-314510,364,0,label_balanced,80,0,80,0.0,1.0,True,0.2671901285648346
label_balanced-314510,365,0,label_balanced,183,0,183,0.0,1.0,True,0.06425344198942184
label_balanced-314510,366,0,label_balanced,97,49,48,0.9897959183673469,1.0104166666666667,False,1.2137422561645508
label_balanced-314510,367,0,label_balanced,124,57,67,1.087719298245614,0.9253731343283582,False,0.5982868671417236
label_balanced-314510,368,0,label_balanced,91,0,91,0.0,1.0,True,0.17319585382938385
label_balanced-314510,369,0,label_balanced,159,0,159,0.0,1.0,True,0.045360393822193146
label_balanced-314510,370,0,label_balanced,101,55,46,0.9181818181818182,1.0978260869565217,False,1.1966828107833862
label_balanced-314510,371,0,label_balanced,133,133,0,1.0,0.0,True,1.228402853012085
label_balanced-314510,372,0,label_balanced,90,0,90,0.0,1.0,True,0.08132276684045792
label_balanced-314510,373,0,label_balanced,179,0,179,0.0,1.0,True,0.04493770748376846
label_balanced-314510,374,0,label_balanced,89,22,67,2.022727272727273,0.664179104477612,False,1.0172803401947021
label_balanced-314510,375,0,label_balanced,123,123,0,1.0,0.0,True,1.006113052368164
label_balanced-314510,376,0,label_balanced,113,0,113,0.0,1.0,True,0.16296696662902832
label_balanced-314510,377,0,label_balanced,180,0,180,0.0,1.0,True,0.08125954121351242
label_balanced-314510,378,0,label_balanced,115,24,91,2.3958333333333335,0.6318681318681318,False,0.7815586924552917
label_balanced-314510,379,0,label_balanced,128,94,34,0.6808510638297872,1.8823529411764706,False,0.6902322769165039
label_balanced-314510,380,0,label_balanced,99,0,99,0.0,1.0,True,0.37394705414772034
label_balanced-314510,381,0,label_balanced,160,0,160,0.0,1.0,True,0.18737250566482544
label_balanced-314510,382,0,label_balanced,107,89,18,0.601123595505618,2.9722222222222223,False,0.8701135516166687
label_balanced-314510,383,0,label_balanced,144,144,0,1.0,0.0,True,0.8538002371788025
label_balanced-314510,384,0,label_balanced,87,0,87,0.0,1.0,True,0.4449406862258911
label_balanced-314510,385,0,label_balanced,168,0,168,0.0,1.0,True,0.2584785223007202
label_balanced-314510,386,0,label_balanced,88,0,88,0.0,1.0,True,0.7229507565498352
label_balanced-314510,387,0,label_balanced,122,100,22,0.61,2.772727272727273,False,0.4929902255535126
label_balanced-314510,388,0,label_balanced,87,0,87,0.0,1.0,True,0.26999348402023315
label_balanced-314510,389,0,label_balanced,170,0,170,0.0,1.0,True,0.11384899169206619
label_balanced-314510,390,0,label_balanced,102,0,102,0.0,1.0,True,0.32016000151634216
label_balanced-314510,391,0,label_balanced,139,139,0,1.0,0.0,True,1.2823665142059326
label_balanced-314510,392,0,label_balanced,88,0,88,0.0,1.0,True,0.09050973504781723
label_balanced-314510,393,0,label_balanced,213,0,213,0.0,1.0,True,0.042854394763708115
label_balanced-314510,394,0,label_balanced,87,27,60,1.6111111111111112,0.725,False,0.7425734996795654
label_balanced-314510,395,0,label_balanced,141,112,29,0.6294642857142857,2.4310344827586206,False,0.6548976898193359
label_balanced-314510,396,0,label_balanced,89,0,89,0.0,1.0,True,0.05687785521149635
label_balanced-314510,397,0,label_balanced,176,0,176,0.0,1.0,True,0.06335461139678955
label_balanced-314510,398,0,label_balanced,98,0,98,0.0,1.0,True,0.14471256732940674
label_balanced-314510,399,0,label_balanced,137,103,34,0.6650485436893204,2.014705882352941,False,0.805263102054596
label_balanced-314510,400,0,label_balanced,87,0,87,0.0,1.0,True,0.08606360852718353
ordinary-314510,1,0,ordinary,188,0,188,0.0,1.0,True,0.7728506326675415
ordinary-314510,2,0,ordinary,108,52,56,1.0,1.0,False,1.0317211151123047
ordinary-314510,3,0,ordinary,119,119,0,1.0,0.0,True,1.5402971506118774
ordinary-314510,4,0,ordinary,98,0,98,0.0,1.0,True,0.6322207450866699
ordinary-314510,5,0,ordinary,181,0,181,0.0,1.0,True,0.647605299949646
ordinary-314510,6,0,ordinary,92,26,66,1.0,1.0,False,0.8646622896194458
ordinary-314510,7,0,ordinary,134,134,0,1.0,0.0,True,1.5330628156661987
ordinary-314510,8,0,ordinary,88,0,88,0.0,1.0,True,0.5961989164352417
ordinary-314510,9,0,ordinary,183,0,183,0.0,1.0,True,0.5878944993019104
ordinary-314510,10,0,ordinary,102,79,23,1.0,1.0,False,1.3393932580947876
ordinary-314510,11,0,ordinary,125,96,29,1.0,1.0,False,1.318882703781128
ordinary-314510,12,0,ordinary,105,0,105,0.0,1.0,True,0.5752273797988892
ordinary-314510,13,0,ordinary,182,0,182,0.0,1.0,True,0.5712530016899109
ordinary-314510,14,0,ordinary,102,0,102,0.0,1.0,True,0.5447980761528015
ordinary-314510,15,0,ordinary,121,121,0,1.0,0.0,True,1.603256106376648
ordinary-314510,16,0,ordinary,85,0,85,0.0,1.0,True,0.5187622904777527
ordinary-314510,17,0,ordinary,180,0,180,0.0,1.0,True,0.5065681338310242
ordinary-314510,18,0,ordinary,98,24,74,1.0,1.0,False,0.7924997806549072
ordinary-314510,19,0,ordinary,126,94,32,1.0,1.0,False,1.396346926689148
ordinary-314510,20,0,ordinary,92,0,92,0.0,1.0,True,0.44261473417282104
ordinary-314510,21,0,ordinary,193,0,193,0.0,1.0,True,0.4189050495624542
ordinary-314510,22,0,ordinary,106,57,49,1.0,1.0,False,1.1826672554016113
ordinary-314510,23,0,ordinary,133,133,0,1.0,0.0,True,1.8119091987609863
ordinary-314510,24,0,ordinary,99,0,99,0.0,1.0,True,0.4077678322792053
ordinary-314510,25,0,ordinary,202,0,202,0.0,1.0,True,0.38885921239852905
ordinary-314510,26,0,ordinary,99,82,17,1.0,1.0,False,1.625391960144043
ordinary-314510,27,0,ordinary,136,136,0,1.0,0.0,True,1.8088278770446777
ordinary-314510,28,0,ordinary,109,0,109,0.0,1.0,True,0.41076651215553284
ordinary-314510,29,0,ordinary,201,0,201,0.0,1.0,True,0.4326312839984894
ordinary-314510,30,0,ordinary,99,0,99,0.0,1.0,True,0.4239004850387573
ordinary-314510,31,0,ordinary,118,87,31,1.0,1.0,False,1.4222137928009033
ordinary-314510,32,0,ordinary,103,0,103,0.0,1.0,True,0.4292236566543579
ordinary-314510,33,0,ordinary,213,54,159,1.0,1.0,False,0.7746630907058716
ordinary-314510,34,0,ordinary,110,81,29,1.0,1.0,False,1.4360262155532837
ordinary-314510,35,0,ordinary,125,125,0,1.0,0.0,True,1.694968581199646
ordinary-314510,36,0,ordinary,88,0,88,0.0,1.0,True,0.4274637699127197
ordinary-314510,37,0,ordinary,195,0,195,0.0,1.0,True,0.44006165862083435
ordinary-314510,38,0,ordinary,106,56,50,1.0,1.0,False,1.0927016735076904
ordinary-314510,39,0,ordinary,121,88,33,1.0,1.0,False,1.3557864427566528
ordinary-314510,40,0,ordinary,98,0,98,0.0,1.0,True,0.47301894426345825
ordinary-314510,41,0,ordinary,184,0,184,0.0,1.0,True,0.48163849115371704
ordinary-314510,42,0,ordinary,106,26,80,1.0,1.0,False,0.7927456498146057
ordinary-314510,43,0,ordinary,133,99,34,1.0,1.0,False,1.3032070398330688
ordinary-314510,44,0,ordinary,88,27,61,1.0,1.0,False,0.8414610624313354
ordinary-314510,45,0,ordinary,223,60,163,1.0,1.0,False,0.797343909740448
ordinary-314510,46,0,ordinary,99,26,73,1.0,1.0,False,0.7814931273460388
ordinary-314510,47,0,ordinary,135,102,33,1.0,1.0,False,1.288618564605713
ordinary-314510,48,0,ordinary,96,0,96,0.0,1.0,True,0.45402202010154724
ordinary-314510,49,0,ordinary,210,0,210,0.0,1.0,True,0.4561580717563629
ordinary-314510,50,0,ordinary,100,0,100,0.0,1.0,True,0.4555189311504364
ordinary-314510,51,0,ordinary,122,61,61,1.0,1.0,False,1.0682803392410278
ordinary-314510,52,0,ordinary,95,30,65,1.0,1.0,False,0.7899453043937683
ordinary-314510,53,0,ordinary,226,48,178,1.0,1.0,False,0.7095822095870972
ordinary-314510,54,0,ordinary,102,31,71,1.0,1.0,False,0.7725557088851929
ordinary-314510,55,0,ordinary,136,136,0,1.0,0.0,True,1.736835241317749
ordinary-314510,56,0,ordinary,100,0,100,0.0,1.0,True,0.3269129991531372
ordinary-314510,57,0,ordinary,202,0,202,0.0,1.0,True,0.3383224606513977
ordinary-314510,58,0,ordinary,96,26,70,1.0,1.0,False,0.7736183404922485
ordinary-314510,59,0,ordinary,139,106,33,1.0,1.0,False,1.4946659803390503
ordinary-314510,60,0,ordinary,120,0,120,0.0,1.0,True,0.359491229057312
ordinary-314510,61,0,ordinary,213,0,213,0.0,1.0,True,0.30104827880859375
ordinary-314510,62,0,ordinary,102,26,76,1.0,1.0,False,0.7168008685112
ordinary-314510,63,0,ordinary,140,99,41,1.0,1.0,False,1.5623953342437744
ordinary-314510,64,0,ordinary,116,0,116,0.0,1.0,True,0.2943752408027649
ordinary-314510,65,0,ordinary,194,63,131,1.0,1.0,False,0.8295416831970215
ordinary-314510,66,0,ordinary,86,0,86,0.0,1.0,True,0.23550668358802795
ordinary-314510,67,0,ordinary,139,103,36,1.0,1.0,False,1.54567551612854
ordinary-314510,68,0,ordinary,102,0,102,0.0,1.0,True,0.26823702454566956
ordinary-314510,69,0,ordinary,183,0,183,0.0,1.0,True,0.23284552991390228
ordinary-314510,70,0,ordinary,116,36,80,1.0,1.0,False,0.7624351382255554
ordinary-314510,71,0,ordinary,135,105,30,1.0,1.0,False,1.4857397079467773
ordinary-314510,72,0,ordinary,107,0,107,0.0,1.0,True,0.23748350143432617
ordinary-314510,73,0,ordinary,188,0,188,0.0,1.0,True,0.20426054298877716
ordinary-314510,74,0,ordinary,122,30,92,1.0,1.0,False,0.7115682363510132
ordinary-314510,75,0,ordinary,135,99,36,1.0,1.0,False,1.4756886959075928
ordinary-314510,76,0,ordinary,101,0,101,0.0,1.0,True,0.22907215356826782
ordinary-314510,77,0,ordinary,221,0,221,0.0,1.0,True,0.22802838683128357
ordinary-314510,78,0,ordinary,101,59,42,1.0,1.0,False,1.2692046165466309
ordinary-314510,79,0,ordinary,137,137,0,1.0,0.0,True,1.8050663471221924
ordinary-314510,80,0,ordinary,88,0,88,0.0,1.0,True,0.2778376340866089
ordinary-314510,81,0,ordinary,215,0,215,0.0,1.0,True,0.3098795413970947
ordinary-314510,82,0,ordinary,115,34,81,1.0,1.0,False,0.8034131526947021
ordinary-314510,83,0,ordinary,142,142,0,1.0,0.0,True,1.6087007522583008
ordinary-314510,84,0,ordinary,103,0,103,0.0,1.0,True,0.349019318819046
ordinary-314510,85,0,ordinary,203,0,203,0.0,1.0,True,0.3581394851207733
ordinary-314510,86,0,ordinary,104,53,51,1.0,1.0,False,0.9919438362121582
ordinary-314510,87,0,ordinary,119,119,0,1.0,0.0,True,1.4981321096420288
ordinary-314510,88,0,ordinary,107,0,107,0.0,1.0,True,0.4354970157146454
ordinary-314510,89,0,ordinary,256,0,256,0.0,1.0,True,0.4275679588317871
ordinary-314510,89,256,ordinary,17,0,17,0.0,1.0,True,0.4743908643722534
ordinary-314510,90,0,ordinary,116,63,53,1.0,1.0,False,1.0423641204833984
ordinary-314510,91,0,ordinary,124,87,37,1.0,1.0,False,1.3306010961532593
ordinary-314510,92,0,ordinary,97,0,97,0.0,1.0,True,0.35024070739746094
ordinary-314510,93,0,ordinary,232,0,232,0.0,1.0,True,0.3266468048095703
ordinary-314510,94,0,ordinary,91,0,91,0.0,1.0,True,0.33718687295913696
ordinary-314510,95,0,ordinary,136,103,33,1.0,1.0,False,1.4254767894744873
ordinary-314510,96,0,ordinary,90,0,90,0.0,1.0,True,0.19653625786304474
ordinary-314510,97,0,ordinary,185,0,185,0.0,1.0,True,0.15485438704490662
ordinary-314510,98,0,ordinary,109,57,52,1.0,1.0,False,1.2738380432128906
ordinary-314510,99,0,ordinary,149,114,35,1.0,1.0,False,1.7748998403549194
ordinary-314510,100,0,ordinary,113,0,113,0.0,1.0,True,0.14897465705871582
ordinary-314510,101,0,ordinary,193,75,118,1.0,1.0,False,0.9335112571716309
ordinary-314510,102,0,ordinary,119,66,53,1.0,1.0,False,1.0674495697021484
ordinary-314510,103,0,ordinary,130,59,71,1.0,1.0,False,1.1176750659942627
ordinary-314510,104,0,ordinary,102,33,69,1.0,1.0,False,0.7659547924995422
ordinary-314510,105,0,ordinary,196,0,196,0.0,1.0,True,0.2692010700702667
ordinary-314510,106,0,ordinary,86,26,60,1.0,1.0,False,0.7500494718551636
ordinary-314510,107,0,ordinary,131,131,0,1.0,0.0,True,1.086704134941101
ordinary-314510,108,0,ordinary,102,0,102,0.0,1.0,True,0.38752633333206177
ordinary-314510,109,0,ordinary,216,0,216,0.0,1.0,True,0.4717767834663391
ordinary-314510,110,0,ordinary,91,22,69,1.0,1.0,False,0.7604301571846008
ordinary-314510,111,0,ordinary,158,158,0,1.0,0.0,True,1.2471795082092285
ordinary-314510,112,0,ordinary,92,0,92,0.0,1.0,True,0.32501649856567383
ordinary-314510,113,0,ordinary,233,0,233,0.0,1.0,True,0.2950584292411804
ordinary-314510,114,0,ordinary,94,55,39,1.0,1.0,False,0.929107129573822
ordinary-314510,115,0,ordinary,119,98,21,1.0,1.0,False,1.1759591102600098
ordinary-314510,116,0,ordinary,100,0,100,0.0,1.0,True,0.46254298090934753
ordinary-314510,117,0,ordinary,183,0,183,0.0,1.0,True,0.25687843561172485
ordinary-314510,118,0,ordinary,125,65,60,1.0,1.0,False,1.0011224746704102
ordinary-314510,119,0,ordinary,144,111,33,1.0,1.0,False,1.0488958358764648
ordinary-314510,120,0,ordinary,98,0,98,0.0,1.0,True,0.34163567423820496
ordinary-314510,121,0,ordinary,214,0,214,0.0,1.0,True,0.1690770387649536
ordinary-314510,122,0,ordinary,109,37,72,1.0,1.0,False,0.8613247275352478
ordinary-314510,123,0,ordinary,157,157,0,1.0,0.0,True,1.400194525718689
ordinary-314510,124,0,ordinary,97,0,97,0.0,1.0,True,0.23603059351444244
ordinary-314510,125,0,ordinary,184,0,184,0.0,1.0,True,0.20020471513271332
ordinary-314510,126,0,ordinary,104,26,78,1.0,1.0,False,0.8381195664405823
ordinary-314510,127,0,ordinary,139,63,76,1.0,1.0,False,0.9090490341186523
ordinary-314510,128,0,ordinary,95,33,62,1.0,1.0,False,1.001266598701477
ordinary-314510,129,0,ordinary,177,0,177,0.0,1.0,True,0.11745887994766235
ordinary-314510,130,0,ordinary,99,0,99,0.0,1.0,True,0.25867053866386414
ordinary-314510,131,0,ordinary,136,63,73,1.0,1.0,False,0.8982642292976379
ordinary-314510,132,0,ordinary,97,0,97,0.0,1.0,True,0.1860121488571167
ordinary-314510,133,0,ordinary,228,0,228,0.0,1.0,True,0.07220704853534698
ordinary-314510,134,0,ordinary,90,22,68,1.0,1.0,False,0.7206364870071411
ordinary-314510,135,0,ordinary,126,97,29,1.0,1.0,False,1.4358229637145996
ordinary-314510,136,0,ordinary,98,0,98,0.0,1.0,True,0.17733600735664368
ordinary-314510,137,0,ordinary,234,69,165,1.0,1.0,False,0.8665252923965454
ordinary-314510,138,0,ordinary,106,58,48,1.0,1.0,False,1.3386647701263428
ordinary-314510,139,0,ordinary,148,113,35,1.0,1.0,False,1.1292299032211304
ordinary-314510,140,0,ordinary,90,0,90,0.0,1.0,True,0.29893627762794495
ordinary-314510,141,0,ordinary,233,0,233,0.0,1.0,True,0.1387556940317154
ordinary-314510,142,0,ordinary,122,0,122,0.0,1.0,True,0.5568495988845825
ordinary-314510,143,0,ordinary,143,111,32,1.0,1.0,False,1.0296093225479126
ordinary-314510,144,0,ordinary,106,0,106,0.0,1.0,True,0.40883442759513855
ordinary-314510,145,0,ordinary,237,0,237,0.0,1.0,True,0.2797083854675293
ordinary-314510,146,0,ordinary,99,27,72,1.0,1.0,False,0.8053857088088989
ordinary-314510,147,0,ordinary,141,106,35,1.0,1.0,False,0.9462904334068298
ordinary-314510,148,0,ordinary,80,0,80,0.0,1.0,True,0.12872473895549774
ordinary-314510,149,0,ordinary,184,0,184,0.0,1.0,True,0.07981127500534058
ordinary-314510,150,0,ordinary,115,67,48,1.0,1.0,False,1.1494697332382202
ordinary-314510,151,0,ordinary,147,106,41,1.0,1.0,False,1.0910685062408447
ordinary-314510,152,0,ordinary,120,0,120,0.0,1.0,True,0.10033529996871948
ordinary-314510,153,0,ordinary,196,0,196,0.0,1.0,True,0.16191425919532776
ordinary-314510,154,0,ordinary,109,29,80,1.0,1.0,False,0.7673417329788208
ordinary-314510,155,0,ordinary,153,117,36,1.0,1.0,False,1.0356276035308838
ordinary-314510,156,0,ordinary,93,0,93,0.0,1.0,True,0.31260111927986145
ordinary-314510,157,0,ordinary,205,0,205,0.0,1.0,True,0.11904002726078033
ordinary-314510,158,0,ordinary,118,37,81,1.0,1.0,False,0.6797775030136108
ordinary-314510,159,0,ordinary,148,110,38,1.0,1.0,False,0.7493047118186951
ordinary-314510,160,0,ordinary,118,0,118,0.0,1.0,True,0.3191450238227844
ordinary-314510,161,0,ordinary,256,64,192,1.0,1.0,False,0.612469494342804
ordinary-314510,161,256,ordinary,17,5,12,1.0,1.0,False,0.6084485650062561
ordinary-314510,162,0,ordinary,110,31,79,1.0,1.0,False,0.6908340454101562
ordinary-314510,163,0,ordinary,126,126,0,1.0,0.0,True,0.9454096555709839
ordinary-314510,164,0,ordinary,100,28,72,1.0,1.0,False,0.4899778366088867
ordinary-314510,165,0,ordinary,222,0,222,0.0,1.0,True,0.307882159948349
ordinary-314510,166,0,ordinary,117,68,49,1.0,1.0,False,0.7832443118095398
ordinary-314510,167,0,ordinary,149,111,38,1.0,1.0,False,0.7420437335968018
ordinary-314510,168,0,ordinary,99,0,99,0.0,1.0,True,0.385019451379776
ordinary-314510,169,0,ordinary,212,0,212,0.0,1.0,True,0.2235369086265564
ordinary-314510,170,0,ordinary,105,48,57,1.0,1.0,False,1.1852777004241943
ordinary-314510,171,0,ordinary,137,105,32,1.0,1.0,False,0.7568449974060059
ordinary-314510,172,0,ordinary,115,0,115,0.0,1.0,True,0.3055068850517273
ordinary-314510,173,0,ordinary,221,0,221,0.0,1.0,True,0.28485557436943054
ordinary-314510,174,0,ordinary,107,24,83,1.0,1.0,False,0.9408039450645447
ordinary-314510,175,0,ordinary,146,72,74,1.0,1.0,False,0.6795951128005981
ordinary-314510,176,0,ordinary,104,0,104,0.0,1.0,True,0.13200895488262177
ordinary-314510,177,0,ordinary,207,120,87,1.0,1.0,False,1.6788592338562012
ordinary-314510,178,0,ordinary,85,0,85,0.0,1.0,True,0.12779735028743744
ordinary-314510,179,0,ordinary,128,101,27,1.0,1.0,False,1.5978740453720093
ordinary-314510,180,0,ordinary,93,0,93,0.0,1.0,True,0.06848056614398956
ordinary-314510,181,0,ordinary,163,0,163,0.0,1.0,True,0.033934902399778366
ordinary-314510,182,0,ordinary,106,57,49,1.0,1.0,False,1.6505812406539917
ordinary-314510,183,0,ordinary,133,99,34,1.0,1.0,False,1.5980690717697144
ordinary-314510,184,0,ordinary,109,27,82,1.0,1.0,False,0.3902616500854492
ordinary-314510,185,0,ordinary,175,0,175,0.0,1.0,True,0.1282496601343155
ordinary-314510,186,0,ordinary,104,52,52,1.0,1.0,False,0.9440441727638245
ordinary-314510,187,0,ordinary,151,151,0,1.0,0.0,True,0.9023261666297913
ordinary-314510,188,0,ordinary,92,0,92,0.0,1.0,True,0.4487205147743225
ordinary-314510,189,0,ordinary,231,0,231,0.0,1.0,True,0.6928919553756714
ordinary-314510,190,0,ordinary,97,52,45,1.0,1.0,False,0.6414699554443359
ordinary-314510,191,0,ordinary,142,142,0,1.0,0.0,True,0.599298894405365
ordinary-314510,192,0,ordinary,98,0,98,0.0,1.0,True,0.9310808777809143
ordinary-314510,193,0,ordinary,224,0,224,0.0,1.0,True,0.6165746450424194
ordinary-314510,194,0,ordinary,103,0,103,0.0,1.0,True,0.9560744166374207
ordinary-314510,195,0,ordinary,140,107,33,1.0,1.0,False,1.1588302850723267
ordinary-314510,196,0,ordinary,94,26,68,1.0,1.0,False,0.5873138904571533
ordinary-314510,197,0,ordinary,248,0,248,0.0,1.0,True,0.1060793325304985
ordinary-314510,198,0,ordinary,80,0,80,0.0,1.0,True,0.08489024639129639
ordinary-314510,199,0,ordinary,133,133,0,1.0,0.0,True,2.0929293632507324
ordinary-314510,200,0,ordinary,112,0,112,0.0,1.0,True,0.0896511822938919
ordinary-314510,201,0,ordinary,201,0,201,0.0,1.0,True,0.07523621618747711
ordinary-314510,202,0,ordinary,97,0,97,0.0,1.0,True,0.11542165279388428
ordinary-314510,203,0,ordinary,143,108,35,1.0,1.0,False,1.1697795391082764
ordinary-314510,204,0,ordinary,107,0,107,0.0,1.0,True,0.03295126184821129
ordinary-314510,205,0,ordinary,231,67,164,1.0,1.0,False,0.8173431754112244
ordinary-314510,206,0,ordinary,125,28,97,1.0,1.0,False,0.7789475321769714
ordinary-314510,207,0,ordinary,134,66,68,1.0,1.0,False,0.7908778190612793
ordinary-314510,208,0,ordinary,108,0,108,0.0,1.0,True,0.1340688169002533
ordinary-314510,209,0,ordinary,233,0,233,0.0,1.0,True,0.06521764397621155
ordinary-314510,210,0,ordinary,107,27,80,1.0,1.0,False,0.5588146448135376
ordinary-314510,211,0,ordinary,145,145,0,1.0,0.0,True,1.5733007192611694
ordinary-314510,212,0,ordinary,109,0,109,0.0,1.0,True,0.19935785233974457
ordinary-314510,213,0,ordinary,224,0,224,0.0,1.0,True,0.08999856561422348
ordinary-314510,214,0,ordinary,108,82,26,1.0,1.0,False,1.347629427909851
ordinary-314510,215,0,ordinary,134,134,0,1.0,0.0,True,1.050437569618225
ordinary-314510,216,0,ordinary,83,0,83,0.0,1.0,True,0.17099957168102264
ordinary-314510,217,0,ordinary,225,0,225,0.0,1.0,True,0.4011981189250946
ordinary-314510,218,0,ordinary,93,50,43,1.0,1.0,False,0.7917598485946655
ordinary-314510,219,0,ordinary,148,148,0,1.0,0.0,True,0.45516452193260193
ordinary-314510,220,0,ordinary,95,0,95,0.0,1.0,True,1.0904793739318848
ordinary-314510,221,0,ordinary,190,0,190,0.0,1.0,True,0.6486135125160217
ordinary-314510,222,0,ordinary,93,49,44,1.0,1.0,False,1.0040475130081177
ordinary-314510,223,0,ordinary,132,132,0,1.0,0.0,True,0.4426506459712982
ordinary-314510,224,0,ordinary,92,0,92,0.0,1.0,True,0.5019817352294922
ordinary-314510,225,0,ordinary,227,0,227,0.0,1.0,True,0.21463435888290405
ordinary-314510,226,0,ordinary,112,0,112,0.0,1.0,True,0.7069708108901978
ordinary-314510,227,0,ordinary,140,140,0,1.0,0.0,True,0.6109490394592285
ordinary-314510,228,0,ordinary,96,0,96,0.0,1.0,True,0.19658637046813965
ordinary-314510,229,0,ordinary,201,0,201,0.0,1.0,True,0.13861286640167236
ordinary-314510,230,0,ordinary,103,0,103,0.0,1.0,True,0.22250591218471527
ordinary-314510,231,0,ordinary,141,107,34,1.0,1.0,False,1.3235489130020142
ordinary-314510,232,0,ordinary,114,0,114,0.0,1.0,True,0.17454974353313446
ordinary-314510,233,0,ordinary,240,0,240,0.0,1.0,True,0.05365820974111557
ordinary-314510,234,0,ordinary,107,35,72,1.0,1.0,False,0.5110867619514465
ordinary-314510,235,0,ordinary,133,133,0,1.0,0.0,True,1.8989393711090088
ordinary-314510,236,0,ordinary,89,0,89,0.0,1.0,True,0.06755708158016205
ordinary-314510,237,0,ordinary,205,0,205,0.0,1.0,True,0.09573096036911011
ordinary-314510,238,0,ordinary,101,55,46,1.0,1.0,False,0.9756368398666382
ordinary-314510,239,0,ordinary,125,125,0,1.0,0.0,True,1.017350435256958
ordinary-314510,240,0,ordinary,114,27,87,1.0,1.0,False,0.5789440274238586
ordinary-314510,241,0,ordinary,182,0,182,0.0,1.0,True,0.1140805035829544
ordinary-314510,242,0,ordinary,113,0,113,0.0,1.0,True,0.7797229290008545
ordinary-314510,243,0,ordinary,139,139,0,1.0,0.0,True,0.6583970189094543
ordinary-314510,244,0,ordinary,79,0,79,0.0,1.0,True,0.36091768741607666
ordinary-314510,245,0,ordinary,215,0,215,0.0,1.0,True,0.2846527099609375
ordinary-314510,246,0,ordinary,102,29,73,1.0,1.0,False,1.031038761138916
ordinary-314510,247,0,ordinary,134,67,67,1.0,1.0,False,1.0163167715072632
ordinary-314510,248,0,ordinary,110,32,78,1.0,1.0,False,0.7212064862251282
ordinary-314510,249,0,ordinary,221,0,221,0.0,1.0,True,0.40313905477523804
ordinary-314510,250,0,ordinary,109,29,80,1.0,1.0,False,0.5774539113044739
ordinary-314510,251,0,ordinary,123,90,33,1.0,1.0,False,1.0797961950302124
ordinary-314510,252,0,ordinary,115,28,87,1.0,1.0,False,0.5121299624443054
ordinary-314510,253,0,ordinary,212,0,212,0.0,1.0,True,0.056246522814035416
ordinary-314510,254,0,ordinary,109,80,29,1.0,1.0,False,1.3980787992477417
ordinary-314510,255,0,ordinary,141,70,71,1.0,1.0,False,1.0215733051300049
ordinary-314510,256,0,ordinary,110,58,52,1.0,1.0,False,1.1987193822860718
ordinary-314510,257,0,ordinary,221,0,221,0.0,1.0,True,0.10384298861026764
ordinary-314510,258,0,ordinary,105,28,77,1.0,1.0,False,0.7635940909385681
ordinary-314510,259,0,ordinary,139,78,61,1.0,1.0,False,0.5719475150108337
ordinary-314510,260,0,ordinary,93,0,93,0.0,1.0,True,0.21731124818325043
ordinary-314510,261,0,ordinary,204,0,204,0.0,1.0,True,0.12569691240787506
ordinary-314510,262,0,ordinary,111,111,0,1.0,0.0,True,1.0559571981430054
ordinary-314510,263,0,ordinary,139,0,139,0.0,1.0,True,0.9487888813018799
ordinary-314510,264,0,ordinary,98,0,98,0.0,1.0,True,0.22130395472049713
ordinary-314510,265,0,ordinary,231,0,231,0.0,1.0,True,0.11727578192949295
ordinary-314510,266,0,ordinary,110,0,110,0.0,1.0,True,0.259071946144104
ordinary-314510,267,0,ordinary,133,133,0,1.0,0.0,True,0.9146390557289124
ordinary-314510,268,0,ordinary,105,0,105,0.0,1.0,True,0.11416421085596085
ordinary-314510,269,0,ordinary,179,0,179,0.0,1.0,True,0.07052657753229141
ordinary-314510,270,0,ordinary,99,31,68,1.0,1.0,False,0.49693405628204346
ordinary-314510,271,0,ordinary,143,107,36,1.0,1.0,False,0.6842134594917297
ordinary-314510,272,0,ordinary,88,0,88,0.0,1.0,True,0.11526825278997421
ordinary-314510,273,0,ordinary,197,0,197,0.0,1.0,True,0.06636321544647217
ordinary-314510,274,0,ordinary,104,0,104,0.0,1.0,True,0.16426420211791992
ordinary-314510,275,0,ordinary,133,133,0,1.0,0.0,True,1.1862375736236572
ordinary-314510,276,0,ordinary,90,0,90,0.0,1.0,True,0.10349857062101364
ordinary-314510,277,0,ordinary,202,0,202,0.0,1.0,True,0.10030389577150345
ordinary-314510,278,0,ordinary,105,25,80,1.0,1.0,False,0.5857173204421997
ordinary-314510,279,0,ordinary,139,107,32,1.0,1.0,False,0.7857072353363037
ordinary-314510,280,0,ordinary,98,0,98,0.0,1.0,True,0.10330165922641754
ordinary-314510,281,0,ordinary,177,0,177,0.0,1.0,True,0.05170488730072975
ordinary-314510,282,0,ordinary,85,0,85,0.0,1.0,True,0.21401333808898926
ordinary-314510,283,0,ordinary,133,133,0,1.0,0.0,True,0.8858446478843689
ordinary-314510,284,0,ordinary,102,0,102,0.0,1.0,True,0.04579021409153938
ordinary-314510,285,0,ordinary,166,0,166,0.0,1.0,True,0.11951036751270294
ordinary-314510,286,0,ordinary,84,25,59,1.0,1.0,False,1.074998378753662
ordinary-314510,287,0,ordinary,132,132,0,1.0,0.0,True,0.7228868007659912
ordinary-314510,288,0,ordinary,81,0,81,0.0,1.0,True,0.11168812960386276
ordinary-314510,289,0,ordinary,197,0,197,0.0,1.0,True,0.15379588305950165
ordinary-314510,290,0,ordinary,107,58,49,1.0,1.0,False,0.4645087420940399
ordinary-314510,291,0,ordinary,141,73,68,1.0,1.0,False,0.9338926076889038
ordinary-314510,292,0,ordinary,82,0,82,0.0,1.0,True,0.15477728843688965
ordinary-314510,293,0,ordinary,199,0,199,0.0,1.0,True,0.11501233279705048
ordinary-314510,294,0,ordinary,108,52,56,1.0,1.0,False,1.1265957355499268
ordinary-314510,295,0,ordinary,132,104,28,1.0,1.0,False,0.4181971848011017
ordinary-314510,296,0,ordinary,106,29,77,1.0,1.0,False,0.5376753211021423
ordinary-314510,297,0,ordinary,172,0,172,0.0,1.0,True,0.18499408662319183
ordinary-314510,298,0,ordinary,104,24,80,1.0,1.0,False,1.0469450950622559
ordinary-314510,299,0,ordinary,135,93,42,1.0,1.0,False,0.47683173418045044
ordinary-314510,300,0,ordinary,98,0,98,0.0,1.0,True,0.22183409333229065
ordinary-314510,301,0,ordinary,156,0,156,0.0,1.0,True,0.055190980434417725
ordinary-314510,302,0,ordinary,117,0,117,0.0,1.0,True,0.33940041065216064
ordinary-314510,303,0,ordinary,143,113,30,1.0,1.0,False,0.9329114556312561
ordinary-314510,304,0,ordinary,89,0,89,0.0,1.0,True,0.0884593203663826
ordinary-314510,305,0,ordinary,221,51,170,1.0,1.0,False,0.846074640750885
ordinary-314510,306,0,ordinary,91,24,67,1.0,1.0,False,0.7423946261405945
ordinary-314510,307,0,ordinary,134,73,61,1.0,1.0,False,0.37659862637519836
ordinary-314510,308,0,ordinary,92,0,92,0.0,1.0,True,0.027634408324956894
ordinary-314510,309,0,ordinary,171,0,171,0.0,1.0,True,0.02191755175590515
ordinary-314510,310,0,ordinary,102,0,102,0.0,1.0,True,0.06664649397134781
ordinary-314510,311,0,ordinary,125,101,24,1.0,1.0,False,0.875968337059021
ordinary-314510,312,0,ordinary,96,0,96,0.0,1.0,True,0.027335410937666893
ordinary-314510,313,0,ordinary,164,0,164,0.0,1.0,True,0.018586765974760056
ordinary-314510,314,0,ordinary,101,59,42,1.0,1.0,False,1.628858208656311
ordinary-314510,315,0,ordinary,146,146,0,1.0,0.0,True,1.2020004987716675
ordinary-314510,316,0,ordinary,85,23,62,1.0,1.0,False,0.8836291432380676
ordinary-314510,317,0,ordinary,171,0,171,0.0,1.0,True,0.05727144330739975
ordinary-314510,318,0,ordinary,100,24,76,1.0,1.0,False,0.5985198616981506
ordinary-314510,319,0,ordinary,140,114,26,1.0,1.0,False,0.5351606607437134
ordinary-314510,320,0,ordinary,90,0,90,0.0,1.0,True,0.40798112750053406
ordinary-314510,321,0,ordinary,171,0,171,0.0,1.0,True,0.20639505982398987
ordinary-314510,322,0,ordinary,90,22,68,1.0,1.0,False,1.3952288627624512
ordinary-314510,323,0,ordinary,149,149,0,1.0,0.0,True,0.3531692326068878
ordinary-314510,324,0,ordinary,84,0,84,0.0,1.0,True,0.513401448726654
ordinary-314510,325,0,ordinary,188,67,121,1.0,1.0,False,1.0497907400131226
ordinary-314510,326,0,ordinary,105,28,77,1.0,1.0,False,0.838511049747467
ordinary-314510,327,0,ordinary,161,117,44,1.0,1.0,False,1.2616660594940186
ordinary-314510,328,0,ordinary,99,0,99,0.0,1.0,True,0.32276326417922974
ordinary-314510,329,0,ordinary,167,0,167,0.0,1.0,True,0.0937531590461731
ordinary-314510,330,0,ordinary,109,0,109,0.0,1.0,True,0.4725061357021332
ordinary-314510,331,0,ordinary,120,95,25,1.0,1.0,False,0.6298748254776001
ordinary-314510,332,0,ordinary,84,0,84,0.0,1.0,True,0.05349231883883476
ordinary-314510,333,0,ordinary,189,0,189,0.0,1.0,True,0.026821864768862724
ordinary-314510,334,0,ordinary,99,61,38,1.0,1.0,False,1.3917837142944336
ordinary-314510,335,0,ordinary,136,99,37,1.0,1.0,False,1.3677798509597778
ordinary-314510,336,0,ordinary,88,0,88,0.0,1.0,True,0.040801040828228
ordinary-314510,337,0,ordinary,232,0,232,0.0,1.0,True,0.05665057897567749
ordinary-314510,338,0,ordinary,112,69,43,1.0,1.0,False,1.0497043132781982
ordinary-314510,339,0,ordinary,151,151,0,1.0,0.0,True,1.2862223386764526
ordinary-314510,340,0,ordinary,87,0,87,0.0,1.0,True,0.1626495122909546
ordinary-314510,341,0,ordinary,215,0,215,0.0,1.0,True,0.20193782448768616
ordinary-314510,342,0,ordinary,123,67,56,1.0,1.0,False,0.9386277794837952
ordinary-314510,343,0,ordinary,134,134,0,1.0,0.0,True,0.6313996911048889
ordinary-314510,344,0,ordinary,96,0,96,0.0,1.0,True,0.22489982843399048
ordinary-314510,345,0,ordinary,180,0,180,0.0,1.0,True,0.24855415523052216
ordinary-314510,346,0,ordinary,97,53,44,1.0,1.0,False,0.9725368022918701
ordinary-314510,347,0,ordinary,126,61,65,1.0,1.0,False,1.1907280683517456
ordinary-314510,348,0,ordinary,105,0,105,0.0,1.0,True,0.5371223092079163
ordinary-314510,349,0,ordinary,178,0,178,0.0,1.0,True,0.38181665539741516
ordinary-314510,350,0,ordinary,95,37,58,1.0,1.0,False,0.448677122592926
ordinary-314510,351,0,ordinary,128,68,60,1.0,1.0,False,1.053898572921753
ordinary-314510,352,0,ordinary,108,0,108,0.0,1.0,True,0.27021878957748413
ordinary-314510,353,0,ordinary,177,0,177,0.0,1.0,True,0.0738312155008316
ordinary-314510,354,0,ordinary,103,58,45,1.0,1.0,False,0.9446108937263489
ordinary-314510,355,0,ordinary,141,141,0,1.0,0.0,True,0.7220439314842224
ordinary-314510,356,0,ordinary,103,0,103,0.0,1.0,True,0.13079771399497986
ordinary-314510,357,0,ordinary,214,0,214,0.0,1.0,True,0.048570845276117325
ordinary-314510,358,0,ordinary,109,29,80,1.0,1.0,False,0.5217459797859192
ordinary-314510,359,0,ordinary,141,141,0,1.0,0.0,True,1.3368526697158813
ordinary-314510,360,0,ordinary,119,0,119,0.0,1.0,True,0.2513202726840973
ordinary-314510,361,0,ordinary,201,0,201,0.0,1.0,True,0.1413590908050537
ordinary-314510,362,0,ordinary,94,26,68,1.0,1.0,False,0.6705055832862854
ordinary-314510,363,0,ordinary,133,133,0,1.0,0.0,True,0.7434691786766052
ordinary-314510,364,0,ordinary,92,0,92,0.0,1.0,True,0.08845880627632141
ordinary-314510,365,0,ordinary,202,0,202,0.0,1.0,True,0.22047442197799683
ordinary-314510,366,0,ordinary,121,47,74,1.0,1.0,False,1.1652823686599731
ordinary-314510,367,0,ordinary,128,128,0,1.0,0.0,True,0.5719250440597534
ordinary-314510,368,0,ordinary,91,27,64,1.0,1.0,False,0.5260710120201111
ordinary-314510,369,0,ordinary,209,0,209,0.0,1.0,True,0.1279912143945694
ordinary-314510,370,0,ordinary,93,25,68,1.0,1.0,False,0.9497032761573792
ordinary-314510,371,0,ordinary,138,104,34,1.0,1.0,False,0.7299931049346924
ordinary-314510,372,0,ordinary,86,0,86,0.0,1.0,True,0.25543496012687683
ordinary-314510,373,0,ordinary,172,0,172,0.0,1.0,True,0.20118872821331024
ordinary-314510,374,0,ordinary,91,47,44,1.0,1.0,False,0.8455576300621033
ordinary-314510,375,0,ordinary,129,66,63,1.0,1.0,False,1.214641809463501
ordinary-314510,376,0,ordinary,104,0,104,0.0,1.0,True,0.18199396133422852
ordinary-314510,377,0,ordinary,185,0,185,0.0,1.0,True,0.17273733019828796
ordinary-314510,378,0,ordinary,99,31,68,1.0,1.0,False,0.5720487833023071
ordinary-314510,379,0,ordinary,135,96,39,1.0,1.0,False,0.6089980602264404
ordinary-314510,380,0,ordinary,99,0,99,0.0,1.0,True,0.07648931443691254
ordinary-314510,381,0,ordinary,187,0,187,0.0,1.0,True,0.09237693250179291
ordinary-314510,382,0,ordinary,107,53,54,1.0,1.0,False,0.9616772532463074
ordinary-314510,383,0,ordinary,173,173,0,1.0,0.0,True,0.6824833154678345
ordinary-314510,384,0,ordinary,105,33,72,1.0,1.0,False,1.0073493719100952
ordinary-314510,385,0,ordinary,168,0,168,0.0,1.0,True,0.07343568652868271
ordinary-314510,386,0,ordinary,94,29,65,1.0,1.0,False,0.7277169227600098
ordinary-314510,387,0,ordinary,129,129,0,1.0,0.0,True,0.7318647503852844
ordinary-314510,388,0,ordinary,90,0,90,0.0,1.0,True,0.14801634848117828
ordinary-314510,389,0,ordinary,186,0,186,0.0,1.0,True,0.2747514247894287
ordinary-314510,390,0,ordinary,96,26,70,1.0,1.0,False,0.5161346197128296
ordinary-314510,391,0,ordinary,137,137,0,1.0,0.0,True,0.41694480180740356
ordinary-314510,392,0,ordinary,92,27,65,1.0,1.0,False,0.4636423885822296
ordinary-314510,393,0,ordinary,251,0,251,0.0,1.0,True,0.10150258988142014
ordinary-314510,394,0,ordinary,91,0,91,0.0,1.0,True,0.8892345428466797
ordinary-314510,395,0,ordinary,151,119,32,1.0,1.0,False,0.47094473242759705
ordinary-314510,396,0,ordinary,101,0,101,0.0,1.0,True,0.23468239605426788
ordinary-314510,397,0,ordinary,167,0,167,0.0,1.0,True,0.2259974330663681
ordinary-314510,398,0,ordinary,125,66,59,1.0,1.0,False,0.7716102600097656
ordinary-314510,399,0,ordinary,147,74,73,1.0,1.0,False,0.7812436819076538
ordinary-314510,400,0,ordinary,91,0,91,0.0,1.0,True,0.13841915130615234
