job,wave,batch,observations,candidates,singleton_observations,dmc_loss,centered_loss,d,c,alpha,auxiliary_to_dmc_ratio,cosine,cap_triggered,joint_descent_factor,alpha_branch
normcap-314382,1,0,256,4287,149,1.2254209518432617,0.03929123282432556,1.1215803355954121,0.15373619552635495,0.7295486477699001,0.1,-0.27886641156212433,False,0.9721133588437876,ratio
normcap-314382,1,1,86,423,42,1.2042754888534546,0.06688003987073898,1.7318278847427087,0.3979322481929276,0.4352067198894307,0.1,-0.23326531337648418,False,0.9766734686623516,ratio
normcap-314382,2,0,256,4004,146,1.0798931121826172,0.06478635966777802,1.0538397673384206,0.36321184796853534,0.2901446561373498,0.1,-0.7562919825220201,False,0.924370801747798,ratio
normcap-314382,2,1,121,2362,58,0.9672553539276123,0.0991811752319336,0.8508223306157157,0.4483026581285098,0.18978748289549965,0.1,-0.21038839915712124,False,0.9789611600842879,ratio
normcap-314382,3,0,256,5548,143,0.9694305658340454,0.09736358374357224,0.7103191931071071,0.32623305125689056,0.21773366934172772,0.1,-0.021453145027951356,False,0.9978546854972049,ratio
normcap-314382,3,1,63,986,32,1.06955087184906,0.12496880441904068,1.266339995089737,0.26554857039078444,0.4768769770540191,0.1,-0.2790910986829765,False,0.9720908901317024,ratio
normcap-314382,4,0,256,3860,134,1.0228657722473145,0.13731727004051208,0.6333504448546405,0.27988003846421333,0.22629353930706403,0.09999999999999999,-0.2422610798198405,False,0.9757738920180159,ratio
normcap-314382,4,1,113,903,66,0.9694798588752747,0.12673518061637878,0.9232648987079833,0.20999383605584662,0.4396628568004475,0.1,0.26929678856828976,False,1.026929678856829,ratio
normcap-314382,5,0,256,4259,133,0.9940937757492065,0.13600313663482666,0.7341983354982137,0.2551364135396805,0.28776697348378555,0.1,0.24217742117233207,False,1.0242177421172332,ratio
normcap-314382,5,1,100,2081,58,0.9644505381584167,0.12661251425743103,0.7937600868483579,0.2677310687973215,0.29647664367606597,0.09999999999999999,0.23096039713227745,False,1.0230960397132278,ratio
normcap-314382,6,0,256,2978,133,0.9280255436897278,0.1334754079580307,0.5447397496551293,0.2285838095962762,0.2383107319005867,0.1,0.3595882311081943,False,1.0359588231108194,ratio
normcap-314382,6,1,95,1538,47,0.9524902105331421,0.1400700807571411,0.838784593898355,0.24709280759811678,0.33946135545256073,0.10000000000000002,0.25569042447566415,False,1.0255690424475665,ratio
normcap-314382,7,0,256,3673,143,1.0693097114562988,0.12268459796905518,0.797514957256687,0.20449084040023924,0.3900003323844494,0.1,-0.33102150731192204,False,0.9668978492688078,ratio
normcap-314382,7,1,109,902,61,1.108315110206604,0.12651613354682922,0.9969654079055674,0.20873576197911167,0.47762079600204516,0.1,-0.35470960995615636,False,0.9645290390043844,ratio
normcap-314382,8,0,256,4609,139,0.9878642559051514,0.11451345682144165,0.7824844147758458,0.1771608880818931,0.4416801153165028,0.1,-0.13464640087731636,False,0.9865353599122684,ratio
normcap-314382,8,1,127,1710,75,0.9503629803657532,0.12328319251537323,0.6658931634419737,0.2131200497555366,0.31244979728833544,0.1,0.08075370022212809,False,1.0080753700222127,ratio
normcap-314382,9,0,256,5935,119,1.0163147449493408,0.1503041535615921,0.5615579374363143,0.25271093322610083,0.22221355058425102,0.1,-0.23650605828598523,False,0.9763493941714014,ratio
normcap-314382,9,1,87,822,44,1.017136573791504,0.15271484851837158,0.7946560409408066,0.23351359408132938,0.34030397419348507,0.1,-0.08935913390497652,False,0.9910640866095024,ratio
normcap-314382,10,0,256,4162,125,0.9096125364303589,0.14371630549430847,0.5786357597691036,0.25106877255996796,0.23046902801538016,0.1,0.20410851118797896,False,1.020410851118798,ratio
normcap-314382,10,1,113,853,67,0.8958936929702759,0.11314225941896439,0.675610165638982,0.2060410166958306,0.3279008114371499,0.1,0.3704431731757736,False,1.0370443173175774,ratio
normcap-314382,11,0,256,4357,134,0.9893355369567871,0.1358243077993393,0.4881444420522064,0.25702702810968636,0.18991949821086157,0.1,-0.13329499452714275,False,0.9866705005472858,ratio
normcap-314382,11,1,102,1200,58,1.0407730340957642,0.1181299090385437,0.8025629211877159,0.20646682275967107,0.38871277741407645,0.1,-0.0605311179621657,False,0.9939468882037834,ratio
normcap-314382,12,0,256,3054,131,1.0634212493896484,0.1377396583557129,0.7445195846705316,0.24919758089869387,0.29876677854798306,0.1,-0.2336082398248141,False,0.9766391760175186,ratio
normcap-314382,12,1,96,1557,50,1.0949909687042236,0.12844115495681763,0.9182727156520492,0.22312128945687013,0.411557641087205,0.1,-0.47563389113049614,False,0.9524366108869504,ratio
normcap-314382,13,0,256,3254,149,0.9469037055969238,0.1176990494132042,0.7022844808629076,0.19749032085853946,0.3556045064942437,0.1,0.20475505034936872,False,1.0204755050349368,ratio
normcap-314382,13,1,113,3874,63,0.9087486863136292,0.12536729872226715,0.7891083937473207,0.1951343659342265,0.40439232216702603,0.1,0.06874882432743241,False,1.0068748824327431,ratio
normcap-314382,14,0,256,4654,140,1.0042181015014648,0.11967965215444565,0.5602465601105973,0.209504984461823,0.2674144300431611,0.09999999999999999,-0.27019994734615976,False,0.972980005265384,ratio
normcap-314382,14,1,96,390,52,1.012768030166626,0.13146963715553284,0.8216813936326224,0.2516002122789891,0.3265821543590328,0.1,0.1561210824521976,False,1.0156121082452199,ratio
normcap-314382,15,0,256,5135,138,0.9234055280685425,0.13390880823135376,0.565448728366224,0.22119631563288597,0.2556320735941575,0.1,0.25545975686521666,False,1.0255459756865217,ratio
normcap-314382,15,1,117,1745,59,1.0051281452178955,0.13579659163951874,0.7163445094723541,0.2421521978438602,0.29582407917447573,0.09999999999999999,-0.2935035117842595,False,0.970649648821574,ratio
normcap-314382,16,0,256,5506,137,0.9906005263328552,0.11858665198087692,0.5969116074678656,0.20759690257768884,0.2875339660930075,0.1,-0.07439853572715034,False,0.992560146427285,ratio
normcap-314382,16,1,100,420,48,0.9753345847129822,0.16037891805171967,0.7233013393936543,0.2717558038464011,0.2661585618986342,0.10000000000000002,-0.08061328197537555,False,0.9919386718024624,ratio
normcap-314382,17,0,256,2173,138,0.92405104637146,0.11695604026317596,0.6932510478461058,0.19843813114977,0.34935374760351817,0.1,0.0523176209473628,False,1.0052317620947362,ratio
normcap-314382,17,1,102,2498,48,0.892845094203949,0.14640888571739197,0.8250479318114968,0.29628160875811205,0.2784674807423083,0.10000000000000002,0.10545722266514833,False,1.0105457222665148,ratio
normcap-314382,18,0,256,3962,122,0.954732358455658,0.14741772413253784,0.6019779649106841,0.25204993962130495,0.2388328145664832,0.1,-0.009642567598752805,False,0.9990357432401247,ratio
normcap-314382,18,1,74,686,41,0.9835684895515442,0.10487031191587448,0.759489894904738,0.16317672277045261,0.46544009587270824,0.1,-0.2423434616606063,False,0.9757656538339393,ratio
normcap-314382,19,0,256,2907,147,0.946901798248291,0.12537282705307007,0.6604595963025934,0.23616619691121984,0.2796588186373154,0.1,0.1266392965089607,False,1.0126639296508961,ratio
normcap-314382,19,1,98,1184,43,0.9373416304588318,0.1411271095275879,0.8744272271519866,0.22771396236866873,0.3840024643444084,0.1,-0.13208748407347515,False,0.9867912515926525,ratio
normcap-314382,20,0,256,4669,133,1.078813076019287,0.12817829847335815,0.7782713575829063,0.24439592715391315,0.31844694248639205,0.10000000000000002,-0.32661667372171466,False,0.9673383326278285,ratio
normcap-314382,20,1,53,774,26,0.9532469511032104,0.14254768192768097,1.0713132502973497,0.22489422109693988,0.4763631742389521,0.1,-0.05708168668338121,False,0.9942918313316619,ratio
normcap-314382,21,0,256,4028,136,1.019707202911377,0.11957055330276489,0.6515113995138678,0.22566618901639526,0.28870581027383496,0.1,-0.22776849555494535,False,0.9772231504445055,ratio
normcap-314382,21,1,84,1093,39,1.0378682613372803,0.1500045359134674,1.3535302197656527,0.2929729143725468,0.46199841465361274,0.09999999999999999,0.09216845269657246,False,1.0092168452696573,ratio
normcap-314382,22,0,256,3803,137,0.8765199184417725,0.12038266658782959,0.6182468688582075,0.22497394020065373,0.27480821481225537,0.09999999999999999,0.3122163958667552,False,1.0312216395866756,ratio
normcap-314382,22,1,76,1980,41,0.8330076932907104,0.1250211000442505,0.6858427899108412,0.24224395747699717,0.28312070074068496,0.1,0.22009059451101762,False,1.0220090594511018,ratio
normcap-314382,23,0,256,5087,128,1.006796956062317,0.13177302479743958,0.7328708645311359,0.21464300891290405,0.34143709978856746,0.09999999999999999,-0.25014143607530154,False,0.9749858563924698,ratio
normcap-314382,23,1,112,1938,61,0.8792084455490112,0.12422145903110504,0.7632947550705209,0.19009153016218902,0.40154064435131126,0.10000000000000002,0.026660711714165175,False,1.0026660711714166,ratio
normcap-314382,24,0,256,3069,136,0.8293129801750183,0.13695387542247772,0.624709624359994,0.21112652286584396,0.2958934840967153,0.09999999999999999,0.26320998272574003,False,1.026320998272574,ratio
normcap-314382,24,1,76,2192,34,0.9414321780204773,0.12085753679275513,1.5039073229724518,0.2366827360143229,0.6354106549120857,0.10000000000000002,-0.11493012040006126,False,0.9885069879599939,ratio
normcap-314382,25,0,256,3040,121,0.9309689402580261,0.133287712931633,0.7112091748016327,0.2553173952624383,0.27855884009414544,0.1,-0.03815115043296471,False,0.9961848849567035,ratio
normcap-314382,25,1,97,1086,55,0.9760715961456299,0.09956790506839752,0.9226563222627512,0.21434174384579038,0.43046039735804453,0.1,-0.23770986665117605,False,0.9762290133348824,ratio
normcap-314382,26,0,256,2111,140,0.931156575679779,0.12159319221973419,0.6685891748142391,0.21065668922518535,0.31738331086155935,0.09999999999999999,0.04468498491241009,False,1.004468498491241,ratio
normcap-314382,26,1,97,2402,52,0.8982896208763123,0.1146935522556305,0.8550478826351188,0.2669757146828779,0.32027178339077444,0.09999999999999998,0.1904471260197544,False,1.0190447126019755,ratio
normcap-314382,27,0,256,2668,133,1.0392595529556274,0.124415323138237,0.7050929249008847,0.2592762485476668,0.2719465931995142,0.1,-0.24183191341952315,False,0.9758168086580477,ratio
normcap-314382,27,1,90,815,44,0.9126466512680054,0.14307481050491333,0.6972354638711661,0.25026486435215917,0.2785990217508336,0.1,0.07075854647597099,False,1.007075854647597,ratio
normcap-314382,28,0,256,2417,124,0.9777005910873413,0.13281014561653137,0.844237861920782,0.27183524107087487,0.31056968868163276,0.1,0.08963184202949426,False,1.0089631842029494,ratio
normcap-314382,28,1,101,2236,54,0.9595860242843628,0.108858622610569,0.8362090711518215,0.2278224639139685,0.36704416973893994,0.10000000000000002,0.03102061781739411,False,1.0031020617817394,ratio
normcap-314382,29,0,256,6452,146,1.0561696290969849,0.1112055703997612,0.7792322520373653,0.19948539003873045,0.3906212138573537,0.1,-0.3483513565866371,False,0.9651648643413363,ratio
normcap-314382,29,1,114,1244,55,1.067796230316162,0.12803010642528534,0.9070090114677322,0.24910909146672514,0.36410112779399956,0.1,-0.37596918433543136,False,0.9624030815664568,ratio
normcap-314382,30,0,256,4433,128,1.077519416809082,0.12821781635284424,0.7932209915105073,0.2620367583064858,0.30271363324634515,0.1,-0.5112756225528857,False,0.9488724377447114,ratio
normcap-314382,30,1,104,884,57,1.0322635173797607,0.1204833909869194,0.90301902493923,0.2619477698462045,0.3447324729923882,0.1,-0.3731085529683062,False,0.9626891447031694,ratio
normcap-314382,31,0,256,5225,129,1.0349111557006836,0.1322368085384369,0.69784237553381,0.28398815473516187,0.24572939536319577,0.1,-0.3943778754845324,False,0.9605622124515467,ratio
normcap-314382,31,1,82,1459,45,1.0399061441421509,0.11186839640140533,1.083160220110713,0.20391251857356435,0.5311886821308361,0.1,-0.40300262297141654,False,0.9596997377028583,ratio
normcap-314382,32,0,256,2952,136,1.069758653640747,0.13314130902290344,0.8741149543262468,0.2483251474193886,0.35200420231704577,0.1,-0.5961382535299172,False,0.9403861746470082,ratio
normcap-314382,32,1,112,1593,56,1.0258359909057617,0.14729589223861694,0.7726647833134271,0.2892268813154052,0.26714832998901905,0.1,-0.29314945195088543,False,0.9706850548049114,ratio
normcap-314382,33,0,256,5373,138,0.8971115350723267,0.14019429683685303,0.5237940077123026,0.24541568453521895,0.2134313496320706,0.1,0.2210224250114122,False,1.0221022425011412,ratio
normcap-314382,33,1,75,481,34,0.9245050549507141,0.16127333045005798,0.7071345140266885,0.3029048001047261,0.23345107564561682,0.1,0.31291553620024876,False,1.031291553620025,ratio
normcap-314382,34,0,256,3532,138,0.927736222743988,0.1374470591545105,0.5063208190937759,0.24524692463555145,0.20645348350287887,0.1,0.09420208205744134,False,1.0094202082057442,ratio
normcap-314382,34,1,106,856,54,0.9918656349182129,0.1654350906610489,0.6351617526151503,0.27356802974948147,0.23217689332952993,0.09999999999999999,-0.3174771139121891,False,0.9682522886087811,ratio
normcap-314382,35,0,256,3269,122,0.9857226014137268,0.16173231601715088,0.49189132795634133,0.2907571864555422,0.1691759828717263,0.1,-0.16878997926427194,False,0.9831210020735728,ratio
normcap-314382,35,1,111,959,70,0.9558753371238708,0.11905121803283691,0.5511387835614254,0.17803411057474006,0.30956920658755066,0.1,0.3138837334763501,False,1.031388373347635,ratio
normcap-314382,36,0,256,4235,131,0.9003415107727051,0.16668836772441864,0.5231031341984876,0.23544506084820532,0.22217630402352737,0.1,0.26921710692783396,False,1.0269217106927835,ratio
normcap-314382,36,1,103,663,59,0.9097585082054138,0.1380288004875183,0.7717356051223264,0.20514675719791017,0.3761870846331799,0.1,0.13192540491579485,False,1.0131925404915796,ratio
normcap-314382,37,0,256,8470,134,0.9097479581832886,0.15738695859909058,0.5144945819055813,0.21699163304858532,0.2371034194624379,0.1,0.32673109593884087,False,1.0326731095938841,ratio
normcap-314382,37,1,102,597,53,0.8863838315010071,0.14789631962776184,0.9566944032260469,0.19761718959591346,0.4841149725802145,0.1,0.15478294599930079,False,1.01547829459993,ratio
normcap-314382,38,0,256,4145,130,0.9228813052177429,0.15894284844398499,0.5602279379044066,0.23523232921604414,0.23815941446971653,0.1,0.3385023441409862,False,1.0338502344140985,ratio
normcap-314382,38,1,66,1106,34,0.9671170711517334,0.165786474943161,1.0397319515872983,0.26776835041470126,0.3882953119653733,0.1,-0.16792422742376772,False,0.9832075772576232,ratio
normcap-314382,39,0,256,3384,144,0.9368731379508972,0.13331249356269836,0.5755709149861005,0.2195346612253539,0.26217769520926487,0.1,0.33689574902459746,False,1.0336895749024597,ratio
normcap-314382,39,1,114,1726,59,0.9795881509780884,0.1534639596939087,0.6865101295487747,0.2666329396611195,0.2574738629148009,0.1,-0.19955444270534956,False,0.980044555729465,ratio
normcap-314382,40,0,256,3774,134,0.9473366737365723,0.1452661156654358,0.5284880682977012,0.22862293997850355,0.23116143478313803,0.1,-0.03096960731107498,False,0.9969030392688925,ratio
normcap-314382,40,1,106,2255,55,0.9725872874259949,0.14042101800441742,0.9670397150293985,0.2113944916796123,0.457457385642307,0.1,0.11514260991294772,False,1.0115142609912948,ratio
normcap-314382,41,0,256,3134,133,1.0884294509887695,0.14294254779815674,0.7704987320561543,0.2722152538735482,0.2830475960080007,0.1,-0.5197936594911423,False,0.9480206340508858,ratio
normcap-314382,41,1,128,2243,68,1.055281639099121,0.13279509544372559,0.9640406347548227,0.25311097260418175,0.38087666640292284,0.1,-0.5218646660669669,False,0.9478135333933033,ratio
normcap-314382,42,0,256,3145,127,0.8224976658821106,0.14976158738136292,0.7967185657214609,0.25986383319211076,0.30659078484864305,0.1,0.5476555853064057,False,1.0547655585306406,ratio
normcap-314382,42,1,78,2324,40,0.8192318081855774,0.13938631117343903,0.8620337955128827,0.23130320508845742,0.3726856249930539,0.1,0.43516838003403,False,1.043516838003403,ratio
normcap-314382,43,0,256,4559,145,0.9588558673858643,0.12263564765453339,0.5890933921947097,0.2216835199665563,0.26573621362723837,0.09999999999999999,-0.08474070382918535,False,0.9915259296170814,ratio
normcap-314382,43,1,94,1329,44,0.9324925541877747,0.14856578409671783,0.9209221695945911,0.2829761252851877,0.3254416494205904,0.1,-0.11216296189087151,False,0.9887837038109129,ratio
normcap-314382,44,0,256,3785,137,0.9168392419815063,0.1286889910697937,0.4904434009809569,0.23129397198675508,0.21204331300473403,0.1,0.005071459715167881,False,1.0005071459715167,ratio
normcap-314382,44,1,69,1194,37,0.8903183341026306,0.1206638514995575,0.8544290188663891,0.2310824368146519,0.36975073945222203,0.1,0.056178080455546814,False,1.0056178080455547,ratio
normcap-314382,45,0,256,2599,143,0.997843325138092,0.12657451629638672,0.72487608305335,0.20932578756245585,0.3462908662589272,0.09999999999999999,-0.5530117233116166,False,0.9446988276688383,ratio
normcap-314382,45,1,133,1710,69,0.9755967259407043,0.11472092568874359,0.653399307326712,0.23447718055137126,0.2786622159948566,0.1,-0.29966655843964524,False,0.9700333441560355,ratio
normcap-314382,46,0,256,4953,140,1.0724823474884033,0.11244146525859833,0.8102338522926389,0.2149033161141637,0.37702249874181376,0.1,-0.48896940675513645,False,0.9511030593244864,ratio
normcap-314382,46,1,91,1039,48,1.1136891841888428,0.125532865524292,1.3691357557664656,0.24565666163162841,0.5573371170449012,0.1,-0.5388529684112787,False,0.9461147031588721,ratio
normcap-314382,47,0,256,2854,126,0.9896455407142639,0.12333374470472336,0.7464085281173453,0.2366454272115821,0.3154121915273645,0.1,-0.2836863572305901,False,0.971631364276941,ratio
normcap-314382,47,1,98,1936,57,0.8884952068328857,0.10499563813209534,0.8327180991056204,0.17144172570456598,0.4857149539783493,0.1,0.4435316686562566,False,1.0443531668656256,ratio
normcap-314382,48,0,256,5388,142,0.9123809933662415,0.1290372610092163,0.6646939786006274,0.23208482716406117,0.2864013071094708,0.1,0.23005117093024868,False,1.0230051170930248,ratio
normcap-314382,48,1,111,1223,56,0.8530557751655579,0.14439398050308228,0.6598795041052069,0.2548281033514309,0.2589508360446311,0.1,0.33405062511985056,False,1.033405062511985,ratio
normcap-314382,49,0,256,6648,139,0.9496161937713623,0.12087781727313995,0.7208218256061525,0.2571069231356159,0.2803587771247768,0.1,0.23107569622379642,False,1.0231075696223797,ratio
normcap-314382,49,1,76,1879,40,0.9005630016326904,0.1440819799900055,0.8623348441208402,0.310512939955725,0.27771301390653724,0.1,-0.14283987932015846,False,0.9857160120679842,ratio
normcap-314382,50,0,256,2465,149,1.0050240755081177,0.1153886467218399,0.6717103607784466,0.21641661124616984,0.3103783747978517,0.1,-0.46747171176653324,False,0.9532528288233466,ratio
normcap-314382,50,1,96,4317,45,1.0218455791473389,0.1391129046678543,0.9310870928233487,0.2866792090261993,0.32478361300984954,0.1,-0.21868464342937624,False,0.9781315356570623,ratio
normcap-314382,51,0,256,2517,137,1.0103914737701416,0.12223518639802933,0.6407429507593693,0.24405965222317527,0.2625353862970579,0.1,-0.44911761725293065,False,0.9550882382747069,ratio
normcap-314382,51,1,127,1489,65,1.0002175569534302,0.12282989919185638,0.8600539482762559,0.2710640974378458,0.317288034972416,0.1,0.0008073351559050765,False,1.0000807335155906,ratio
normcap-314382,52,0,256,3624,139,0.9512715935707092,0.12132664024829865,0.6080331308301987,0.21705168179333498,0.28013288162822686,0.1,-0.35243435725231104,False,0.9647565642747689,ratio
normcap-314382,52,1,116,961,63,0.9116993546485901,0.13336814939975739,0.6987882717646748,0.23773154772007712,0.2939400674694973,0.1,0.08524138549584984,False,1.008524138549585,ratio
normcap-314382,53,0,256,3953,138,0.9309443235397339,0.12661701440811157,0.5738337915363411,0.2133678071774344,0.26894112993303954,0.1,-0.26659319878405524,False,0.9733406801215945,ratio
normcap-314382,53,1,139,2615,77,0.9101625084877014,0.12380249798297882,0.6952036297880471,0.2533422905758758,0.27441278288270393,0.1,-0.046074912465585136,False,0.9953925087534415,ratio
normcap-314382,54,0,256,4034,133,0.8495723009109497,0.13908083736896515,0.5242848837957621,0.21449201053820935,0.24443096154500665,0.1,0.14714117528655332,False,1.0147141175286554,ratio
normcap-314382,54,1,111,1668,57,0.9008691906929016,0.14158543944358826,0.7621161899492813,0.2459311810140575,0.3098900215933654,0.1,-0.10546969188949326,False,0.9894530308110506,ratio
normcap-314382,55,0,256,4830,137,0.9666142463684082,0.13399095833301544,0.4828699036694465,0.24079387715189265,0.2005324675946193,0.1,-0.3040404974021527,False,0.9695959502597847,ratio
normcap-314382,55,1,125,1880,72,0.9262707829475403,0.12061517685651779,0.6282745342637863,0.23102506822766672,0.27195080563493,0.1,-0.07393267654256559,False,0.9926067323457435,ratio
normcap-314382,56,0,256,1856,148,0.9280273914337158,0.1264977604150772,0.6216006154627902,0.18079439088397167,0.34381631665869244,0.1,-0.09782164560335654,False,0.9902178354396644,ratio
normcap-314382,56,1,71,3863,32,0.9092905521392822,0.1591014415025711,0.9112935964814433,0.2638248630974291,0.3454161165033591,0.1,0.20146685273703413,False,1.0201466852737033,ratio
normcap-314382,57,0,256,2108,133,0.8862899541854858,0.14988479018211365,0.5232915302856231,0.24960718130381895,0.20964602362488874,0.1,0.05265021728653877,False,1.0052650217286538,ratio
normcap-314382,57,1,118,2804,59,0.8770707845687866,0.1260402798652649,0.7929756873481856,0.21816747572630998,0.363471083262186,0.1,0.15647110784655083,False,1.0156471107846552,ratio
normcap-314382,58,0,256,5586,138,0.8632902503013611,0.13354748487472534,0.6390826266528106,0.2124421704767349,0.30082663212236305,0.1,0.5074071732616611,False,1.050740717326166,ratio
normcap-314382,58,1,64,643,35,0.9116435050964355,0.13364796340465546,0.7512369846587681,0.2675211209660733,0.2808140837425839,0.1,0.000731547298740827,False,1.000073154729874,ratio
normcap-314382,59,0,256,2421,135,0.9872033596038818,0.13451533019542694,0.7157075859539997,0.22766528821821205,0.31436833939656633,0.1,-0.45554014513436913,False,0.9544459854865631,ratio
normcap-314382,59,1,108,3381,57,0.9421694874763489,0.12640774250030518,0.8195657173393025,0.20938626750738065,0.3914133085687741,0.1,-0.3766138852494523,False,0.9623386114750547,ratio
normcap-314382,60,0,256,2962,135,0.9263566732406616,0.12297219783067703,0.7098698158399239,0.22678050331953956,0.3130206545311786,0.1,-0.20600662322708124,False,0.9793993376772919,ratio
normcap-314382,60,1,103,2066,52,0.9402585029602051,0.1333427131175995,1.0254625665624504,0.25107917447580724,0.4084219922673272,0.1,0.06943546282980784,False,1.0069435462829808,ratio
normcap-314382,61,0,256,7398,128,0.9563248157501221,0.13449084758758545,0.7708232039769275,0.2436065835075431,0.3164213351208792,0.1,-0.39145718209154345,False,0.9608542817908456,ratio
normcap-314382,61,1,100,880,45,0.9631837010383606,0.16949453949928284,0.8888279765821079,0.2534128282962978,0.3507430869059493,0.1,-0.24407924848381027,False,0.9755920751516189,ratio
normcap-314382,62,0,256,4761,139,0.7899102568626404,0.11884881556034088,0.6573686098665955,0.19051680542922586,0.3450449467623464,0.1,0.17375090949321545,False,1.0173750909493215,ratio
normcap-314382,62,1,70,793,33,0.7825347185134888,0.1588326394557953,0.8879123450864803,0.2344771883973283,0.3786774957322874,0.1,-0.008952194049274043,False,0.9991047805950726,ratio
normcap-314382,63,0,256,5760,140,0.9260637760162354,0.12833915650844574,0.5504801733936526,0.2580600102157947,0.21331479175457313,0.1,-0.13060600827351734,False,0.9869393991726483,ratio
normcap-314382,63,1,107,1153,53,0.8817136883735657,0.14108742773532867,0.8853723638327076,0.2688164853436874,0.32935940022455873,0.10000000000000002,0.1871051824529579,False,1.0187105182452958,ratio
normcap-314382,64,0,256,4782,131,0.816861629486084,0.1415763795375824,0.761350469611944,0.2551578566821319,0.2983840981860934,0.1,0.48815691244233117,False,1.048815691244233,ratio
normcap-314382,64,1,86,920,46,0.8620678186416626,0.12054601311683655,0.8605784660185957,0.26954009473423735,0.3192766059042584,0.1,0.08959843355582636,False,1.0089598433555826,ratio
normcap-314382,65,0,256,4092,129,0.8298294544219971,0.13408061861991882,0.6864529964527291,0.26025182374861233,0.26376491298512533,0.1,0.12460683097287911,False,1.012460683097288,ratio
normcap-314382,65,1,109,433,61,0.8672432899475098,0.12594395875930786,1.281534245717182,0.25261417077000475,0.507308929586523,0.1,0.1608741155694768,False,1.0160874115569476,ratio
normcap-314382,66,0,256,4022,140,1.0370529890060425,0.12082760035991669,1.0349295744728328,0.23390995069663845,0.4424478614058833,0.1,-0.3255105152680233,False,0.9674489484731976,ratio
normcap-314382,66,1,70,2478,39,0.9769326448440552,0.09503781795501709,1.2583106663808896,0.23345733020189466,0.538989572652398,0.1,0.11744170053410953,False,1.0117441700534109,ratio
normcap-314382,67,0,256,7032,133,0.876806378364563,0.11672008037567139,0.7943920049518939,0.24884543920620023,0.3192310887778171,0.1,-0.32325630690097407,False,0.9676743693099026,ratio
normcap-314382,67,1,79,416,36,0.9316010475158691,0.13686072826385498,1.088336711429138,0.29847905855290774,0.36462749403781775,0.10000000000000002,0.0137772340158788,False,1.001377723401588,ratio
normcap-314382,68,0,256,5447,130,1.0165103673934937,0.11436264216899872,0.9359309596278746,0.261788641591796,0.35751396773251193,0.1,-0.25521776772600213,False,0.9744782232273997,ratio
normcap-314382,68,1,75,407,38,1.0381768941879272,0.12371480464935303,1.829316761777842,0.28547567769974536,0.6407960133478908,0.09999999999999999,-0.23679622216763652,False,0.9763203777832363,ratio
normcap-314382,69,0,256,3570,146,0.8901635408401489,0.10902059078216553,0.8466289906855442,0.2133631465997557,0.39680188644467324,0.1,-0.010833817416434941,False,0.9989166182583565,ratio
normcap-314382,69,1,111,969,58,0.8341280221939087,0.12699933350086212,1.1593575703004535,0.2272857577416718,0.5100880855095878,0.1,0.04341888069879996,False,1.00434188806988,ratio
normcap-314382,70,0,256,5213,132,0.9236569404602051,0.11985070258378983,0.7183618174693505,0.2762911822146568,0.26000171692458834,0.1,-0.27584727322065966,False,0.972415272677934,ratio
normcap-314382,70,1,93,326,53,0.8047413229942322,0.10571339726448059,0.8709851426291659,0.2589615783590522,0.3363375942285687,0.1,0.009924500399320316,False,1.000992450039932,ratio
normcap-314382,71,0,256,5308,145,0.8687529563903809,0.10774124413728714,1.2700828145087764,0.2052211261150058,0.6188850234634337,0.1,-0.09635330300775338,False,0.9903646696992247,ratio
normcap-314382,71,1,123,1603,56,0.7636605501174927,0.14118805527687073,0.8680482379268288,0.227018537634955,0.3823688791981593,0.10000000000000002,0.02142477347177768,False,1.0021424773471779,ratio
normcap-314382,72,0,256,2831,136,0.9811093807220459,0.11499347537755966,1.0962400769540743,0.2595625108847457,0.4223414518596798,0.1,-0.29781391397855017,False,0.9702186086021449,ratio
normcap-314382,72,1,123,3169,62,0.9835098385810852,0.13406047224998474,1.3030389153069348,0.2697405533032115,0.48307119539500887,0.1,-0.1360450298264622,False,0.9863954970173537,ratio
normcap-314382,73,0,256,2610,134,0.9339838027954102,0.1095113605260849,0.915924102627083,0.2322546321133161,0.39436203889367744,0.1,-0.2519782871575012,False,0.9748021712842498,ratio
normcap-314382,73,1,83,1614,41,0.8671661615371704,0.12222997844219208,1.1759503894089494,0.2817113614151643,0.4174309419050818,0.1,-0.2995830624587278,False,0.9700416937541272,ratio
normcap-314382,74,0,256,3218,134,0.965939998626709,0.12562035024166107,0.6646244610655879,0.282176314871191,0.23553516933870886,0.1,-0.2474645681641171,False,0.9752535431835883,ratio
normcap-314382,74,1,115,743,72,1.0085527896881104,0.09431424736976624,1.422074265302943,0.20516006765085384,0.69315353693637,0.1,-0.2085312070577147,False,0.9791468792942285,ratio
normcap-314382,75,0,256,4897,135,0.9418226480484009,0.1354251205921173,0.6607094190090808,0.22922262574881005,0.288239180949401,0.1,-0.44991378114913205,False,0.9550086218850868,ratio
normcap-314382,75,1,126,531,75,0.9080647826194763,0.12984639406204224,0.7487965687502587,0.2479744372788898,0.3019652255156077,0.1,0.024944781682858765,False,1.0024944781682859,ratio
normcap-314382,76,0,256,3216,138,0.9242522120475769,0.14383983612060547,0.6774690712023578,0.28330512296140314,0.23913054028841357,0.09999999999999999,-0.15773544131870984,False,0.9842264558681291,ratio
normcap-314382,76,1,84,2044,45,0.9097485542297363,0.13955342769622803,0.7317248682280969,0.28591822964752245,0.25592102648724463,0.1,0.05261386682566702,False,1.0052613866825666,ratio
normcap-314382,77,0,256,6468,140,0.9200125336647034,0.143267422914505,0.9124330369508701,0.2406558426106906,0.37914435280381487,0.1,0.08090030230788381,False,1.0080900302307885,ratio
normcap-314382,77,1,141,893,76,0.9385335445404053,0.1422845423221588,0.9481539494965459,0.24442780560219118,0.3879075652463519,0.1,-0.06941025742325223,False,0.9930589742576748,ratio
normcap-314382,78,0,256,3138,143,0.9692937135696411,0.14076505601406097,0.5322081552518415,0.22984192175683538,0.23155399640927946,0.1,-0.3035244596605667,False,0.9696475540339433,ratio
normcap-314382,78,1,129,3622,68,0.9430388808250427,0.14508351683616638,0.6289440273613024,0.23655799609743855,0.2658730787955439,0.1,0.13333947017683215,False,1.0133339470176832,ratio
normcap-314382,79,0,256,2942,129,0.9822755455970764,0.15122175216674805,0.5836564357859624,0.2387167229402656,0.24449750675071538,0.1,-0.4475447843101555,False,0.9552455215689845,ratio
normcap-314382,79,1,103,1495,53,1.0088505744934082,0.17071649432182312,1.1318735442712924,0.26685213597564805,0.4241575733066581,0.1,-0.4436077413840253,False,0.9556392258615974,ratio
normcap-314382,80,0,256,6037,138,1.0102272033691406,0.15114593505859375,0.5129239631889531,0.23424212082911217,0.21897170388204823,0.1,-0.2809512983228137,False,0.9719048701677186,ratio
normcap-314382,80,1,100,684,56,0.9413674473762512,0.14725850522518158,0.6560902770023381,0.2680369757547611,0.24477603328975933,0.1,0.04463142207314228,False,1.0044631422073143,ratio
normcap-314382,81,0,256,6399,122,0.9688748121261597,0.18280129134655,0.40785169930063714,0.2505978107272393,0.16275150134673735,0.1,-0.4054383488932133,False,0.9594561651106787,ratio
normcap-314382,81,1,114,809,69,0.9707324504852295,0.14917157590389252,0.5353437512756194,0.25808641289328016,0.2074281033527272,0.1,0.017887332927816416,False,1.0017887332927817,ratio
normcap-314382,82,0,256,4479,137,0.8095365166664124,0.1580405831336975,0.7085824149600045,0.18022297643802015,0.3931698549012093,0.1,0.5056152053467172,False,1.0505615205346717,ratio
normcap-314382,82,1,108,1662,56,0.8294780850410461,0.16028186678886414,0.7409539173380646,0.19855170114664072,0.37317933468161607,0.09999999999999999,0.43095681911434336,False,1.0430956819114343,ratio
normcap-314382,83,0,256,3340,129,0.8391307592391968,0.16933223605155945,0.48759821474277143,0.19466722279046544,0.2504778194054831,0.1,0.3528534723465995,False,1.03528534723466,ratio
normcap-314382,83,1,118,840,70,0.6960437297821045,0.14066311717033386,0.5371162483081574,0.16484584663281895,0.3258294092811093,0.1,0.2856461769325585,False,1.028564617693256,ratio
normcap-314382,84,0,256,3634,132,0.8542419075965881,0.1642124056816101,0.5174338525457155,0.1954464897966646,0.26474451042023567,0.1,0.4653035116770001,False,1.0465303511677,ratio
normcap-314382,84,1,111,4292,73,0.8322787284851074,0.12017197906970978,0.6235121690788719,0.15683574070321527,0.39755744850197233,0.1,0.3522340099829828,False,1.0352234009982983,ratio
normcap-314382,85,0,256,3997,132,0.9644742608070374,0.16525204479694366,0.51684531374247,0.24212305304772874,0.21346390078791314,0.1,-0.1985948151840174,False,0.9801405184815982,ratio
normcap-314382,85,1,87,3221,41,0.8845357894897461,0.16971030831336975,0.7856415763405059,0.2270667509063674,0.3459958682653943,0.1,0.20010901248841037,False,1.020010901248841,ratio
normcap-314382,86,0,256,3575,135,0.7133594155311584,0.1552535593509674,0.9596801472183043,0.19975863861526236,0.48041984760752215,0.1,0.6504941180278374,False,1.0650494118027838,ratio
normcap-314382,86,1,100,2237,56,0.7396075129508972,0.12482303380966187,1.0922985827302467,0.1875205315915106,0.5824954598089979,0.10000000000000002,0.5103768896486233,False,1.0510376889648623,ratio
normcap-314382,87,0,256,4094,138,0.8427083492279053,0.13049979507923126,0.5671689646791539,0.21801019984310963,0.26015707755293804,0.1,0.291749718960337,False,1.0291749718960337,ratio
normcap-314382,87,1,109,1332,67,0.901187002658844,0.08887729793787003,0.8289734900419844,0.20686235174364073,0.4007367619359323,0.1,-0.025530216093748535,False,0.9974469783906251,ratio
normcap-314382,88,0,256,2586,139,0.8784934878349304,0.12315338850021362,0.8448392154864647,0.18629648359568157,0.45349176709100725,0.10000000000000002,-0.4512610381245651,False,0.9548738961875435,ratio
normcap-314382,88,1,142,1307,86,1.0608454942703247,0.10162167251110077,1.464393063776786,0.15422002721598874,0.9495479220256325,0.1,-0.28870685128191315,False,0.9711293148718086,ratio
normcap-314382,89,0,256,2313,140,1.0784389972686768,0.11161728203296661,1.0750097904329479,0.19743715777344883,0.5444820025552021,0.10000000000000002,-0.3731650211231721,False,0.9626834978876828,ratio
normcap-314382,89,1,119,4027,65,1.0003424882888794,0.10211902856826782,1.3571513694525545,0.21939354382867066,0.61859220912735,0.1,-0.26954988303727334,False,0.9730450116962727,ratio
normcap-314382,90,0,256,2998,155,0.7967079877853394,0.1081877052783966,0.7477970287881424,0.15506735438168967,0.48224014124048414,0.09999999999999999,-0.15478311888215204,False,0.9845216881117848,ratio
normcap-314382,90,1,133,1547,67,0.8338767290115356,0.12214140594005585,1.1374783226449194,0.23679837658324193,0.48035731454647906,0.1,-0.058408008703256194,False,0.9941591991296744,ratio
normcap-314382,91,0,256,5133,138,0.8954184055328369,0.1181788221001625,0.8479634150042801,0.2272188118028627,0.37319243432184723,0.1,-0.2108060384827679,False,0.9789193961517232,ratio
normcap-314382,91,1,101,775,58,0.7912988066673279,0.11268745362758636,0.8394974195252387,0.1945338700473557,0.4315430620492352,0.1,-0.14552431276845498,False,0.9854475687231545,ratio
normcap-314382,92,0,256,6129,134,0.8021619319915771,0.11643164604902267,0.7193406637183567,0.1758082458894999,0.409162073188809,0.1,-0.005793467568236524,False,0.9994206532431763,ratio
normcap-314382,92,1,99,512,53,0.7674800753593445,0.11783703416585922,0.9489241386002603,0.19835217918620923,0.4784036870648285,0.1,-0.031984998357074496,False,0.9968015001642926,ratio
normcap-314382,93,0,256,3193,137,1.0571637153625488,0.10539533942937851,1.099059274070681,0.20366465195739736,0.5396416430184373,0.09999999999999999,-0.24797904703646984,False,0.975202095296353,ratio
normcap-314382,93,1,108,757,56,0.9485740065574646,0.12299258261919022,1.1009347050222897,0.202452517478694,0.5437989701156231,0.1,0.057156904380953805,False,1.0057156904380953,ratio
normcap-314382,94,0,256,4088,142,0.9471429586410522,0.11778158694505692,1.008405343705957,0.175548907834752,0.5744298589742244,0.1,-0.2503393379266955,False,0.9749660662073305,ratio
normcap-314382,94,1,110,1466,61,0.954117476940155,0.09780687838792801,1.2366228861745319,0.22379055955485433,0.5525804522917857,0.1,-0.3513100722604755,False,0.9648689927739524,ratio
normcap-314382,95,0,256,4542,145,1.0294437408447266,0.10854107141494751,1.0534546621913725,0.20033828319590224,0.5258379204344306,0.1,-0.49807889421409896,False,0.9501921105785901,ratio
normcap-314382,95,1,106,1109,51,1.135428547859192,0.14059856534004211,1.4513935648201213,0.24557201252989047,0.5910256424858109,0.09999999999999999,-0.26499161742087424,False,0.9735008382579126,ratio
normcap-314382,96,0,256,3874,134,0.9797137379646301,0.14150503277778625,0.9265405056871271,0.2052116302295756,0.45150487067939676,0.1,-0.3880674819896241,False,0.9611932518010375,ratio
normcap-314382,96,1,118,3556,57,0.9656944274902344,0.14024397730827332,0.9936198497711921,0.2340703456150369,0.42449625438898875,0.1,-0.34905429039637953,False,0.965094570960362,ratio
normcap-314382,97,0,256,4364,130,1.004963994026184,0.14159002900123596,0.8834386100641488,0.22591305188225533,0.3910524879831168,0.10000000000000002,-0.22513682686535555,False,0.9774863173134645,ratio
normcap-314382,97,1,107,2268,63,1.001449465751648,0.10884614288806915,1.0408657035543407,0.20420416490031232,0.5097181558772158,0.1,-0.2852072010580027,False,0.9714792798941997,ratio
normcap-314382,98,0,256,1896,136,0.765765905380249,0.16165316104888916,0.7138396579911919,0.1938824227361957,0.3681817298943449,0.1,0.49922272917360105,False,1.04992227291736,ratio
normcap-314382,98,1,97,1688,63,0.8000508546829224,0.11405933648347855,0.8973109095199869,0.1300304016075443,0.6900777806010602,0.1,0.3503569811469544,False,1.0350356981146955,ratio
normcap-314382,99,0,256,1767,135,0.6806074380874634,0.16845303773880005,0.49825130280450036,0.16305539152157483,0.3055718048664302,0.1,0.10651160414316535,False,1.0106511604143165,ratio
normcap-314382,99,1,116,2338,59,0.6600415706634521,0.1623857021331787,0.5483003547687352,0.15847766036780805,0.34597958696272674,0.1,-0.09661172657176946,False,0.9903388273428231,ratio
normcap-314382,100,0,256,4495,134,0.8417248725891113,0.1471301019191742,0.5837861418935854,0.19159886844654822,0.3046918526329651,0.1,0.5032651822794473,False,1.0503265182279446,ratio
normcap-314382,100,1,61,319,32,0.8376460671424866,0.16039954125881195,0.9204650361060257,0.17395034421960628,0.5291539032219278,0.1,0.03699585734961637,False,1.0036995857349615,ratio
normcap-314382,101,0,256,4675,135,0.9049582481384277,0.1609567403793335,0.5392331625834983,0.20231680447910053,0.266529102202779,0.1,-0.07347068015621262,False,0.9926529319843788,ratio
normcap-314382,101,1,128,1374,70,0.8740202188491821,0.15149569511413574,0.5651160777105506,0.167870625017058,0.33663785885894393,0.10000000000000002,-0.19772933144344937,False,0.9802270668556551,ratio
normcap-314382,102,0,256,2380,141,0.9771718978881836,0.14612755179405212,0.7716536106794364,0.16744852021214882,0.4608303553246038,0.1,-0.5749172391734753,False,0.9425082760826524,ratio
normcap-314382,102,1,93,870,50,0.974308967590332,0.15388277173042297,1.092900880816371,0.18965584551417558,0.5762547828955177,0.1,-0.23091922166104975,False,0.976908077833895,ratio
normcap-314382,103,0,256,4596,137,0.834964394569397,0.14527814090251923,0.6954133488202946,0.18147888535890505,0.3831924289401478,0.1,0.12430424363464854,False,1.0124304243634648,ratio
normcap-314382,103,1,81,944,46,0.8432957530021667,0.12859895825386047,1.210355670979957,0.16440092302497916,0.7362219437150331,0.1,-0.012367374611792246,False,0.9987632625388208,ratio
normcap-314382,104,0,256,4355,140,0.8439350128173828,0.13180330395698547,0.5080208499634399,0.18598140426406176,0.2731567986453835,0.1,-0.02975241893009288,False,0.9970247581069908,ratio
normcap-314382,104,1,115,691,63,0.8275310397148132,0.14938615262508392,0.7774555314449054,0.18934923689942096,0.4105934326304555,0.10000000000000002,-0.02480690529154047,False,0.997519309470846,ratio
normcap-314382,105,0,256,3468,143,0.8216670751571655,0.1419992744922638,0.541359836959475,0.20962770868860262,0.25824822507775114,0.09999999999999999,0.4213408138551839,False,1.0421340813855184,ratio
normcap-314382,105,1,110,1315,50,0.8382508158683777,0.16753995418548584,0.6956838194117794,0.22244668194313338,0.3127418279898754,0.1,0.16172544970355124,False,1.0161725449703551,ratio
normcap-314382,106,0,256,3059,136,0.7885611057281494,0.14431706070899963,0.5377175423907864,0.17645897300367222,0.3047266643559102,0.10000000000000002,0.37403570446935663,False,1.0374035704469358,ratio
normcap-314382,106,1,78,1119,41,0.8243427872657776,0.1293562948703766,0.8477981492030053,0.20948079668140088,0.40471401800730245,0.1,0.1080773029690691,False,1.010807730296907,ratio
normcap-314382,107,0,256,4678,144,0.9411517381668091,0.1226862221956253,0.774797709574225,0.20715061373768207,0.3740262679382466,0.1,-0.27665860004259135,False,0.9723341399957408,ratio
normcap-314382,107,1,95,1550,50,1.0435266494750977,0.12193668633699417,0.8457205788692073,0.19433470650782939,0.4351876173158678,0.10000000000000002,-0.4638982015106927,False,0.9536101798489307,ratio
normcap-314382,108,0,256,3533,132,0.8386824131011963,0.13056319952011108,0.7548343560827083,0.2100514518726395,0.3593568858264246,0.1,0.11183309947140246,False,1.0111833099471403,ratio
normcap-314382,108,1,128,801,76,0.8122225403785706,0.11745874583721161,0.6185409814665902,0.18035349820846275,0.3429603459932037,0.10000000000000002,-0.013962272526866404,False,0.9986037727473134,ratio
normcap-314382,109,0,256,3432,127,0.8457657694816589,0.15696904063224792,0.6007067541945211,0.19669570808301476,0.3053990145738182,0.09999999999999999,0.03459702058741437,False,1.0034597020587415,ratio
normcap-314382,109,1,76,856,36,0.7188606858253479,0.17423492670059204,0.9310694268144791,0.17892112742390412,0.5203798121663786,0.1,0.07221847595779898,False,1.00722184759578,ratio
normcap-314382,110,0,256,6860,130,0.8662110567092896,0.12849561870098114,0.5771058412416946,0.20451220772191586,0.2821865000970556,0.1,-0.10756459940838994,False,0.989243540059161,ratio
normcap-314382,110,1,100,670,59,0.8355299234390259,0.11921591311693192,1.0164386670571868,0.16612427532595836,0.6118543873631932,0.1,-0.033840008794400356,False,0.99661599912056,ratio
normcap-314382,111,0,256,4428,135,0.845187246799469,0.12906458973884583,0.6220481929988076,0.19899836683343114,0.31258959703899714,0.10000000000000002,-0.3485138915608429,False,0.9651486108439157,ratio
normcap-314382,111,1,113,1011,62,0.9219706058502197,0.12201108038425446,0.9139537252157681,0.15845233740647205,0.5768004058351224,0.10000000000000002,-0.19423674228802043,False,0.9805763257711979,ratio
normcap-314382,112,0,256,3637,137,0.9265005588531494,0.12161619961261749,0.836987800887068,0.20361086941846626,0.411072259195981,0.1,-0.27853567788663386,False,0.9721464322113366,ratio
normcap-314382,112,1,107,2390,61,0.986672580242157,0.0998094230890274,1.1254580732608348,0.15812448796548242,0.7117544459695043,0.1,-0.2278422003152712,False,0.9772157799684729,ratio
normcap-314382,113,0,256,2812,128,0.6989474296569824,0.13224166631698608,0.7387058176919321,0.198760482660286,0.371656280868718,0.1,0.23146644210744854,False,1.0231466442107449,ratio
normcap-314382,113,1,97,812,56,0.8038599491119385,0.1323886513710022,0.9768633223919202,0.13338259591397295,0.7323769009728694,0.1,0.05883697324215382,False,1.0058836973242153,ratio
normcap-314382,114,0,256,3700,143,0.847191333770752,0.11085832118988037,1.5157222310166512,0.16743062467169362,0.9052837460224231,0.1,0.07037310197847317,False,1.0070373101978474,ratio
normcap-314382,114,1,122,1798,65,0.8524268269538879,0.12925882637500763,0.8395967578180282,0.207095484020249,0.405415290338217,0.1,0.08178266354047897,False,1.008178266354048,ratio
normcap-314382,115,0,256,4613,134,0.8206289410591125,0.1295534074306488,1.0846450400137335,0.1718528841926546,0.6311474172279815,0.1,0.03256563857172528,False,1.0032565638571724,ratio
normcap-314382,115,1,108,874,58,0.8891565799713135,0.1216295138001442,1.3697293627765186,0.2182614605792572,0.6275635465561862,0.1,-0.10920619881436605,False,0.9890793801185634,ratio
normcap-314382,116,0,256,4146,123,0.8397553563117981,0.12373358011245728,1.0208244329778573,0.22656543729215872,0.45056494281671594,0.1,0.10133519683073985,False,1.010133519683074,ratio
normcap-314382,116,1,109,1729,68,0.8917621374130249,0.08539451658725739,1.0225368856226043,0.1856114710215428,0.5509017734706303,0.1,-0.1898311979016144,False,0.9810168802098386,ratio
normcap-314382,117,0,256,5640,151,0.8715869188308716,0.10280255228281021,0.8420235269923577,0.17533402005907203,0.48023967437047893,0.1,-0.24433309221389754,False,0.9755666907786102,ratio
normcap-314382,117,1,125,1077,70,0.8001561760902405,0.12331066280603409,0.8038723703929183,0.17173585487831616,0.4680865105091211,0.1,0.10282888652116236,False,1.0102828886521162,ratio
normcap-314382,118,0,256,3991,138,0.8226642608642578,0.11060924082994461,0.8262373447676141,0.19886089557171246,0.415485076838377,0.1,-0.03559459256974213,False,0.9964405407430258,ratio
normcap-314382,118,1,121,2462,75,0.7525733709335327,0.10361272841691971,1.279611522670601,0.13231801494183118,0.9670727929474577,0.1,-0.1475396725020605,False,0.9852460327497939,ratio
normcap-314382,119,0,256,5647,148,0.9686785936355591,0.10240882635116577,1.0672066759111958,0.16910576358538618,0.6310882924888209,0.1,-0.20795834937372973,False,0.979204165062627,ratio
normcap-314382,119,1,110,1538,59,1.0090019702911377,0.10668066143989563,1.2583265049445798,0.224731710343491,0.5599238767957098,0.10000000000000002,-0.42546180365273106,False,0.9574538196347269,ratio
normcap-314382,120,0,256,5178,129,0.8689338564872742,0.13288865983486176,1.045825518193582,0.21482531344850928,0.4868260175699697,0.1,-0.12040729720246349,False,0.9879592702797536,ratio
normcap-314382,120,1,113,1697,69,0.867875874042511,0.08924371004104614,1.0482593003456468,0.20703768721420734,0.5063132777662295,0.1,-0.051954182288453124,False,0.9948045817711547,ratio
normcap-314382,121,0,256,2579,138,1.098463535308838,0.11514595150947571,1.0793183310036119,0.18241765912401914,0.5916742579564749,0.1,-0.5489865513693228,False,0.9451013448630677,ratio
normcap-314382,121,1,87,2041,47,1.0862058401107788,0.13198482990264893,1.616092107585262,0.1900116927207936,0.8505224517735206,0.1,-0.3435671866342262,False,0.9656432813365774,ratio
normcap-314382,122,0,256,5738,144,0.8721051216125488,0.10043788701295853,0.8732327715073924,0.18038528845596544,0.48409312033257124,0.1,0.023070929571013612,False,1.0023070929571014,ratio
normcap-314382,122,1,97,1706,51,0.8945983648300171,0.11673787236213684,1.3524048645647933,0.249012714847072,0.5431067507518063,0.09999999999999999,-0.05165976535470241,False,0.9948340234645298,ratio
normcap-314382,123,0,256,2833,148,0.6962631940841675,0.133345365524292,0.7542024693268039,0.15354356207547096,0.4911977155747451,0.10000000000000002,0.055092824439782515,False,1.0055092824439782,ratio
normcap-314382,123,1,106,2630,60,0.7167081236839294,0.12909948825836182,0.6499594657882836,0.17312541863207517,0.3754269424581566,0.1,0.13604279867847863,False,1.013604279867848,ratio
normcap-314382,124,0,256,2727,153,1.0927625894546509,0.11167693883180618,1.0927661058031302,0.19028507288469698,0.5742784177639044,0.1,-0.5439934302608251,False,0.9456006569739175,ratio
normcap-314382,124,1,140,3058,75,1.1179585456848145,0.13958048820495605,1.3362947118836201,0.18718856500931308,0.7138762519052039,0.1,-0.3888004808374479,False,0.9611199519162552,ratio
normcap-314382,125,0,256,3774,144,0.8406540155410767,0.1259860396385193,0.5648614125064337,0.1563497680894622,0.3612806206295261,0.09999999999999999,-0.08770834028338685,False,0.9912291659716613,ratio
normcap-314382,125,1,86,1251,47,0.7886932492256165,0.1292848289012909,0.7892207113010459,0.1846923853521671,0.42731632373266415,0.1,-0.12240006319117509,False,0.9877599936808825,ratio
normcap-314382,126,0,256,1950,144,1.1786373853683472,0.1298680156469345,1.3809538878570635,0.18715179558633435,0.7378790481441149,0.09999999999999999,-0.5930951122008338,False,0.9406904887799167,ratio
normcap-314382,126,1,122,1868,68,1.1468549966812134,0.13373030722141266,1.4081814013689122,0.20123270373831878,0.6997776083156438,0.1,-0.6810320993430546,False,0.9318967900656945,ratio
normcap-314382,127,0,256,4456,141,0.8430905342102051,0.1338944435119629,0.4608041853979505,0.14382493438238778,0.3203924183082254,0.1,0.10266163810886411,False,1.0102661638108865,ratio
normcap-314382,127,1,111,695,60,0.8167778253555298,0.17104578018188477,0.7252774285317826,0.23804142465324082,0.3046853838941298,0.1,0.32492690188107193,False,1.0324926901881073,ratio
normcap-314382,128,0,256,3797,132,0.9599213600158691,0.14971919357776642,0.4696336398665791,0.22718880266220645,0.20671513488490428,0.1,-0.3197355128097493,False,0.9680264487190251,ratio
normcap-314382,128,1,99,2160,51,0.9466469287872314,0.15406809747219086,0.514676832037054,0.21314815415560998,0.24146436269924787,0.1,-0.11465756198601924,False,0.9885342438013981,ratio
normcap-314382,129,0,256,6029,150,0.9632465839385986,0.14024049043655396,0.41748281433106654,0.15396763661670562,0.2711497191909026,0.10000000000000002,-0.3115465362034659,False,0.9688453463796534,ratio
normcap-314382,129,1,141,1516,78,1.0057448148727417,0.1516112983226776,0.5261946318722103,0.1888701049574971,0.27860133396475,0.10000000000000002,-0.42645964691861055,False,0.9573540353081389,ratio
normcap-314382,130,0,256,3080,141,0.7877606153488159,0.15345312654972076,0.5145991052809444,0.15669281145320613,0.3284127079656245,0.1,0.6064034484134097,False,1.060640344841341,ratio
normcap-314382,130,1,133,1520,71,0.7475176453590393,0.16894394159317017,0.8420616701947562,0.15511545068792862,0.5428612471937891,0.1,0.3716941854538561,False,1.0371694185453857,ratio
normcap-314382,131,0,256,2332,139,0.9707532525062561,0.1648564636707306,0.5046538838116729,0.17877018464481098,0.2822919743660516,0.1,-0.31241341633407393,False,0.9687586583665926,ratio
normcap-314382,131,1,98,2249,55,0.9898026585578918,0.14518748223781586,0.5031005244562273,0.16564859228114198,0.3037155447734536,0.1,-0.39113168810061055,False,0.9608868311899389,ratio
normcap-314382,132,0,256,5575,132,0.8480425477027893,0.15495717525482178,0.3702924822990418,0.15921862604330908,0.23256857033693945,0.1,0.4081651903163535,False,1.0408165190316354,ratio
normcap-314382,132,1,75,442,45,0.7524461150169373,0.13299188017845154,0.8240303449542544,0.14605728277299032,0.5641829899266334,0.1,0.22124086082626673,False,1.0221240860826266,ratio
normcap-314382,133,0,256,4608,138,0.7299742698669434,0.1619352102279663,0.6179071167858304,0.13238766744067992,0.4667406932467493,0.1,0.3720311376688134,False,1.0372031137668813,ratio
normcap-314382,133,1,97,1947,50,0.7218684554100037,0.16406574845314026,0.9403188657666723,0.1516247394365309,0.6201619005322568,0.1,0.27552634995367065,False,1.027552634995367,ratio
normcap-314382,134,0,256,4689,132,0.8066891431808472,0.17462673783302307,0.4997029721006287,0.16091254398251478,0.3105432054787027,0.1,0.5192854888066235,False,1.0519285488806625,ratio
normcap-314382,134,1,95,2969,52,0.8677553534507751,0.1515110731124878,0.5890825198820249,0.17057059152548248,0.34535995602384867,0.1,0.2196822548834922,False,1.0219682254883493,ratio
normcap-314382,135,0,256,3360,136,0.791053295135498,0.15586262941360474,0.6129484663241369,0.14696227943796458,0.4170787692381115,0.09999999999999999,0.4414020701966399,False,1.044140207019664,ratio
normcap-314382,135,1,109,637,64,0.8133541345596313,0.13781681656837463,0.6432830450203535,0.1670452411384383,0.38509510395883373,0.09999999999999999,0.3470840352618935,False,1.0347084035261893,ratio
normcap-314382,136,0,256,6328,144,0.8655309677124023,0.1403154730796814,0.5181794570654302,0.17512678626482656,0.2958881779979904,0.09999999999999999,0.142559203465477,False,1.0142559203465478,ratio
normcap-314382,136,1,115,2528,66,0.9417259693145752,0.13106760382652283,1.1146488794864668,0.21241758188081275,0.5247441711825412,0.09999999999999999,-0.2495839700194176,False,0.9750416029980582,ratio
normcap-314382,137,0,256,2171,137,0.9330980181694031,0.1536015272140503,0.5999780326927044,0.17400231847248862,0.34481036687310956,0.1,-0.13230083348418123,False,0.9867699166515819,ratio
normcap-314382,137,1,98,2948,53,1.013536810874939,0.12330108880996704,0.7244029872456236,0.18569556325891604,0.39010247446547,0.09999999999999999,-0.04753425143515507,False,0.9952465748564845,ratio
normcap-314382,138,0,256,4235,142,0.9242997169494629,0.1279384195804596,0.5494969741515745,0.1584782997392419,0.34673325941514366,0.1,-0.08066888776808044,False,0.9919331112231919,ratio
normcap-314382,138,1,137,1907,71,0.9315810203552246,0.16103069484233856,0.7248159018837597,0.2017751936180645,0.3592195298574445,0.1,-0.04259114893647153,False,0.9957408851063528,ratio
normcap-314382,139,0,256,3713,132,0.7343928217887878,0.1431199610233307,0.6006509572679092,0.16803872517595755,0.35744793745546005,0.1,0.16149874788702184,False,1.0161498747887021,ratio
normcap-314382,139,1,72,1490,43,0.7446690797805786,0.1219269335269928,1.0138694276610014,0.14294260970668224,0.7092842573263901,0.1,-0.10522101434742452,False,0.9894778985652576,ratio
normcap-314382,140,0,256,5777,138,0.9942609071731567,0.13243062794208527,0.8151326020999935,0.1508280614206058,0.5404382940564877,0.1,-0.5980843038475699,False,0.940191569615243,ratio
normcap-314382,140,1,110,822,59,0.8763568997383118,0.14051777124404907,1.1090592937773576,0.19784091055776895,0.5605813735140062,0.1,-0.136823558637859,False,0.9863176441362141,ratio
normcap-314382,141,0,256,4130,146,0.708680272102356,0.13177594542503357,0.5840429330897049,0.14475722828500154,0.40346374409699737,0.1,0.18386941061600603,False,1.0183869410616007,ratio
normcap-314382,141,1,120,1727,64,0.687877357006073,0.15082743763923645,0.6948007016304869,0.17972978137527046,0.3865807304242827,0.1,0.32154599719746835,False,1.0321545997197468,ratio
normcap-314382,142,0,256,4497,147,0.8092130422592163,0.13387948274612427,0.7046880585708868,0.13952485672424417,0.5050627358561829,0.10000000000000003,0.006633396630070936,False,1.0006633396630071,ratio
normcap-314382,142,1,123,1975,65,0.8141400814056396,0.14696379005908966,0.939454925729772,0.17262383599795444,0.5442208605194617,0.1,-0.14330144522961677,False,0.9856698554770383,ratio
normcap-314382,143,0,256,5931,149,0.9696433544158936,0.12156742066144943,0.7522043519664398,0.16810192980752234,0.44746919492698156,0.1,-0.26632103552451675,False,0.9733678964475483,ratio
normcap-314382,143,1,113,780,63,0.9022791981697083,0.12865769863128662,0.6759248447766496,0.1833124135373543,0.36872835381599167,0.09999999999999999,-0.16202781578179756,False,0.9837972184218202,ratio
normcap-314382,144,0,256,3198,131,0.8790043592453003,0.14357109367847443,0.7543552475051349,0.17559823617430617,0.4295915858496041,0.1,-0.27811985530526345,False,0.9721880144694737,ratio
normcap-314382,144,1,103,1004,58,0.7724192142486572,0.13665802776813507,0.9350843052306891,0.15868690414255468,0.5892636889498242,0.1,-0.21303478764044712,False,0.9786965212359553,ratio
normcap-314382,145,0,256,3330,142,0.8996006846427917,0.11367553472518921,0.6168449551822646,0.17410363087673908,0.3542975824662583,0.1,-0.4260667137832727,False,0.9573933286216727,ratio
normcap-314382,145,1,109,2158,56,0.8549147844314575,0.12923747301101685,0.8813987771177119,0.18613927815030304,0.47351573825595444,0.1,-0.15233489242596154,False,0.9847665107574038,ratio
normcap-314382,146,0,256,3692,138,1.0357778072357178,0.13053244352340698,1.0803045486429959,0.15633682708836932,0.691010920947215,0.1,-0.5413085532899865,False,0.9458691446710014,ratio
normcap-314382,146,1,100,895,60,1.0125242471694946,0.10964703559875488,1.150353926610165,0.20641850639483528,0.5572920503599514,0.1,-0.1730136051845498,False,0.982698639481545,ratio
normcap-314382,147,0,256,5524,146,0.9230921268463135,0.11722670495510101,0.7323722901192822,0.14025445585560153,0.5221739913014196,0.1,-0.4673722480223242,False,0.9532627751977676,ratio
normcap-314382,147,1,110,1293,59,0.8918294310569763,0.1438753604888916,0.8271012607320954,0.16195290081407876,0.5107048139147592,0.1,-0.5364689439823473,False,0.9463531056017652,ratio
normcap-314382,148,0,256,2717,144,0.8970984220504761,0.12425798922777176,0.6317073009289156,0.17861029105245665,0.353679117371455,0.1,-0.2601137007843269,False,0.9739886299215673,ratio
normcap-314382,148,1,146,4872,71,0.8762627243995667,0.1457536816596985,0.7760433391854181,0.22564870291953912,0.3439165965257671,0.10000000000000002,-0.17968704965780838,False,0.9820312950342192,ratio
normcap-314382,149,0,256,4725,139,0.9227703809738159,0.1472882479429245,0.6397673141432091,0.14526169978426706,0.44042394870316715,0.09999999999999999,-0.28706747404611727,False,0.9712932525953882,ratio
normcap-314382,149,1,119,2078,73,0.8064727187156677,0.12067209929227829,0.8491944539821312,0.15665741097776575,0.5420710381219416,0.1,0.059431885948213456,False,1.0059431885948213,ratio
normcap-314382,150,0,256,5416,142,0.7785478830337524,0.13841789960861206,0.5503914329354826,0.16761388444001807,0.3283686400886703,0.1,0.2843493243989076,False,1.0284349324398907,ratio
normcap-314382,150,1,125,1162,69,0.7273489236831665,0.14237411320209503,0.6673344265174369,0.15726257658059653,0.4243440753849218,0.1,0.4903751955227338,False,1.0490375195522734,ratio
constant-314382,1,0,256,4287,149,1.2254209518432617,0.03929123282432556,1.1215803355954121,0.15373619552635495,0.1,0.013707105112960204,-0.27886641156212433,False,0.9961775487842439,constant
constant-314382,1,1,86,423,42,1.1936177015304565,0.069292351603508,1.6274407645752322,0.4004606873355992,0.1,0.024606775008497523,-0.28175542282734556,False,0.9930669077030634,constant
constant-314382,2,0,256,2438,140,1.035567045211792,0.07647374272346497,0.9712741902300913,0.38207907956539555,0.1,0.039337921609435784,-0.5739102003414963,False,0.9774235655281106,constant
constant-314382,2,1,98,3872,50,1.0263818502426147,0.09085968136787415,1.0638053373193517,0.4060977316428689,0.1,0.03817406412588428,-0.5136219004187303,False,0.9803929646369568,constant
constant-314382,3,0,256,2431,131,0.9738104939460754,0.13022956252098083,0.6175689589186617,0.35339418896343444,0.1,0.057223437781298694,-0.022773460544341918,False,0.998696824297476,constant
constant-314382,3,1,129,4299,69,0.9299504160881042,0.13232743740081787,0.7868235231071207,0.24040636793465536,0.1,0.03055403923173325,0.20558432875516738,False,1.006281431646215,constant
constant-314382,4,0,256,4178,124,0.9930611848831177,0.1447633057832718,0.6754586769802807,0.2574030247423453,0.1,0.038107886317057395,-0.012665273319805185,False,0.9995173532041544,constant
constant-314382,4,1,75,396,47,0.9633513689041138,0.11686335504055023,1.0800504349765974,0.20278630924027932,0.1,0.01877563331055677,-0.09824341526115675,False,0.9981554176598798,constant
constant-314382,5,0,256,2770,150,1.0672271251678467,0.11883898079395294,0.7013423215712925,0.19809356092182315,0.1,0.02824491761427043,-0.27559448467009773,False,0.9922158564855458,constant
constant-314382,5,1,90,3521,40,0.989329993724823,0.1672770380973816,0.7834683930609964,0.23807335152419443,0.1,0.03038710350446255,0.11199621048416017,False,1.0034032404400897,constant
constant-314382,6,0,256,3190,136,1.083762288093567,0.14566606283187866,0.632291021010445,0.22141449033562285,0.1,0.03501781347168067,-0.3646018330561453,False,0.9872324410186071,constant
constant-314382,6,1,106,878,59,1.0519565343856812,0.13863664865493774,0.719658780427788,0.22212155586264173,0.1,0.030864843437414278,-0.385863437932422,False,0.9880903853999934,constant
constant-314382,7,0,256,2290,139,1.100508451461792,0.14558085799217224,0.8014566160695012,0.20524239096985109,0.1,0.02560867136843908,-0.29602489935484116,False,0.9924191956355466,constant
constant-314382,7,1,89,2830,47,1.0039589405059814,0.1488209068775177,0.784047740091026,0.23226279661647115,0.1,0.029623552845073696,-0.35436986271564813,False,0.9895023056451415,constant
constant-314382,8,0,256,4834,132,0.9864577054977417,0.15447939932346344,0.6666696955091846,0.2221171689457051,0.1,0.03331742397201029,0.3370004698488578,False,1.011227987532721,constant
constant-314382,8,1,108,1167,66,0.9693695306777954,0.12640969455242157,0.5165334252830941,0.17178943744812716,0.1,0.03325814536667696,0.1377967019688896,False,1.00458286274513,constant
constant-314382,9,0,256,5682,140,1.0260448455810547,0.14900337159633636,0.5762143305998249,0.20884631685029006,0.1,0.03624455445821457,0.16417385726465525,False,1.005950408310244,constant
constant-314382,9,1,116,912,59,0.9802480340003967,0.175498828291893,0.535923425108578,0.21645054252208015,0.1,0.04038833392629316,-0.03174458787295261,False,0.9987178889846346,constant
constant-314382,10,0,256,2144,141,1.0118520259857178,0.15562880039215088,0.5203511485265383,0.2054993335487837,0.1,0.03949243393248762,0.08701170589215738,False,1.003436304046299,constant
constant-314382,10,1,89,2554,45,1.042861819267273,0.16394391655921936,0.5845070746071128,0.24184974962674954,0.1,0.041376701862729945,-0.3118977669914173,False,0.987094699083545,constant
constant-314382,11,0,256,4554,138,0.9662443399429321,0.15953104197978973,0.522191136043463,0.20780195429909662,0.1,0.039794232409529236,0.4249744572247446,False,1.016911532318915,constant
constant-314382,11,1,105,890,60,0.929892361164093,0.15375086665153503,0.8657955101494447,0.20782904022790374,0.1,0.02400440263221398,-0.07873461877063169,False,0.9981100225099359,constant
constant-314382,12,0,256,3871,140,1.0014231204986572,0.14894136786460876,0.4379552160897674,0.1856924086910221,0.1,0.04239986233043537,-0.1243740169340051,False,0.994726558804515,constant
constant-314382,12,1,105,844,58,1.0284706354141235,0.16049596667289734,0.527998496404581,0.19800517041571294,0.1,0.037501086037940286,-0.21901723835937045,False,0.9917866157004932,constant
constant-314382,13,0,256,7527,134,1.0147631168365479,0.1623266637325287,0.4292852051324851,0.20850320114061277,0.1,0.048569854876844634,-0.15162833046080137,False,0.9926354339943007,constant
constant-314382,13,1,69,969,36,1.0338377952575684,0.15723015367984772,0.539483234559998,0.20042688485157895,0.1,0.03715164290787404,-0.2642833058524278,False,0.9901814409944582,constant
constant-314382,14,0,256,4317,138,0.9815903902053833,0.16514116525650024,0.3866126584203112,0.2036685557006688,0.1,0.052680260530747494,0.20104958671805961,False,1.0105913446079064,constant
constant-314382,14,1,76,586,42,0.9612269997596741,0.13917936384677887,0.60013982041838,0.1935933580746604,0.1,0.03225804245745587,0.31409491329618416,False,1.0101320870487793,constant
constant-314382,15,0,256,5204,132,0.9737662076950073,0.16525503993034363,0.33521478196701615,0.20629820486506975,0.1,0.061542096578953584,0.2069513538042994,False,1.0127362202029695,constant
constant-314382,15,1,96,753,49,0.9822191596031189,0.17719849944114685,0.42304301496522345,0.20921214468111285,0.1,0.04945410685915977,0.11974606403765974,False,1.0059219346468822,constant
constant-314382,16,0,256,5106,127,0.9835418462753296,0.16855213046073914,0.3680751148357513,0.22059695422613754,0.1,0.05993259129310496,-0.05225749096763799,False,0.9968680731518335,constant
constant-314382,16,1,64,791,34,1.0116486549377441,0.17476612329483032,1.1464128578190302,0.23436186741775422,0.1,0.02044305991679221,0.15062553729710748,False,1.0030792468839638,constant
constant-314382,17,0,256,3754,135,0.9611352682113647,0.1664867103099823,0.4072567519813627,0.21153902069657038,0.1,0.05194242198991241,0.18319509974720763,False,1.0095155971775536,constant
constant-314382,17,1,124,949,68,0.9687373042106628,0.1581835150718689,0.8796987263645304,0.1843276266845901,0.1,0.020953494777279952,-0.10007848504349709,False,0.997903005986323,constant
constant-314382,18,0,256,3920,127,0.9479643702507019,0.1758393943309784,0.4350144162740661,0.2090857334794388,0.1,0.04806409297196979,0.1647906466621557,False,1.007920512962081,constant
constant-314382,18,1,128,1289,70,0.9559717178344727,0.16963693499565125,0.7300328353116782,0.2040182444191739,0.1,0.02794644768711957,-0.20770641038483292,False,0.9941953436679009,constant
constant-314382,19,0,256,3223,137,0.980630099773407,0.16033896803855896,0.5579225278958176,0.20429803365325014,0.1,0.036617634785917674,-0.1752048477126186,False,0.993584412873737,constant
constant-314382,19,1,114,1035,66,0.9624324440956116,0.13185369968414307,0.6701901819789775,0.1565966297903122,0.1,0.023365998786777854,0.29829338248745974,False,1.0069699228133058,constant
constant-314382,20,0,256,4117,132,1.070061206817627,0.17161166667938232,0.6205441917547727,0.2153633215336296,0.1,0.03470555754049135,-0.6553328247571123,False,0.9772563089422193,constant
constant-314382,20,1,121,1625,73,1.0412057638168335,0.13471944630146027,0.6187692218166013,0.1704274507897919,0.1,0.02754297479267729,-0.5456089164935223,False,0.984972307366359,constant
constant-314382,21,0,256,4185,135,0.9349665641784668,0.1591448187828064,0.43248396345133255,0.20839675252212456,0.1,0.04818600691204021,0.3278202005405432,False,1.015796346449153,constant
constant-314382,21,1,95,1121,49,0.9557301998138428,0.17671415209770203,0.6746827857712402,0.22261307042498285,0.1,0.03299522014193833,0.37291797890021355,False,1.0123045108086992,constant
constant-314382,22,0,256,4512,134,1.0031981468200684,0.16107799112796783,0.41563452220103475,0.2133273378795228,0.1,0.051325702386275866,-0.03364707029987321,False,0.9982730404836186,constant
constant-314382,22,1,91,339,50,0.9446664452552795,0.173849418759346,0.6435083989275336,0.26092207004266915,0.1,0.04054680101728586,0.046183792107742955,False,1.0018726050288163,constant
constant-314382,23,0,256,5063,140,1.0074222087860107,0.14385294914245605,0.5633589700378642,0.18961909132413882,0.1,0.03365866195605162,0.10709391841026947,False,1.0036046379973202,constant
constant-314382,23,1,94,1893,45,1.056738257408142,0.20166999101638794,0.871206880866897,0.26109243010923605,0.1,0.029969050502612567,-0.5557496002692771,False,0.9833447121627232,constant
constant-314382,24,0,256,3147,128,0.9087661504745483,0.17776967585086823,0.49270733210221784,0.23896472595363535,0.1,0.04850033892007505,0.4355469800916469,False,1.02112417615006,constant
constant-314382,24,1,79,2484,53,0.906686544418335,0.09433892369270325,1.0808743020849838,0.14318216442381576,0.1,0.01324688394826488,0.5351478638944585,False,1.0070890416481717,constant
constant-314382,25,0,256,2757,134,0.9027886390686035,0.16866925358772278,0.598284050710011,0.21142993999307208,0.1,0.03533939100368103,0.5714897728108819,False,1.0201961005359685,constant
constant-314382,25,1,78,974,36,0.9539358019828796,0.16186481714248657,0.6345946987634561,0.2589974435954518,0.1,0.04081304872229836,-0.08787051743407184,False,0.9964137362907096,constant
constant-314382,26,0,256,2227,143,0.8931589126586914,0.1663154661655426,0.6214147544420524,0.20749084774413806,0.1,0.03339007422352519,0.5713800093331332,False,1.0190784209214718,constant
constant-314382,26,1,129,1982,64,0.9146378636360168,0.15703216195106506,1.023845132487017,0.20570071609364263,0.1,0.0200909990746331,-0.23209390237695118,False,0.9953370016221167,constant
constant-314382,27,0,256,2784,141,0.9393339157104492,0.13974317908287048,0.413954012157076,0.1943264328871216,0.1,0.04694396652287643,0.2629306410497103,False,1.012343007211276,constant
constant-314382,27,1,91,470,42,0.9364213347434998,0.1818571835756302,0.7719012289099775,0.24107173380555375,0.1,0.031230904262968675,-0.009798905595970584,False,0.9996939713174504,constant
constant-314382,28,0,256,2386,136,0.9431463479995728,0.15095262229442596,0.5046035306836145,0.2078239614002996,0.1,0.041185593988759636,-0.03328736468046789,False,0.9986290401133144,constant
constant-314382,28,1,97,2385,44,0.9160690307617188,0.17496764659881592,0.5871382656010389,0.2759193505524414,0.1,0.046993930853746965,0.0728076277538424,False,1.0034215166242895,constant
constant-314382,29,0,256,5815,143,0.9175536632537842,0.14195342361927032,0.5748099307162369,0.19694611159503578,0.1,0.034262823425759675,0.28921162717249416,False,1.0099092069144877,constant
constant-314382,29,1,133,1117,72,0.8902236819267273,0.14428935945034027,0.7084387315669938,0.22761494616109268,0.1,0.032129094023082526,0.3890725541238093,False,1.0125005486732448,constant
constant-314382,30,0,256,3887,142,1.1050385236740112,0.12927861511707306,0.7641503160412871,0.2038964361941357,0.1,0.0266827654080456,-0.4972340161230649,False,0.9867324213948879,constant
constant-314382,30,1,112,1972,56,1.1032803058624268,0.16538873314857483,0.8205588890841728,0.24843015753232325,0.1,0.030275725586203395,-0.2949249137989006,False,0.9910709342412898,constant
constant-314382,31,0,256,5020,133,0.9034937620162964,0.1471371054649353,0.6159623043557354,0.2119180080864375,0.1,0.0344043793894324,0.33576919985774045,False,1.0115519309391918,constant
constant-314382,31,1,112,1109,57,1.0056185722351074,0.1460985243320465,0.6827073697819239,0.24095948592446967,0.1,0.03529469529550252,-0.2986306245771401,False,0.9894599230996443,constant
constant-314382,32,0,256,2140,146,0.8667954802513123,0.12839463353157043,0.6282385253246908,0.18678790238320345,0.1,0.029732003825563926,-0.13257221518088982,False,0.9960583623910783,constant
constant-314382,32,1,137,1979,75,0.8393608927726746,0.13476809859275818,0.7063539994120388,0.22056722016313624,0.1,0.03122615860414664,0.4727466550290075,False,1.0147620620295157,constant
constant-314382,33,0,256,5770,140,0.87610924243927,0.1287359893321991,0.6335986007501625,0.21448713448704934,0.1,0.0338522108844784,0.2523501617281928,False,1.008542610891555,constant
constant-314382,33,1,100,836,53,0.9935036897659302,0.14026030898094177,0.8262636693434773,0.21965896993590425,0.1,0.02658460950006894,-0.3591901567060192,False,0.9904510699477019,constant
constant-314382,34,0,256,3378,126,0.9596142768859863,0.1408390998840332,0.6725410999974198,0.21557252587337372,0.1,0.032053435228598035,-0.1359459768989855,False,0.9956424644348799,constant
constant-314382,34,1,91,887,52,1.018554925918579,0.12202318012714386,0.9164865754415432,0.23463363131206172,0.1,0.025601425880026705,-0.3495069333857875,False,0.9910521241503684,constant
constant-314382,35,0,256,3247,121,1.0313982963562012,0.14496751129627228,0.8938245038953246,0.23697706874589589,0.1,0.026512706656971242,-0.39590521800483125,False,0.9895034810910737,constant
constant-314382,35,1,103,868,59,1.030320405960083,0.13391216099262238,1.3904470123415096,0.20728691387607717,0.1,0.014907933350657246,0.03130257326757458,False,1.000466656675977,constant
constant-314382,36,0,256,3358,145,1.0031280517578125,0.13054105639457703,0.7554037446762449,0.19825093748200295,0.1,0.026244367846888345,-0.4418784494478914,False,0.9884031794290769,constant
constant-314382,36,1,111,1607,62,0.9197254180908203,0.13582175970077515,0.714472008981886,0.20834693475771476,0.1,0.029160965319636058,0.027520308453581284,False,1.0008025187604006,constant
constant-314382,37,0,256,6596,127,0.9568719863891602,0.14266036450862885,0.6842794652585237,0.22551212981930643,0.1,0.03295614456793717,-0.21581126937386783,False,0.9928876926071247,constant
constant-314382,37,1,115,1975,68,0.9326502680778503,0.12913835048675537,0.572676818054201,0.18975866731978533,0.1,0.03313538479949884,0.04230781752417598,False,1.0014018858136906,constant
constant-314382,38,0,256,3133,149,0.9419461488723755,0.1352820098400116,0.6257219309034929,0.20537719939857094,0.1,0.03282243905084524,0.0008036560865149387,False,1.0000263779529175,constant
constant-314382,38,1,105,1508,48,0.9432955980300903,0.17380490899085999,0.6825257014919675,0.2606926915585088,0.1,0.03819529301074633,-0.11066147478154072,False,0.9957732525457177,constant
constant-314382,39,0,256,4209,135,0.8913966417312622,0.15244698524475098,0.6184893107826266,0.22323181440710121,0.1,0.036093075581957464,0.27632939203658274,False,1.0099735776322927,constant
constant-314382,39,1,116,1512,61,0.8914905190467834,0.15793830156326294,0.589538937307351,0.2077282261051445,0.1,0.0352357092907075,0.12504693217344273,False,1.0044061173497583,constant
constant-314382,40,0,256,5019,131,0.8221405744552612,0.1676327884197235,0.6678330365127799,0.22900162013095518,0.1,0.03429025034860984,0.485715910147711,False,1.016655320157268,constant
constant-314382,40,1,96,1119,54,0.8886300921440125,0.13746309280395508,0.7145383237241224,0.1832278207196966,0.1,0.025642826232850094,0.11919366225976698,False,1.0030564623693843,constant
constant-314382,41,0,256,5315,139,0.9092975854873657,0.13898694515228271,0.5236339629360591,0.19079208119757984,0.1,0.03643615477647645,0.00884139976378608,False,1.000322146610234,constant
constant-314382,41,1,118,1106,73,0.9107813835144043,0.12252960354089737,0.6468894600932668,0.19118470290952888,0.1,0.029554462501516783,-0.2237795037855271,False,0.9933863170467626,constant
constant-314382,42,0,256,4152,148,1.0963858366012573,0.1359504610300064,0.7900653426085943,0.1880667227678989,0.1,0.023803945398611026,-0.6161226668885206,False,0.9853338496785391,constant
constant-314382,42,1,108,1320,54,1.0585569143295288,0.15261761844158173,0.7608196945385433,0.2512319935193764,0.1,0.03302122635925653,-0.5231692644433776,False,0.9827243092946095,constant
constant-314382,43,0,256,2493,139,0.8781933188438416,0.15175440907478333,0.9082905624138802,0.22945404030761823,0.1,0.02526218479005434,0.5532396107842238,False,1.0139760412808088,constant
constant-314382,43,1,127,3076,70,0.9538111686706543,0.14929541945457458,0.9737446039784291,0.22731468616247952,0.1,0.023344384680925548,-0.32938040924746276,False,0.9923108170201665,constant
constant-314382,44,0,256,3683,137,1.0298852920532227,0.15390291810035706,0.6345854931247404,0.21564830924052728,0.1,0.03398254633566566,-0.19802771314851228,False,0.9932705140621848,constant
constant-314382,44,1,93,1500,52,1.0795255899429321,0.13600680232048035,0.789395805695391,0.21393041932388326,0.1,0.02710052647612292,-0.20132370275757014,False,0.9945440216631474,constant
constant-314382,45,0,256,4122,138,0.9594998955726624,0.1548296958208084,0.6442112141880019,0.245109988755929,0.1,0.038048078542823674,0.2217622674275472,False,1.008437628168918,constant
constant-314382,45,1,141,1121,78,0.9723159670829773,0.1675952523946762,0.7301626415217104,0.24478566703343702,0.1,0.03352481394053337,-0.2523053994450312,False,0.9915415084274134,constant
constant-314382,46,0,256,5168,146,0.9822968244552612,0.14278066158294678,0.557345527327154,0.20925362658500032,0.1,0.037544685715611995,0.059743726872377244,False,1.0022430594489027,constant
constant-314382,46,1,85,495,41,0.9707322120666504,0.19301152229309082,0.6968197996911344,0.28246804801428205,0.1,0.04053674251786274,-0.03852710701123237,False,0.9984382365831276,constant
constant-314382,47,0,256,3851,142,0.9126901626586914,0.15299060940742493,0.5406382002168075,0.20136071954474904,0.1,0.03724500404595885,0.3373824324816798,False,1.0125658100628157,constant
constant-314382,47,1,78,564,39,0.9633092880249023,0.17195627093315125,0.8484707258352068,0.2312337195401626,0.1,0.027252999131177298,-0.21197467789625232,False,0.9942230542874618,constant
constant-314382,48,0,256,2820,144,0.9329371452331543,0.1592904031276703,0.6194746179948726,0.2074207476873556,0.1,0.033483332756834995,0.2415592227995257,False,1.0080882078374789,constant
constant-314382,48,1,106,3739,55,0.9559454917907715,0.15749108791351318,0.6734035452887994,0.172022457972259,0.1,0.025545226064778815,-0.09210860130124998,False,0.997647064957249,constant
constant-314382,49,0,256,5792,144,0.97819983959198,0.16008080542087555,0.5051324671227073,0.19148663717832282,0.1,0.03790820223238723,0.19854054133267096,False,1.0075263149921665,constant
constant-314382,49,1,132,941,75,1.0031174421310425,0.16540572047233582,0.598887474150997,0.1832413540012659,0.1,0.030596958846239856,-0.4564211118414029,False,0.9860349020244336,constant
constant-314382,50,0,256,5315,136,0.8944435119628906,0.170563742518425,0.48961394441747336,0.16957641273700763,0.1,0.03463471877598668,0.27060085189923916,False,1.0093721844060726,constant
constant-314382,50,1,125,1101,76,0.909913182258606,0.13513317704200745,0.8653636660803591,0.2022655304101014,0.1,0.023373471563262825,0.2540848421208052,False,1.0059388448319668,constant
constant-314382,51,0,256,3295,135,0.8459444046020508,0.1606590449810028,0.5794167224029702,0.17895665810639258,0.1,0.030885656417408782,0.43984231590677986,False,1.0135848186469343,constant
constant-314382,51,1,91,489,45,0.8288305401802063,0.18385441601276398,0.9346010827759955,0.2264080770538189,0.1,0.02422510322600217,0.3401624117717352,False,1.008240469538776,constant
constant-314382,52,0,256,3291,143,1.0501288175582886,0.15645603835582733,0.7535523837139129,0.20529829939961705,0.1,0.02724406475735585,-0.48826970429132693,False,0.9866975485572321,constant
constant-314382,52,1,127,885,71,1.051078200340271,0.15317130088806152,0.7669436840941246,0.20175724647139504,0.1,0.026306657275586093,-0.39127101685929844,False,0.9897069674576123,constant
constant-314382,53,0,256,2426,144,0.9995666742324829,0.16845181584358215,0.5808639132995725,0.1966237966975307,0.1,0.03385023448618415,-0.285229823040343,False,0.9903449036076316,constant
constant-314382,53,1,124,2282,65,1.0080183744430542,0.16135525703430176,0.7808301459239995,0.20359124228823935,0.1,0.0260736913592544,-0.1825441282012393,False,0.9952404007418367,constant
constant-314382,54,0,256,3594,139,0.9466153383255005,0.16447682678699493,0.5972744552559855,0.2081454211256595,0.1,0.03484920865005864,0.009363035862521433,False,1.000326294390371,constant
constant-314382,54,1,129,1482,67,0.9758040904998779,0.17339159548282623,0.6129619085721079,0.23420025714686424,0.1,0.03820796265993637,-0.14297283951412124,False,0.9945372990864594,constant
constant-314382,55,0,256,2117,144,0.9284975528717041,0.17167505621910095,0.4309843360138321,0.22040610265223978,0.1,0.05114016548507833,0.38281199168178554,False,1.0195770686042789,constant
constant-314382,55,1,125,3862,59,0.9251264333724976,0.18752700090408325,0.8062942743183984,0.222209405574064,0.1,0.027559343114759053,0.037744244000021326,False,1.0010402065710038,constant
constant-314382,56,0,256,1622,143,0.9735212922096252,0.1650846153497696,0.5718509113536924,0.19857670609611638,0.1,0.03472525830658261,-0.06436248392723029,False,0.9977649961203736,constant
constant-314382,56,1,95,3988,50,0.851702094078064,0.16186007857322693,0.6672885288704635,0.1850094411775339,0.1,0.027725553965494382,0.240590865682563,False,1.006670515030087,constant
constant-314382,57,0,256,3349,140,1.0622620582580566,0.15824821591377258,0.824749772093211,0.19365778192434724,0.1,0.02348079241450952,-0.4327700364978437,False,0.9898382166097744,constant
constant-314382,57,1,132,1767,75,1.0204641819000244,0.1576242446899414,0.6873978325031453,0.1836266486662346,0.1,0.02671330050570015,-0.38654511784370965,False,0.9896741041080297,constant
constant-314382,58,0,256,4165,139,0.907116174697876,0.16823869943618774,0.5489101557696074,0.1658255852205311,0.1,0.030209968512612585,0.08377699253902615,False,1.0025309003066853,constant
constant-314382,58,1,91,1306,43,0.9107414484024048,0.18346327543258667,0.4934882447221487,0.1952030081008981,0.1,0.039555756431605436,-0.20388670421621982,False,0.9919351071883804,constant
constant-314382,59,0,256,3994,146,0.9548453092575073,0.15127530694007874,0.6405412981605653,0.15928092749345857,0.1,0.024866613277061713,0.11472285364989447,False,1.002852768835753,constant
constant-314382,59,1,113,1359,50,0.9199051856994629,0.21929949522018433,0.5407793690993463,0.2701771391264277,0.1,0.049960696462293036,0.3056059940182167,False,1.0152682883042015,constant
constant-314382,60,0,256,3733,141,0.917151689529419,0.15829262137413025,0.4789057727220527,0.15487098345999742,0.1,0.03233850838333524,0.19733550779528514,False,1.0063815359731676,constant
constant-314382,60,1,119,420,63,0.915427029132843,0.19518759846687317,0.42078043396345804,0.21427817397264493,0.1,0.050923987114679756,0.14647763619679322,False,1.0074592252582741,constant
constant-314382,61,0,256,6462,126,0.8626282811164856,0.18894466757774353,0.409156556936611,0.18864675244644816,0.1,0.04610625181198659,0.33539037194090227,False,1.015463592944023,constant
constant-314382,61,1,98,949,53,0.8602128028869629,0.16853812336921692,0.8310254593796891,0.19181278333301177,0.1,0.02308145691182417,0.27024301220077296,False,1.0062376024418338,constant
constant-314382,62,0,256,2883,138,0.8497954607009888,0.16799724102020264,0.5388357388377358,0.17298549944733246,0.1,0.03210356830088159,0.46017075464445883,False,1.0147731232517967,constant
constant-314382,62,1,121,2228,69,0.8692545890808105,0.1482364535331726,0.6897594470100155,0.16413013707291474,0.1,0.023795272074110724,0.3294855218337139,False,1.0078401976365137,constant
constant-314382,63,0,256,3146,144,0.9786425828933716,0.16743484139442444,0.764041404233182,0.18649686470430527,0.1,0.024409261549310914,-0.4956783972414154,False,0.9879008563573911,constant
constant-314382,63,1,111,3132,56,0.9788761138916016,0.18600669503211975,0.6913833874558746,0.19325782431104102,0.1,0.027952338430083427,-0.37761736049661876,False,0.9894447117423237,constant
constant-314382,64,0,256,3214,137,0.9367578625679016,0.15697018802165985,0.49527030133996297,0.20568421310335436,0.1,0.041529688444243866,0.14350082768081296,False,1.0059595446650753,constant
constant-314382,64,1,83,2154,49,0.8749624490737915,0.12458567321300507,0.8810474794509514,0.16676610415319276,0.1,0.01892816312886084,0.6832926374743696,False,1.0129334745068646,constant
constant-314382,65,0,256,3346,134,0.9260615110397339,0.15800824761390686,0.7132403579404558,0.17155744134420162,0.1,0.024053243683460204,-0.014132452954972584,False,0.999660068665229,constant
constant-314382,65,1,133,1348,89,0.9101502895355225,0.1181318461894989,0.7195518014329259,0.15052982698927508,0.1,0.02091994303808396,-0.10032236756826164,False,0.9979012617850263,constant
constant-314382,66,0,256,3933,137,0.9311434030532837,0.15916278958320618,0.4971884262838647,0.2386324566036281,0.1,0.0479963820532265,-0.22220821042742803,False,0.9893348098369614,constant
constant-314382,66,1,84,2242,44,1.0130351781845093,0.16676145792007446,0.7281364951706826,0.21034161724826342,0.1,0.028887663047153987,-0.4332045407340621,False,0.9874857331967773,constant
constant-314382,67,0,256,3567,136,0.9517850875854492,0.16271452605724335,0.8575874880516022,0.19932201204128808,0.1,0.02324217818220951,-0.38179689475678746,False,0.9911262085426484,constant
constant-314382,67,1,120,3946,61,0.9747676253318787,0.16423553228378296,0.96395801955991,0.21527706346787337,0.1,0.02233261813270219,-0.11040313445178523,False,0.9975344089576349,constant
constant-314382,68,0,256,4736,132,0.855104923248291,0.16227194666862488,0.5373739815874631,0.21099566407630402,0.1,0.03926421287703568,0.4705723920443765,False,1.0184766545752864,constant
constant-314382,68,1,68,452,32,0.8005314469337463,0.2028481811285019,0.6931866333083677,0.21725087763300419,0.1,0.03134089250915475,0.1843939928073641,False,1.0057790723079094,constant
constant-314382,69,0,256,1815,130,0.910788357257843,0.17155227065086365,0.4951197054567178,0.24492619577928423,0.1,0.04946807672567884,0.06321265793666722,False,1.0031270086128452,constant
constant-314382,69,1,109,3794,61,0.9147490859031677,0.13474944233894348,0.6019233064838648,0.19107373651593654,0.1,0.03174386744253081,0.06715226204549016,False,1.0021316725048381,constant
constant-314382,70,0,256,5618,125,0.7860511541366577,0.17238718271255493,0.565951242863579,0.20212333129134302,0.1,0.035713912433277276,0.24586869827869587,False,1.0087809331604092,constant
constant-314382,70,1,88,1645,60,0.7282811999320984,0.09627872705459595,0.9310869813718514,0.14823407609358688,0.1,0.015920540084792156,0.5255679542732152,False,1.008367325683289,constant
constant-314382,71,0,256,4593,133,0.937664806842804,0.14749857783317566,0.7471737174163303,0.23001083884440632,0.1,0.030784118001335254,-0.23073059073493968,False,0.9928971622682978,constant
constant-314382,71,1,156,1447,86,0.921392023563385,0.14502793550491333,0.8649630893864247,0.17919633542801744,0.1,0.020717223385235226,-0.36598789226478323,False,0.9924177470796591,constant
constant-314382,72,0,256,4426,135,0.7595624327659607,0.1565234363079071,0.5207714856981027,0.18555475838289415,0.1,0.035630744669930416,0.19058937114737695,False,1.0067908412201547,constant
constant-314382,72,1,88,2373,50,0.822058379650116,0.12070135772228241,0.6725794904616066,0.12669979032881917,0.1,0.01883789085537863,0.0026646035616205506,False,1.0000501955110666,constant
constant-314382,73,0,256,3501,140,1.0078802108764648,0.13909292221069336,0.7493328238928321,0.2112109067760176,0.1,0.02818652807423588,-0.4861621315236831,False,0.9862967774311774,constant
constant-314382,73,1,103,903,55,1.0068933963775635,0.16302084922790527,1.1329242908257706,0.3034647437228995,0.1,0.02678596850471878,-0.3701512434045852,False,0.9900851404521823,constant
constant-314382,74,0,256,4238,144,0.7986392974853516,0.1327630579471588,0.5299564962399612,0.1622163244620236,0.1,0.03060936616740198,0.1691687539792493,False,1.005178148334634,constant
constant-314382,74,1,83,875,42,0.7915566563606262,0.15417763590812683,0.7488416411220339,0.26641551012686315,0.1,0.035577015953289805,0.4438145199609235,False,1.0157895962569514,constant
constant-314382,75,0,256,5531,136,0.8228743076324463,0.14771172404289246,0.81549918162724,0.18843736338715564,0.1,0.023106996013306767,0.4072574133410619,False,1.0094104954264616,constant
constant-314382,75,1,98,372,55,0.7474011778831482,0.14942437410354614,0.8411779170489604,0.21484185514071114,0.1,0.025540596202813345,0.26997606290333,False,1.0068953496070392,constant
constant-314382,76,0,256,4732,142,0.9190808534622192,0.15194766223430634,0.6310079371336577,0.19460928723491236,0.1,0.03084102049792299,-0.2936606924783296,False,0.9909432045638416,constant
constant-314382,76,1,150,828,92,0.8379360437393188,0.14004504680633545,0.8346521729265478,0.1871228695048117,0.1,0.022419263445837712,0.3989828907577478,False,1.0089449025382797,constant
constant-314382,77,0,256,5926,134,0.9915041923522949,0.15421761572360992,0.8217247484208645,0.19455826770256301,0.1,0.023676817337734083,-0.5024761796256529,False,0.9881029632784409,constant
constant-314382,77,1,109,2086,63,1.0313624143600464,0.12464403361082077,0.9577836470896284,0.16761572599792535,0.1,0.017500374589527738,-0.3686492104212079,False,0.9935485007254953,constant
constant-314382,78,0,256,2869,133,0.968562126159668,0.15852180123329163,0.6704903243169341,0.20393152519827315,0.1,0.030415282339238764,-0.26550605939304617,False,0.9919245582407819,constant
constant-314382,78,1,112,2916,64,0.9344688653945923,0.10972357541322708,0.8787481082247929,0.15215023101641909,0.1,0.01731443056233556,-0.22151648720169942,False,0.9961645681639337,constant
constant-314382,79,0,256,2818,145,0.8724347352981567,0.13617627322673798,0.7770800111259185,0.19774308230909893,0.1,0.025446939758827038,0.31671596914753397,False,1.0080594521875559,constant
constant-314382,79,1,130,2319,69,0.9583851099014282,0.14497867226600647,1.0537897570461408,0.19468846188836153,0.1,0.018475076322063452,-0.03848403738329525,False,0.9992890044721625,constant
constant-314382,80,0,256,5108,126,0.8409236669540405,0.15660957992076874,0.5999363210471192,0.23266627008623286,0.1,0.03878182765799892,0.4177654148209136,False,1.0162017063190572,constant
constant-314382,80,1,68,668,37,0.7468617558479309,0.1481625735759735,1.121711713027388,0.20416456020932675,0.1,0.018201161478318434,0.48605962125515734,False,1.0088468496545555,constant
constant-314382,81,0,256,5464,148,1.050588846206665,0.14071793854236603,0.7116247729131902,0.1982220296314101,0.1,0.027854852328980245,-0.544253056568874,False,0.9848399114796779,constant
constant-314382,81,1,114,2042,63,1.1001993417739868,0.14223642647266388,0.9484855527349292,0.19956579610875613,0.1,0.021040467673262314,-0.4536575400760058,False,0.9904548331932991,constant
constant-314382,82,0,256,5220,141,0.9957711696624756,0.141525000333786,0.7411477422701153,0.19084252279517408,0.1,0.025749592410634438,-0.25756397432133293,False,0.9933678326415626,constant
constant-314382,82,1,109,791,55,0.897174596786499,0.16274645924568176,0.871680414151212,0.20864902559641055,0.1,0.02393641318642911,-0.012481428964138308,False,0.9997012393591573,constant
constant-314382,83,0,256,3218,139,0.9520817399024963,0.1514914333820343,0.7219787171536086,0.1995252487643684,0.1,0.027635890646609918,-0.08739966013112523,False,0.9975846325500654,constant
constant-314382,83,1,131,1532,68,0.9168499708175659,0.17010605335235596,0.5147159649596913,0.21088188912964417,0.1,0.040970535885001914,-0.26067438167438683,False,0.9893200308913088,constant
constant-314382,84,0,256,5855,127,1.0112777948379517,0.17261257767677307,0.6059993936265572,0.2278679449226309,0.1,0.03760200873452572,-0.3375690612751128,False,0.9873067252094275,constant
constant-314382,84,1,75,2335,37,1.0419354438781738,0.1523277908563614,0.7708760153558576,0.22137673826603005,0.1,0.028717554296177766,-0.25386004523277717,False,0.9927097603673976,constant
constant-314382,85,0,256,2269,137,0.8577205538749695,0.17650173604488373,0.45433872165407324,0.19795214116047655,0.1,0.04356928690555114,0.14593541789751455,False,1.0063583020920583,constant
constant-314382,85,1,126,5221,67,0.8706542253494263,0.16721415519714355,0.4698259894716338,0.13202715829057132,0.1,0.028101288828029508,0.11175068711363147,False,1.003140338335311,constant
constant-314382,86,0,256,3047,134,0.783469557762146,0.17449283599853516,0.507805580383325,0.16417881922587632,0.1,0.03233103880070467,0.49341741028451613,False,1.0159526974368518,constant
constant-314382,86,1,87,3239,45,0.7802730798721313,0.17277292907238007,0.5920089161187431,0.17599669934254972,0.1,0.029728724441584076,0.3242281163319893,False,1.0096388883266476,constant
constant-314382,87,0,256,3204,137,1.0371992588043213,0.15241938829421997,0.6543691613593655,0.1516055581724647,0.1,0.023168200325566105,-0.5594328130639495,False,0.9870389485182395,constant
constant-314382,87,1,103,1966,60,1.0334513187408447,0.14655965566635132,0.8381937515123652,0.15932724516780677,0.1,0.01900840287586615,-0.4291354448673784,False,0.9918428205756469,constant
constant-314382,88,0,256,2595,140,0.9463362693786621,0.16710029542446136,0.5249000691976538,0.16666596047337195,0.1,0.0317519410367258,-0.1541186010265917,False,0.995106435267541,constant
constant-314382,88,1,124,958,64,0.9661542177200317,0.18545088171958923,0.5453857258022403,0.1846668583804578,0.1,0.03385986278038728,-0.3865115396263677,False,0.986912772305215,constant
constant-314382,89,0,256,5550,133,0.8017066717147827,0.17406539618968964,0.5704753250733137,0.15023721362286668,0.1,0.02633544467564118,0.39704029178938927,False,1.0104562326384199,constant
constant-314382,89,1,109,835,61,0.8241514563560486,0.16694718599319458,0.6090715469794078,0.1563405637441709,0.1,0.0256686697186097,0.41578438649253746,False,1.0106726320910318,constant
constant-314382,90,0,256,2665,144,0.8282727003097534,0.15789172053337097,0.5354712068758831,0.13485709562782827,0.1,0.02518475202702856,0.5860812732093373,False,1.0147603115334622,constant
constant-314382,90,1,132,1129,72,0.7820455431938171,0.1702229380607605,0.5599426578442074,0.1435275218001046,0.1,0.02563253929477154,0.6319716040715189,False,1.016199036974543,constant
constant-314382,91,0,256,4514,134,0.8701497316360474,0.1764070689678192,0.4132143504739755,0.16172871957747942,0.1,0.03913918270069016,0.19561720119156834,False,1.0076562973768344,constant
constant-314382,91,1,105,1585,58,0.8569537997245789,0.1690349280834198,0.6007464916378576,0.15300795174718884,0.1,0.025469637172583805,0.35984464200714894,False,1.0091651124704204,constant
constant-314382,92,0,256,3734,131,0.8840817809104919,0.16990822553634644,0.4628131409027071,0.152931350564229,0.1,0.03304386523380466,0.029868871842674494,False,1.000986982975855,constant
constant-314382,92,1,96,2510,58,0.8688475489616394,0.14056313037872314,0.8031852318815503,0.15610359100804122,0.1,0.01943556539782875,0.11722613085850529,False,1.002278356132635,constant
constant-314382,93,0,256,1973,137,0.877557635307312,0.15559203922748566,0.4502416994067105,0.1861498569197172,0.1,0.041344428373695584,0.046047446858413006,False,1.0019038053684293,constant
constant-314382,93,1,118,2440,62,0.8815086483955383,0.14794452488422394,0.5561670418974003,0.14243994678720345,0.1,0.0256110010225094,0.14829492886593,False,1.0037979815748184,constant
constant-314382,94,0,256,3957,140,0.9347494840621948,0.16573099792003632,0.47090121382855615,0.18879790183730996,0.1,0.04009288918631812,0.1310333616787787,False,1.005253506049498,constant
constant-314382,94,1,132,1537,76,0.964958131313324,0.14905524253845215,0.6354153584963182,0.1757150637899134,0.1,0.02765357516786109,0.07047840219343514,False,1.001948979792767,constant
constant-314382,95,0,256,3917,148,0.7821086645126343,0.14187148213386536,0.7961724425504584,0.15054993399987243,0.1,0.018909211868423988,0.35903686530949086,False,1.006789104154712,constant
constant-314382,95,1,133,2217,70,0.7471169233322144,0.14558890461921692,0.9536594388930416,0.1906721699962326,0.1,0.019993738038974897,0.3446859796170624,False,1.006891561182171,constant
constant-314382,96,0,256,4355,145,0.8635575771331787,0.16062554717063904,0.6095901901236246,0.1769709653693682,0.1,0.029031137350402338,-0.2014507972613147,False,0.9941516542353587,constant
constant-314382,96,1,125,3325,58,0.8872020840644836,0.15786342322826385,0.8318922305167855,0.21619213460450876,0.1,0.02598799780474047,-0.08701209543338029,False,0.9977387298548914,constant
constant-314382,97,0,256,4129,147,0.9172255396842957,0.13502231240272522,0.6871228865307384,0.14924098043477121,0.1,0.02171969284683329,-0.16462583766258235,False,0.9964243773713161,constant
constant-314382,97,1,118,2000,61,0.8276478052139282,0.15043208003044128,0.7519346705304707,0.19774526371674006,0.1,0.026298197365634948,-0.003405221723361122,False,0.9999104488070453,constant
constant-314382,98,0,256,2771,146,0.8211852312088013,0.14012205600738525,0.7080072814904654,0.15165889045792963,0.1,0.02142052693846087,-0.09613163074259971,False,0.99794080981404,constant
constant-314382,98,1,105,1502,57,0.8561920523643494,0.144657701253891,1.0039254306483054,0.14272528082167846,0.1,0.014216721328546353,-0.1884277841556959,False,0.997321174702103,constant
constant-314382,99,0,256,2966,136,0.686722993850708,0.1507127434015274,0.6592497708262474,0.14838447888291534,0.1,0.022508081981878116,-0.09407614837440678,False,0.9978825263398495,constant
constant-314382,99,1,100,1290,49,0.7014234662055969,0.17533348500728607,0.9813743114891903,0.13370695916018877,0.1,0.013624460880506912,-0.12071456222544813,False,0.9983553291692518,constant
constant-314382,100,0,256,4206,146,0.6955819129943848,0.13704150915145874,0.8077483400361396,0.1359541302553866,0.1,0.016831248486292635,0.00306026319344071,False,1.0000515080502423,constant
constant-314382,100,1,124,1348,64,0.7814614176750183,0.14880689978599548,1.040702719895368,0.20452656463440164,0.1,0.019652736629242662,-0.22363505303168307,False,0.9956049592017017,constant
constant-314382,101,0,256,5664,144,0.972076952457428,0.1162077859044075,0.9371061675244351,0.16705515649649388,0.1,0.017826705477545363,-0.21031281480673605,False,0.9962508153922868,constant
constant-314382,101,1,130,758,74,0.9212154746055603,0.1443459689617157,1.7724106604777474,0.22115215399006255,0.1,0.012477478212100785,0.3626828693933849,False,1.0045253676007582,constant
constant-314382,102,0,256,3047,151,0.8988223075866699,0.13065600395202637,0.7921526002903603,0.1633347569622543,0.1,0.02061910254443205,-0.12081951800183367,False,0.9975088099689513,constant
constant-314382,102,1,124,789,59,0.8568069934844971,0.18146318197250366,1.0830093339825915,0.30118570106883696,0.1,0.02781007435654089,0.27397513059282347,False,1.0076192687536294,constant
constant-314382,103,0,256,6050,149,0.8523271083831787,0.12243674695491791,1.2415374641643562,0.17425830792220973,0.1,0.014035686634675828,-0.0731506572218507,False,0.9989732802981135,constant
constant-314382,103,1,109,858,48,0.7960977554321289,0.1968943029642105,1.1410885897856917,0.27454080433423106,0.1,0.024059552149740863,0.13592408341538076,False,1.003270272573338,constant
constant-314382,104,0,256,4140,137,0.8000635504722595,0.16394034028053284,1.117684956394082,0.15447323416617817,0.1,0.013820820731500729,-0.130664299229354,False,0.998194112144344,constant
constant-314382,104,1,122,968,73,0.8592461347579956,0.13836590945720673,1.2867317009865793,0.14708136964250768,0.1,0.011430616773468438,-0.021586874726006993,False,0.9997532487076701,constant
constant-314382,105,0,256,4048,149,0.7795937061309814,0.14142033457756042,0.9870088038509266,0.17583617388843345,0.1,0.017815056279375494,0.2524173667517386,False,1.004496829594574,constant
constant-314382,105,1,145,1106,81,0.8292298316955566,0.15524956583976746,0.8728348263914564,0.16849108149414602,0.1,0.019303890770575156,-0.05129163935838217,False,0.999009871796382,constant
constant-314382,106,0,256,3191,128,0.9711058735847473,0.16421078145503998,1.2720232261986315,0.2105382699624876,0.1,0.01655144856054784,-0.019694341901066472,False,0.9996740301130906,constant
constant-314382,106,1,110,1135,70,0.9263327121734619,0.12614186108112335,1.0520517404728498,0.20002225580214655,0.1,0.019012587319350432,-0.2513674446502486,False,0.9952208545093452,constant
constant-314382,107,0,256,3991,154,0.8085045218467712,0.13021919131278992,0.9773080512727552,0.15896647467415473,0.1,0.016265749009959713,0.18028225665283487,False,1.0029324259376642,constant
constant-314382,107,1,137,2325,66,0.8061959743499756,0.16685284674167633,0.9172694642853131,0.22908281279968376,0.1,0.02497442918566713,0.06029293839178375,False,1.0015057817202615,constant
constant-314382,108,0,256,2816,137,1.2587528228759766,0.14896252751350403,1.5975334743911762,0.1716080910993993,0.1,0.010742065430885545,-0.4911372635389366,False,0.9947241713795186,constant
constant-314382,108,1,131,1959,76,1.1615924835205078,0.15570084750652313,1.4484281947400093,0.1715323297675178,0.1,0.011842653325200398,-0.5036693983258894,False,0.9940352179251142,constant
constant-314382,109,0,256,4165,151,0.6680631041526794,0.14692549407482147,0.616583078327364,0.1499509514739138,0.1,0.024319667007517188,0.476444141358986,False,1.011586962865533,constant
constant-314382,109,1,100,873,46,0.7670611143112183,0.21305450797080994,0.8081714243139059,0.20776719482750197,0.1,0.025708307492297838,-0.04620624639313047,False,0.9988121156096605,constant
constant-314382,110,0,256,4956,134,0.9644066095352173,0.16685478389263153,0.7168899581738353,0.20451665857781728,0.1,0.028528319618089142,-0.25363778268170534,False,0.9927641402684328,constant
constant-314382,110,1,122,2555,68,0.9863227605819702,0.15363886952400208,0.9004604219179524,0.1946958304163652,0.1,0.021621808763306802,0.026855212956325123,False,1.0005806582788395,constant
constant-314382,111,0,256,3388,158,0.8438873291015625,0.1337883323431015,0.4808560356892394,0.1346824706911656,0.1,0.028008896778870054,-0.046740821460385606,False,0.9986908411563564,constant
constant-314382,111,1,133,1671,68,0.932691216468811,0.19488224387168884,0.6210778725096447,0.18256409313887667,0.1,0.029394718636678144,-0.22962445923842564,False,0.9932502536285871,constant
constant-314382,112,0,256,4894,145,0.9678857326507568,0.16278348863124847,0.542302494395124,0.17409816065229317,0.1,0.032103514634665216,-0.3145341939250085,False,0.9899023469022259,constant
constant-314382,112,1,159,1549,93,0.9195366501808167,0.1463262438774109,0.5636531636622599,0.13385842369192774,0.1,0.02374836731549608,-0.001344433022153805,False,0.9999680719107588,constant
constant-314382,113,0,256,3227,149,0.8848793506622314,0.16181960701942444,0.5088677311839737,0.13169951732057095,0.1,0.02588089384527252,0.02157588719990889,False,1.0005584032462385,constant
constant-314382,113,1,156,2201,92,0.8923655152320862,0.1570529341697693,0.744713263924351,0.13326822175424088,0.1,0.017895239444503632,-0.07031949731385453,False,0.9987416157579514,constant
constant-314382,114,0,256,5342,150,0.8879863023757935,0.15726840496063232,0.5056595143271629,0.13214199977934835,0.1,0.026132604259444855,0.034455062543974804,False,1.0009004005141962,constant
constant-314382,114,1,139,795,79,0.9197803735733032,0.17985014617443085,0.8470351968557747,0.17167896098891894,0.1,0.020268220450129753,-0.07926287958732399,False,0.9983934824830121,constant
constant-314382,115,0,256,5601,132,0.9970960021018982,0.19258639216423035,0.6730528396347496,0.1741590034965619,0.1,0.025875977819375076,-0.3237086019737696,False,0.9916237233953858,constant
constant-314382,115,1,114,506,65,0.9949106574058533,0.17610983550548553,0.8041017951543917,0.12014501203327939,0.1,0.014941517698043558,-0.31343030133679994,False,0.9953168756054731,constant
constant-314382,116,0,256,4050,133,0.9303079843521118,0.19879558682441711,0.43865053201662546,0.19380560575485756,0.1,0.04418223428656689,0.1989638554562575,False,1.008790667676327,constant
constant-314382,116,1,136,2865,65,0.9318695664405823,0.19669374823570251,0.5749494721308516,0.20078419325878227,0.1,0.03492205889234841,0.16031764337642973,False,1.0055986221834743,constant
constant-314382,117,0,256,5707,147,0.8103793859481812,0.18321135640144348,0.5477421304353837,0.13915653021599428,0.1,0.02540548233990746,0.45885409603273697,False,1.011657409633354,constant
constant-314382,117,1,131,1528,67,0.8106107711791992,0.2069215625524521,0.6818244510502256,0.1480960898496365,0.1,0.021720560126807068,0.4373595252831104,False,1.0094996938659435,constant
constant-314382,118,0,256,4991,140,0.8247405290603638,0.19463935494422913,0.5059759356430239,0.1506430185573814,0.1,0.029772763474597945,0.31227156182658766,False,1.0092971873501062,constant
constant-314382,118,1,152,2515,62,0.7941666841506958,0.22333623468875885,0.5249080418595207,0.16890409708982398,0.1,0.032177845188172446,0.26063155062977855,False,1.0083865616873184,constant
constant-314382,119,0,256,5896,133,0.8851057291030884,0.18791787326335907,0.5010806505549739,0.14960815495058807,0.1,0.029857100805007933,-0.2449040668877193,False,0.992687874587377,constant
constant-314382,119,1,114,1849,55,0.9903521537780762,0.2034808099269867,1.2611259976246443,0.16833815667867244,0.1,0.013348242522613974,-0.2561958773591987,False,0.9965802352957156,constant
constant-314382,120,0,256,3969,134,0.8677610754966736,0.19184191524982452,0.4994448578836222,0.15442859175065685,0.1,0.030920048392337425,0.34756336728087084,False,1.0107466761357282,constant
constant-314382,120,1,135,3170,64,0.89301598072052,0.2072904407978058,0.6142854144655084,0.18185999146965753,0.1,0.029605129340063274,0.08043796470603166,False,1.0023813763489735,constant
constant-314382,121,0,256,2420,123,0.8939036130905151,0.2153128832578659,0.544462246830236,0.21769512354969284,0.1,0.039983511219937796,-0.16442654928205394,False,0.9934256492219253,constant
constant-314382,121,1,172,3624,91,0.8861767649650574,0.18524523079395294,0.6066908981234016,0.18962860059140865,0.1,0.03125621320147744,0.014252857658872166,False,1.000445490357716,constant
constant-314382,122,0,256,6225,134,0.9223030805587769,0.1651604175567627,0.8158412329707393,0.1359737994256713,0.1,0.01666669860881475,-0.3552799319484823,False,0.9940786564524544,constant
constant-314382,122,1,155,1340,88,0.8010501265525818,0.1624353528022766,0.7263539336579737,0.13904407607435423,0.1,0.019142744278139678,-0.17485715248529668,False,0.9966527542447703,constant
constant-314382,123,0,256,3223,138,1.0913910865783691,0.18160629272460938,1.0862708511407764,0.17446677195749796,0.1,0.01606107461820199,-0.45321719441695185,False,0.9927208448222172,constant
constant-314382,123,1,181,3974,92,1.0822241306304932,0.17459163069725037,1.1085087109611214,0.23388540638669128,0.1,0.021099104055204338,-0.549184141723117,False,0.9884127066483158,constant
constant-314382,124,0,256,6733,125,0.9586015939712524,0.20790189504623413,0.5287583755157582,0.2124771385179578,0.1,0.0401841650849889,0.08078546704495662,False,1.0032462965442024,constant
constant-314382,124,1,156,1686,78,0.9213846921920776,0.19709472358226776,0.6122541702179625,0.18901198184338017,0.1,0.030871489495300934,0.32330476694797144,False,1.009980899716615,constant
constant-314382,125,0,256,5381,124,0.7442620992660522,0.19230253994464874,0.6140765234377283,0.11923847776704936,0.1,0.01941752749307652,0.3817443248007637,False,1.0074125309221447,constant
constant-314382,125,1,147,2077,74,0.7491539120674133,0.18244636058807373,0.4808093179303263,0.12256842340858666,0.1,0.025492106504131428,0.2201905183645034,False,1.0056131201453478,constant
constant-314382,126,0,256,3908,116,0.9091120958328247,0.22822564840316772,0.43976548753771716,0.19239892619362478,0.1,0.04375034686575385,0.11054751979500618,False,1.0048364923361803,constant
constant-314382,126,1,224,2485,112,0.905351996421814,0.2063148021697998,0.5153871817299295,0.17739883681972538,0.1,0.03442049843464772,-0.0395841740795773,False,0.998637492998057,constant
constant-314382,127,0,256,3076,118,0.8618050813674927,0.2154283970594406,0.5019067006531015,0.20251407331419183,0.1,0.040348947932090214,-0.00833717984757913,False,0.9996636035644295,constant
constant-314382,127,1,175,4553,85,0.8529816269874573,0.1919465810060501,0.6150944338932307,0.18823553795748876,0.1,0.030602705468500965,0.4689655779743245,False,1.0143516154576135,constant
constant-314382,128,0,256,5945,123,0.8869426250457764,0.1906052529811859,0.47104656080853635,0.15546575171926336,0.1,0.03300432794847528,-0.04673197081851439,False,0.9984576427094272,constant
constant-314382,128,1,182,2023,91,0.9280568361282349,0.2012224793434143,0.6474737559738231,0.18343505654809558,0.1,0.02833088675110899,-0.28533496322426094,False,0.9919162074707616,constant
constant-314382,129,0,256,4432,139,0.936345100402832,0.18803685903549194,0.7144582814678346,0.18038682466267683,0.1,0.02524805567262474,-0.4848952364401369,False,0.9877573380749689,constant
constant-314382,129,1,226,5062,101,0.9057641625404358,0.23035356402397156,0.5415435203419932,0.18331055294216908,0.1,0.03384964385252096,-0.3089752905074306,False,0.9895412964570943,constant
constant-314382,130,0,256,4217,142,0.8013982176780701,0.16422992944717407,0.7714050969261121,0.12839546472746652,0.1,0.016644363025224436,0.4656760152574309,False,1.0077508806500846,constant
constant-314382,130,1,216,2641,101,0.7645140886306763,0.2040889710187912,0.8118767431654357,0.1725149281633447,0.1,0.021248906267560302,0.5206070027566223,False,1.011062329403811,constant
constant-314382,131,0,256,3378,126,0.9427359700202942,0.1994420737028122,0.5974412081214557,0.1721348008048566,0.1,0.028812006681980123,-0.1653413931960787,False,0.9952361826744267,constant
constant-314382,131,1,175,3112,100,0.9720486998558044,0.1544511914253235,0.709584146283924,0.1473217024190873,0.1,0.020761695873647644,-0.2521680748266137,False,0.9947645631214066,constant
constant-314382,132,0,256,3638,125,0.7860856652259827,0.20087112486362457,0.6891517028820776,0.1578846496978758,0.1,0.022909999211725353,0.47440260966625525,False,1.0108685634134944,constant
constant-314382,132,1,158,3778,80,0.7765040397644043,0.20606966316699982,0.7694814246882308,0.16063495032705336,0.1,0.020875741138538528,0.5458197005909631,False,1.0113943907778515,constant
constant-314382,133,0,256,3339,120,0.9329946041107178,0.2159673273563385,0.6444266052593948,0.1875455002121528,0.1,0.02910269356999343,-0.0638623239855154,False,0.9981414343543819,constant
constant-314382,133,1,153,4718,80,0.9449151754379272,0.19320464134216309,0.8276880123061915,0.1747893538877049,0.1,0.021117782460167375,-0.31456735640688405,False,0.9933570349983295,constant
constant-314382,134,0,256,4956,126,0.8361825942993164,0.18699650466442108,0.6004282245203008,0.1994343149689397,0.1,0.0332153464518217,-0.08449510180894941,False,0.9971934659199339,constant
constant-314382,134,1,168,3513,97,0.8811079859733582,0.15373486280441284,0.9450757027192208,0.1619056826938693,0.1,0.017131504093061103,0.040802942554547694,False,1.000699015777382,constant
constant-314382,135,0,256,5219,128,0.8624099493026733,0.2067929357290268,0.6292714566428872,0.17482335367012547,0.1,0.02778186612861706,-0.27405492313952673,False,0.9923862428134492,constant
constant-314382,135,1,132,1486,56,0.90114825963974,0.23546907305717468,0.7797088978457027,0.1865723545497371,0.1,0.023928462925744128,-0.15950366772749644,False,0.9961833224002624,constant
constant-314382,136,0,256,8961,127,1.1530879735946655,0.1896483600139618,1.2699411555993807,0.16876586754907785,0.1,0.013289266735309838,-0.45814431032883474,False,0.9939115980567755,constant
constant-314382,136,1,144,1617,81,1.1512460708618164,0.17133532464504242,1.3322201072410194,0.18460329905977116,0.1,0.013856816756960535,-0.37358678608112017,False,0.9948232763624522,constant
constant-314382,137,0,256,4388,126,0.8266662359237671,0.20920488238334656,0.6326527310160797,0.16532497651239686,0.1,0.02613202605588609,0.3345025604227495,False,1.008741229624728,constant
constant-314382,137,1,99,2875,47,0.9063115119934082,0.19335952401161194,0.5617453125327456,0.14590255334690505,0.1,0.02597307891882053,0.19536380045610985,False,1.0050741994071273,constant
constant-314382,138,0,256,2184,143,0.89629065990448,0.18186117708683014,0.5508225777350143,0.1314532533186741,0.1,0.023864899267421223,0.13190522163081803,False,1.0031479048270664,constant
constant-314382,138,1,153,4918,80,0.9423102140426636,0.20193253457546234,0.7820910367467204,0.15895046103487318,0.1,0.020323779913916745,-0.15966212499980184,False,0.9967550621109158,constant
constant-314382,139,0,256,5390,133,0.9488110542297363,0.17545261979103088,0.7412984778060905,0.1285079399151896,0.1,0.017335519195387426,-0.2806572736690084,False,0.9951346604449858,constant
constant-314382,139,1,138,1184,73,0.9095078706741333,0.1939271092414856,0.7277024753108076,0.15660516680028633,0.1,0.02152049389874605,-0.1735723720924787,False,0.9962646368253929,constant
constant-314382,140,0,256,4857,124,0.9880755543708801,0.19782951474189758,0.5350475118925819,0.15644872173066807,0.1,0.029240154986848586,0.08466539127734125,False,1.0024756291629717,constant
constant-314382,140,1,145,3459,78,0.9500093460083008,0.18731556832790375,0.662532098238611,0.16534069753331807,0.1,0.024955877303588482,0.09386906810071427,False,1.0023425849461236,constant
constant-314382,141,0,256,5701,112,0.906125545501709,0.2400396168231964,0.616992356292972,0.1650410452547608,0.1,0.026749285233671986,0.062367196492692775,False,1.0016682779282076,constant
constant-314382,141,1,158,2139,93,0.881300151348114,0.1847989708185196,0.9587059603736617,0.1459702715459291,0.1,0.015225760303924288,0.24949745899207956,False,1.0037987885070516,constant
constant-314382,142,0,256,5294,126,0.8282504081726074,0.1973944455385208,0.40236440436940707,0.10859199705789238,0.1,0.026988470122768383,0.2558885442012571,False,1.0069060403299344,constant
constant-314382,142,1,108,1105,58,0.8296236395835876,0.21395878493785858,0.4734173329093811,0.11864289192962141,0.1,0.02506095228928413,0.11835551101699406,False,1.0029661018147706,constant
constant-314382,143,0,256,6476,130,0.8856543898582458,0.20509108901023865,0.46916480479806916,0.15379653412454267,0.1,0.032780918890695024,0.2630662126250504,False,1.0086235521789442,constant
constant-314382,143,1,139,1783,67,0.8443244695663452,0.2238391935825348,0.47031218773121874,0.18645005155392458,0.1,0.03964389110419565,0.2765969968303879,False,1.0109653812220913,constant
constant-314382,144,0,256,4399,139,0.952407717704773,0.17158694565296173,0.47029207383573135,0.12894825847162844,0.1,0.02741876073307348,-0.33851379545985555,False,0.9907183712374417,constant
constant-314382,144,1,104,1355,54,0.8514609932899475,0.2019115388393402,0.41238482474974303,0.15249305700071683,0.1,0.036978338641160645,-0.09129160155393361,False,0.9966241882426448,constant
constant-314382,145,0,256,3048,145,0.9706162214279175,0.16604448854923248,0.4352057370772602,0.12234073162350971,0.1,0.02811101077047408,-0.19199892663919388,False,0.9946027161053261,constant
constant-314382,145,1,149,3960,70,0.9943307042121887,0.21843159198760986,0.6249873555192409,0.17373238479086664,0.1,0.02779774394740025,-0.16438553926904653,False,0.9954304528707437,constant
constant-314382,146,0,256,2910,139,0.8695704936981201,0.17822538316249847,0.4823007823133804,0.14278438844980135,0.1,0.029604842804717986,0.39496510506835064,False,1.0116928798488973,constant
constant-314382,146,1,118,1818,70,0.8432404398918152,0.15966258943080902,0.5762340990986098,0.13884308448489388,0.1,0.024094909465108547,0.09713797930836872,False,1.0023405308170588,constant
constant-314382,147,0,256,5226,138,0.8759128451347351,0.18184655904769897,0.5113657816564321,0.17046964687855495,0.1,0.0333361466475845,0.2663935122220057,False,1.008880533189398,constant
constant-314382,147,1,100,3092,45,0.9150798320770264,0.22072499990463257,0.5446834528999187,0.18831191456003016,0.1,0.03457272541646882,0.027883645517315196,False,1.0009640136200804,constant
constant-314382,148,0,256,3444,136,0.7826555371284485,0.17698130011558533,0.5482332504649936,0.12579681850003918,0.1,0.0229458571499161,0.3396344956085184,False,1.007793204619417,constant
constant-314382,148,1,152,4988,80,0.7187050580978394,0.17865051329135895,0.5813450103201891,0.1424458773954009,0.1,0.02450281242062189,0.43510080473790697,False,1.0106611934025547,constant
constant-314382,149,0,256,6951,140,0.8766694068908691,0.16829895973205566,0.38012956640527185,0.1237579398211288,0.1,0.03255677820366789,-0.009257049271644344,False,0.9996986203000426,constant
constant-314382,149,1,113,1199,69,0.8184571266174316,0.15450745820999146,0.5589932109728788,0.123275259450038,0.1,0.02205308705547393,-0.07061753279232268,False,0.9984426654016881,constant
constant-314382,150,0,256,7510,138,0.9183757901191711,0.1670195460319519,0.44176078083186726,0.16227652860600397,0.1,0.03673402792806225,0.1307277515326398,False,1.0048021568757728,constant
constant-314382,150,1,144,831,83,0.8686263561248779,0.1682390570640564,0.5489051397944299,0.16910020095166223,0.1,0.030806816823575715,-0.04535633774587045,False,0.9986027156112748,constant
normcap-314381,1,0,256,2487,142,1.2425795793533325,0.04276271164417267,1.2572434875222118,0.17373458573216943,0.7236575735474962,0.1,-0.4067790140249356,False,0.9593220985975064,ratio
normcap-314381,1,1,108,2564,54,1.1552733182907104,0.06354187428951263,1.3866712062336577,0.3558024337751695,0.38973066921455946,0.1,-0.6473428479802376,False,0.9352657152019762,ratio
normcap-314381,2,0,256,5227,128,1.017428994178772,0.10775916278362274,0.8255237286492377,0.507046674549899,0.16281020467830662,0.10000000000000002,0.11157449880854844,False,1.0111574498808549,ratio
normcap-314381,2,1,108,1507,62,0.9878556132316589,0.13183356821537018,0.9399802764511552,0.44987059163139936,0.20894459294225803,0.1,0.19367871379407223,False,1.0193678713794072,ratio
normcap-314381,3,0,256,5987,138,1.0191190242767334,0.14567263424396515,0.6441410495706966,0.3437192112473697,0.18740327234927748,0.09999999999999999,0.15008747032245218,False,1.0150087470322453,ratio
normcap-314381,3,1,111,935,61,1.0050956010818481,0.12929797172546387,0.5582184045763785,0.2877226526047697,0.1940126714121378,0.1,-0.17842363629861355,False,0.9821576363701386,ratio
normcap-314381,4,0,256,3251,132,0.9822386503219604,0.16325759887695312,0.4313457313047602,0.31119043864582324,0.1386114988563932,0.10000000000000002,0.18795388584377137,False,1.0187953885843772,ratio
normcap-314381,4,1,122,2046,70,0.9756774306297302,0.1487780511379242,0.4340967241632283,0.27669950959355594,0.1568838068418962,0.1,0.05431323360504843,False,1.0054313233605048,ratio
normcap-314381,5,0,256,3571,139,1.0048047304153442,0.15590712428092957,0.46526032564813335,0.2797808198099902,0.166294575147828,0.1,0.0927975715243219,False,1.0092797571524321,ratio
normcap-314381,5,1,92,3109,45,0.9540468454360962,0.16977587342262268,0.5096890647345896,0.3332842068275104,0.15292925806063673,0.1,0.4850705236768397,False,1.048507052367684,ratio
normcap-314381,6,0,256,4187,141,0.9879478216171265,0.1640005111694336,0.4246366848066052,0.27939997140194117,0.1519816493451706,0.1,0.24473843803785003,False,1.024473843803785,ratio
normcap-314381,6,1,113,1430,53,0.9643912315368652,0.16543453931808472,0.498766893590496,0.3373420847325246,0.14785196278903762,0.1,0.45141837303596416,False,1.0451418373035963,ratio
normcap-314381,7,0,256,3236,140,0.993078351020813,0.167542964220047,0.36303296612716585,0.31758323643348046,0.11431112366134133,0.1,-0.02986206094199377,False,0.9970137939058006,ratio
normcap-314381,7,1,110,1152,60,0.9955600500106812,0.1567104458808899,0.41296464246483305,0.27655535533253517,0.1493244063085587,0.09999999999999999,0.22748707629485168,False,1.0227487076294852,ratio
normcap-314381,8,0,256,5211,128,1.0010840892791748,0.15974509716033936,0.4146733978178167,0.32228346850166634,0.1286672877593387,0.1,-0.2130965046737817,False,0.9786903495326218,ratio
normcap-314381,8,1,122,902,67,0.9917818307876587,0.1843145489692688,0.55848907688376,0.3649417491133044,0.15303512909682596,0.1,0.36118956008265535,False,1.0361189560082655,ratio
normcap-314381,9,0,256,3425,132,0.951587975025177,0.17044661939144135,0.46328314558574896,0.3152239620388966,0.14696952052413542,0.1,0.37836221642740153,False,1.0378362216427401,ratio
normcap-314381,9,1,89,2693,48,0.9713566303253174,0.15115097165107727,0.5032938536602483,0.3005084225213057,0.16748078121656151,0.10000000000000002,0.057722912689950896,False,1.005772291268995,ratio
normcap-314381,10,0,256,3181,136,0.9396311044692993,0.1489495187997818,0.47435286130981313,0.31464417851953563,0.15075850554163725,0.1,0.5591386254674813,False,1.0559138625467481,ratio
normcap-314381,10,1,94,1462,49,0.9063624739646912,0.14454762637615204,0.7999221128577656,0.29878994732199476,0.26772055754463503,0.1,0.3978995642642898,False,1.039789956426429,ratio
normcap-314381,11,0,256,4869,117,0.9841103553771973,0.1599980741739273,0.4880865907352544,0.391471095077135,0.1246801096870466,0.1,-0.016567909191577163,False,0.9983432090808423,ratio
normcap-314381,11,1,90,800,44,0.9723303914070129,0.12394700944423676,0.6606941899733276,0.2927134608587723,0.22571363408944756,0.1,-0.21100410965186017,False,0.978899589034814,ratio
normcap-314381,12,0,256,3349,123,1.064296007156372,0.14287692308425903,0.736978311324446,0.3683606846594072,0.2000697528309432,0.1,-0.5626011918454304,False,0.9437398808154569,ratio
normcap-314381,12,1,119,612,76,1.0676342248916626,0.09694615751504898,0.9061923315888777,0.22679841128694972,0.39955850062915377,0.1,-0.2667403443110154,False,0.9733259655688985,ratio
normcap-314381,13,0,256,6699,128,0.9447206854820251,0.12723779678344727,0.5988913319417555,0.31187579346544664,0.19202879623554622,0.1,0.07976949300509725,False,1.0079769493005097,ratio
normcap-314381,13,1,81,286,51,0.9585588574409485,0.0952061265707016,0.8417532714671806,0.2700254930068864,0.3117310377230618,0.1,0.1649164371813604,False,1.016491643718136,ratio
normcap-314381,14,0,256,3974,128,0.9269646406173706,0.1328459233045578,0.5780820465889807,0.33930523753667924,0.17037227329168164,0.1,-0.011064115263231542,False,0.9988935884736768,ratio
normcap-314381,14,1,81,977,48,0.906170129776001,0.09903617948293686,0.8049400922439605,0.20796676987761628,0.3870522645120898,0.1,0.07603261187659621,False,1.0076032611876595,ratio
normcap-314381,15,0,256,6644,125,0.8197565078735352,0.12019757926464081,0.7229354278179754,0.2858085590003395,0.2529439392391033,0.1,0.4209738396752276,False,1.0420973839675227,ratio
normcap-314381,15,1,83,298,39,0.8104438781738281,0.13159020245075226,1.0345918211105463,0.4116433731016589,0.251332072545,0.1,0.07956282404588054,False,1.007956282404588,ratio
normcap-314381,16,0,256,4821,139,0.8472961187362671,0.10687103122472763,0.7722735668929487,0.300790097344513,0.25674833503857586,0.1,0.1554777928025548,False,1.0155477792802554,ratio
normcap-314381,16,1,104,1766,54,0.8344594836235046,0.10193268954753876,0.8974646337085218,0.29989085500731427,0.29926375503735614,0.1,0.0880770456820274,False,1.0088077045682027,ratio
normcap-314381,17,0,256,3578,137,1.100872278213501,0.10741172730922699,1.0530079438676294,0.3090779560226938,0.3406933180929646,0.09999999999999999,-0.36125839291784145,False,0.9638741607082159,ratio
normcap-314381,17,1,77,880,37,1.219983696937561,0.11627928167581558,2.422338169760589,0.29927624952715115,0.8093987323042914,0.1,0.21940612480605598,False,1.0219406124806056,ratio
normcap-314381,18,0,256,2725,129,0.8697621822357178,0.12201648950576782,1.1914985067655985,0.3078102949659431,0.38708858223778025,0.09999999999999999,0.3419079784799619,False,1.0341907978479963,ratio
normcap-314381,18,1,106,2447,53,0.8853520750999451,0.11066513508558273,0.913647602728979,0.30250423960709283,0.30202803237259385,0.1,-0.017053407709870263,False,0.998294659229013,ratio
normcap-314381,19,0,256,2338,132,1.155470371246338,0.10013607144355774,1.139919681378826,0.30644878192712255,0.3719772270623394,0.1,-0.5730607078059856,False,0.9426939292194014,ratio
normcap-314381,19,1,88,1880,45,1.0064005851745605,0.11049336940050125,1.6235129305775162,0.27666164016587297,0.5868225640548276,0.10000000000000002,-0.22672483475770677,False,0.9773275165242293,ratio
normcap-314381,20,0,256,4374,133,1.2309690713882446,0.10964147746562958,1.391435317854885,0.30538726237235064,0.4556297820170197,0.1,-0.4906824372605464,False,0.9509317562739453,ratio
normcap-314381,20,1,101,1781,53,1.2960149049758911,0.09627117961645126,1.6560483765198943,0.31073030150408176,0.532953615564313,0.10000000000000002,-0.6305107594547287,False,0.9369489240545271,ratio
normcap-314381,21,0,256,4053,129,0.8508747816085815,0.10860325396060944,0.97545109469684,0.29175395232147,0.33434031893492094,0.1,0.0969678240382899,False,1.009696782403829,ratio
normcap-314381,21,1,77,1350,36,0.8767969608306885,0.1307261884212494,1.1587651558410146,0.3348259712603869,0.3460798311072077,0.1,-0.015170760054071891,False,0.9984829239945928,ratio
normcap-314381,22,0,256,4029,145,0.9704272747039795,0.11226366460323334,0.7439970040307949,0.22926002371987236,0.32452103596563703,0.1,-0.2901050640520777,False,0.9709894935947923,ratio
normcap-314381,22,1,131,1764,68,0.9440772533416748,0.1243119090795517,0.906971809595254,0.30063260832781363,0.3016877692144029,0.1,0.003634496887757065,False,1.0003634496887757,ratio
normcap-314381,23,0,256,4326,132,0.8418526649475098,0.1257486641407013,0.7659121779398311,0.2501279248058242,0.3062081846856617,0.1,0.31991993439695465,False,1.0319919934396955,ratio
normcap-314381,23,1,90,951,44,0.8136213421821594,0.1283462643623352,0.9460827093683732,0.2966305370350451,0.3189431266331825,0.1,0.1565525015758605,False,1.015655250157586,ratio
normcap-314381,24,0,256,4319,138,0.8278189897537231,0.11609773337841034,0.7468784548308081,0.217546266677936,0.34331936200795216,0.1,0.39101065994355116,False,1.0391010659943551,ratio
normcap-314381,24,1,57,621,21,0.8964675664901733,0.1654134839773178,1.1392369280786314,0.33831294819816937,0.3367405634771374,0.1,-0.11735473861549377,False,0.9882645261384506,ratio
normcap-314381,25,0,256,3009,130,0.786747932434082,0.1303929090499878,1.0049639116964137,0.23970472058008807,0.41925078040365243,0.1,0.34480281974004107,False,1.034480281974004,ratio
normcap-314381,25,1,76,730,47,0.8160974979400635,0.09974991530179977,0.9489719467763557,0.15884524169564646,0.5974191840096931,0.1,0.28373207105186427,False,1.0283732071051865,ratio
normcap-314381,26,0,256,2053,125,0.914844274520874,0.13821695744991302,0.8509528169634134,0.2643600790655905,0.3218915730284235,0.1,-0.12466075833906665,False,0.9875339241660933,ratio
normcap-314381,26,1,93,1940,47,0.8485804796218872,0.13923613727092743,1.2396967994544688,0.2562350686302051,0.4838123080036254,0.1,0.20885793080223244,False,1.0208857930802233,ratio
normcap-314381,27,0,256,2473,139,0.801303505897522,0.12433202564716339,0.8297934588213222,0.22910048203632163,0.36219629546207877,0.1,0.16328935638194306,False,1.0163289356381944,ratio
normcap-314381,27,1,125,1118,60,0.7591742873191833,0.1301712691783905,0.9650739879690019,0.2924974778321944,0.32994266997497473,0.1,0.11377149731979116,False,1.011377149731979,ratio
normcap-314381,28,0,256,4283,135,0.6596839427947998,0.12169904261827469,0.9693737823710323,0.26314015289175324,0.3683868735797989,0.1,0.45007283522726726,False,1.0450072835227266,ratio
normcap-314381,28,1,79,702,34,0.6363328695297241,0.13010457158088684,1.5603666430788683,0.26710293933504065,0.5841817566528619,0.1,0.2874316422681057,False,1.0287431642268106,ratio
normcap-314381,29,0,256,4427,128,1.1193625926971436,0.12037332355976105,1.0413745888222161,0.2758008938027789,0.37758202102379246,0.09999999999999999,-0.47657163612834336,False,0.9523428363871657,ratio
normcap-314381,29,1,100,2503,56,1.1864365339279175,0.0925651341676712,1.5980924207283067,0.23878270187390727,0.6692664117571645,0.1,-0.03755077648343816,False,0.9962449223516562,ratio
normcap-314381,30,0,256,4801,137,1.4606826305389404,0.10905121266841888,1.7997011060811468,0.24261880883959971,0.7417813625781035,0.1,-0.2976034714811706,False,0.970239652851883,ratio
normcap-314381,30,1,113,917,67,1.293657660484314,0.08679381757974625,1.6851800941010509,0.25943735900118287,0.649551822678463,0.1,-0.5196450998786883,False,0.9480354900121312,ratio
normcap-314381,31,0,256,5933,128,0.9498796463012695,0.1048574447631836,1.112558737768358,0.2799434080222021,0.3974227311257573,0.1,-0.28546577206890156,False,0.9714534227931099,ratio
normcap-314381,31,1,91,499,60,0.8680998086929321,0.06649546325206757,2.0221732980422864,0.17022180392695674,1.0,0.08417765385971246,-0.19577236172301266,True,0.9835203418995818,cap
normcap-314381,32,0,256,4293,125,0.977134108543396,0.11145567893981934,1.060552653971126,0.28859851961147787,0.3674837471096116,0.1,-0.37271230135566163,False,0.9627287698644338,ratio
normcap-314381,32,1,102,1100,59,1.0288935899734497,0.09963305294513702,1.652648252456229,0.2503115066580365,0.6602366285597879,0.10000000000000002,-0.003165197208031325,False,0.9996834802791968,ratio
normcap-314381,33,0,256,3631,130,0.9648926258087158,0.1148432046175003,1.0280445998140564,0.30049470432238623,0.34211737678781756,0.1,-0.20899074450514857,False,0.9791009255494851,ratio
normcap-314381,33,1,138,2751,71,0.9343319535255432,0.10984502732753754,1.4896922017648873,0.31218366631825334,0.47718454310362013,0.1,0.11279787154269068,False,1.0112797871542691,ratio
normcap-314381,34,0,256,4130,123,0.8696609139442444,0.11687575280666351,1.076750749128267,0.2854808231866391,0.3771709556912405,0.1,-0.004425691462551966,False,0.9995574308537448,ratio
normcap-314381,34,1,77,1272,46,0.9457443952560425,0.09132726490497589,1.469311105942583,0.2952512530706431,0.4976477121304645,0.1,-0.006720761170084975,False,0.9993279238829915,ratio
normcap-314381,35,0,256,3060,123,0.8922131657600403,0.12454213947057724,0.7427733169397057,0.2865307044608908,0.25922992034561815,0.1,-0.1554673418431411,False,0.9844532658156859,ratio
normcap-314381,35,1,78,1220,44,0.9103352427482605,0.08820582926273346,1.2259400966081087,0.24625930343809396,0.4978248860012277,0.1,-0.3091493748286719,False,0.9690850625171328,ratio
normcap-314381,36,0,256,2602,140,0.9714933037757874,0.1153561994433403,0.8210604529657213,0.2642648879996299,0.31069600626129007,0.1,-0.23761477770927295,False,0.9762385222290727,ratio
normcap-314381,36,1,98,2301,46,0.9124011397361755,0.1324794590473175,1.1630722586792064,0.28383563885613455,0.4097696340623114,0.1,0.021558869949725157,False,1.0021558869949725,ratio
normcap-314381,37,0,256,6432,126,0.9681293964385986,0.12774032354354858,1.2343685248059735,0.26951131899363673,0.45800247997566196,0.1,0.14921128471802989,False,1.014921128471803,ratio
normcap-314381,37,1,88,1971,44,1.0052437782287598,0.1238444447517395,1.2120706477332235,0.2586073888808521,0.4686914217643099,0.1,-0.06114214396040283,False,0.9938857856039597,ratio
normcap-314381,38,0,256,4177,137,0.8619230389595032,0.11774376034736633,1.2107823066056136,0.2315469967596569,0.5229099593385751,0.1,0.2018247061954933,False,1.0201824706195493,ratio
normcap-314381,38,1,101,1569,55,0.8392665982246399,0.11580893397331238,0.9668778083652916,0.2442812798721235,0.3958051181291638,0.1,-0.14126978528395978,False,0.985873021471604,ratio
normcap-314381,39,0,256,3841,138,0.9172177910804749,0.12898622453212738,0.6656465153220924,0.27150066043778454,0.245173074072366,0.09999999999999999,-0.07879591565689852,False,0.9921204084343102,ratio
normcap-314381,39,1,86,1739,45,0.9374495148658752,0.11416522413492203,0.9220991483340994,0.2896088140760508,0.3183947115960213,0.1,0.09133635219940645,False,1.0091336352199407,ratio
normcap-314381,40,0,256,5607,146,0.9531567096710205,0.1022992730140686,0.9076173790539774,0.2411308277929664,0.3764003911740612,0.1,0.10601315955739612,False,1.0106013159557397,ratio
normcap-314381,40,1,89,639,49,0.9442747235298157,0.1370774805545807,0.9920645219908203,0.2913569714730639,0.34049795238297126,0.1,0.1203406666352264,False,1.0120340666635226,ratio
normcap-314381,41,0,256,2683,133,1.0892176628112793,0.1207229420542717,1.0333287666691986,0.28792902111620633,0.35888315900332735,0.1,-0.41752282897233145,False,0.9582477171027668,ratio
normcap-314381,41,1,111,2102,61,0.979429304599762,0.12998491525650024,1.2830118490900464,0.28217053622824473,0.45469377002999056,0.09999999999999999,0.008256076115010712,False,1.000825607611501,ratio
normcap-314381,42,0,256,3441,140,0.7513624429702759,0.1361268013715744,0.8432264884732777,0.2660359062288381,0.3169596542159814,0.1,0.3559975358375328,False,1.0355997535837533,ratio
normcap-314381,42,1,114,1976,63,0.7399887442588806,0.10593632608652115,1.0286230920591908,0.21825844330385985,0.4712867353439059,0.1,0.4598044029526348,False,1.0459804402952635,ratio
normcap-314381,43,0,256,5118,132,1.0244301557540894,0.1294671893119812,0.8653559487126627,0.23765595415345864,0.36412129954627065,0.1,-0.38557792281042347,False,0.9614422077189576,ratio
normcap-314381,43,1,87,507,54,1.1575037240982056,0.10641413927078247,1.3149007311134262,0.2272409759254641,0.5786371607313985,0.09999999999999999,-0.3459249060767277,False,0.9654075093923272,ratio
normcap-314381,44,0,256,4155,141,0.6209059357643127,0.13477632403373718,0.9302858398874531,0.22422245603789012,0.4148941441129559,0.1,0.32337137550945605,False,1.0323371375509456,ratio
normcap-314381,44,1,108,882,56,0.6390876770019531,0.13137799501419067,1.2653657387573067,0.1995771111730038,0.6340234766001909,0.09999999999999999,0.26949934868601544,False,1.0269499348686015,ratio
normcap-314381,45,0,256,2763,133,1.0241992473602295,0.12013374269008636,0.9047967935997866,0.2502288500900562,0.3615877199108554,0.1,-0.12764456513723144,False,0.9872355434862768,ratio
normcap-314381,45,1,106,1577,52,1.006359577178955,0.14600825309753418,1.1623879130684072,0.32373923410590966,0.35905067740048396,0.1,-0.15629415107537517,False,0.9843705848924624,ratio
normcap-314381,46,0,256,3864,136,0.9277575016021729,0.12426996231079102,0.9294007908363393,0.27848608745829473,0.3337332932208054,0.1,-0.11830646638283868,False,0.9881693533617162,ratio
normcap-314381,46,1,110,769,67,0.8744537234306335,0.09700972586870193,0.8513079509921209,0.22042538774177572,0.3862113886760687,0.1,0.11221209491457257,False,1.0112212094914572,ratio
normcap-314381,47,0,256,3293,142,0.7438712120056152,0.10924827307462692,0.9477154598700968,0.2406221368701487,0.3938604619663609,0.1,0.299761066280641,False,1.0299761066280642,ratio
normcap-314381,47,1,112,1587,61,0.7268452048301697,0.1165880411863327,0.9285117260891297,0.24215628176920131,0.38343491207636415,0.1,0.04097345186866652,False,1.0040973451868667,ratio
normcap-314381,48,0,256,5424,139,1.2029170989990234,0.10136257112026215,1.1397328791480565,0.2648883516653672,0.43026915754599815,0.1,-0.6369722178879166,False,0.9363027782112083,ratio
normcap-314381,48,1,88,340,48,1.206372857093811,0.11317680031061172,1.2435902119799314,0.29653608009226107,0.4193723109825334,0.1,-0.28425722571851647,False,0.9715742774281484,ratio
normcap-314381,49,0,256,5456,135,1.0152113437652588,0.11594995856285095,0.9321207541051708,0.2525601801576346,0.36906877146008954,0.1,-0.49017940877013244,False,0.9509820591229867,ratio
normcap-314381,49,1,119,1124,72,0.9910243153572083,0.08957423269748688,1.5523530812062067,0.24380318597423578,0.6367238701180279,0.10000000000000002,0.025205502201119844,False,1.002520550220112,ratio
normcap-314381,50,0,256,4331,134,0.9945589900016785,0.11733013391494751,0.7950328036475117,0.28242718259053173,0.28150010078886967,0.10000000000000002,-0.23141162410298102,False,0.9768588375897019,ratio
normcap-314381,50,1,121,2021,67,0.909074604511261,0.1224050223827362,0.7658821415141139,0.34811654548022536,0.2200073944941579,0.1,-0.07105372099152665,False,0.9928946279008474,ratio
normcap-314381,51,0,256,2458,133,0.9725567102432251,0.12906694412231445,0.6759095495662137,0.29808489878477895,0.22675068489606007,0.1,-0.43983123485016146,False,0.9560168765149839,ratio
normcap-314381,51,1,110,1327,57,0.8839119076728821,0.13869035243988037,0.7124803456947543,0.3310540622261362,0.21521570854734706,0.1,0.060381668324688775,False,1.006038166832469,ratio
normcap-314381,52,0,256,3041,140,0.9978370070457458,0.13223518431186676,0.8726927346839565,0.2674422374425609,0.32631073648992576,0.1,-0.4194947179433078,False,0.9580505282056693,ratio
normcap-314381,52,1,103,761,55,0.9368465542793274,0.13274015486240387,0.7636658769554914,0.2553934553188047,0.299015445012957,0.1,-0.0026592476764941107,False,0.9997340752323506,ratio
normcap-314381,53,0,256,2600,134,0.7604483962059021,0.15326425433158875,0.9514606656579963,0.26473320021439145,0.35940360517209996,0.1,0.49068907954832675,False,1.0490689079548328,ratio
normcap-314381,53,1,95,1107,48,0.7614410519599915,0.15176357328891754,0.9068400680334158,0.2704703789459972,0.33528258124505306,0.1,0.3865277894344248,False,1.0386527789434425,ratio
normcap-314381,54,0,256,4535,132,0.9865228533744812,0.14172644913196564,0.8150269839882862,0.28932654012751996,0.2816979678494289,0.1,-0.23160397458347745,False,0.9768396025416523,ratio
normcap-314381,54,1,96,749,51,1.0124309062957764,0.12365245819091797,0.9041913849005435,0.32527396262287556,0.27797840860347867,0.1,-0.26707744279255324,False,0.9732922557207446,ratio
normcap-314381,55,0,256,4707,146,0.9770261645317078,0.1407894641160965,0.86644694242929,0.29462030891884,0.29408934693228256,0.1,-0.10196376681547012,False,0.989803623318453,ratio
normcap-314381,55,1,118,936,63,0.9286308884620667,0.13335955142974854,0.8094310292488425,0.2996133115775311,0.27015856704997754,0.1,-0.07061320001107098,False,0.9929386799988928,ratio
normcap-314381,56,0,256,4910,142,0.8010292053222656,0.13647794723510742,0.8365806692388031,0.23712652592550998,0.3527992770836627,0.1,0.3493207460383094,False,1.0349320746038309,ratio
normcap-314381,56,1,69,658,34,0.8613242506980896,0.15888741612434387,0.8774024416595413,0.3013407088786249,0.2911662499649009,0.1,0.10119617051280826,False,1.0101196170512807,ratio
normcap-314381,57,0,256,3025,132,0.9484899640083313,0.13651823997497559,0.7081569542377653,0.2785940908701212,0.25418950991602457,0.1,-0.4958568972648935,False,0.9504143102735106,ratio
normcap-314381,57,1,99,1352,55,0.9272635579109192,0.13833361864089966,1.5110084252371256,0.29170542174268227,0.5179912036636772,0.10000000000000002,-0.09013665655145868,False,0.9909863343448542,ratio
normcap-314381,58,0,256,4623,144,0.8264387845993042,0.1296921819448471,0.6433444354469899,0.2638893806799163,0.24379322646079965,0.1,0.33905615980104037,False,1.033905615980104,ratio
normcap-314381,58,1,121,1276,67,0.7815201282501221,0.13900364935398102,0.7240542205229242,0.23692315842892708,0.30560719573562845,0.1,0.26783281701371753,False,1.0267832817013718,ratio
normcap-314381,59,0,256,3683,138,0.8207288980484009,0.1386827528476715,0.6968221632881858,0.25463050631733464,0.2736601255545428,0.1,0.12466673314263504,False,1.0124666733142635,ratio
normcap-314381,59,1,96,1169,52,0.7877672910690308,0.12688207626342773,0.8298658918566046,0.21567442650962795,0.38477714084453984,0.1,-0.00940109607200505,False,0.9990598903927995,ratio
normcap-314381,60,0,256,3479,133,0.9066886305809021,0.1393645852804184,0.691240165917301,0.2967629728448439,0.23292668869397704,0.1,-0.27184309463391026,False,0.972815690536609,ratio
normcap-314381,60,1,109,1144,53,0.908677339553833,0.1432095766067505,0.9557468684981456,0.3146580991156082,0.3037413850730077,0.1,0.036846434384284574,False,1.0036846434384286,ratio
normcap-314381,61,0,256,3824,142,1.0638790130615234,0.12299945950508118,0.99813881762675,0.27091982590571906,0.36842590396987246,0.1,-0.4193081955878002,False,0.95806918044122,ratio
normcap-314381,61,1,91,3972,42,0.9968463182449341,0.1351965218782425,1.8299453391267997,0.3030158172690059,0.6039108306686988,0.1,-0.25607782723900707,False,0.9743922172760993,ratio
normcap-314381,62,0,256,3399,137,0.9345229864120483,0.1204291582107544,0.8468631828968134,0.2466720401493962,0.34331543306809853,0.1,-0.45206322031666946,False,0.954793677968333,ratio
normcap-314381,62,1,101,1065,57,0.8757064938545227,0.13962392508983612,0.8858626803037506,0.2600838551537302,0.34060656313331533,0.1,-0.2946923145350792,False,0.9705307685464921,ratio
normcap-314381,63,0,256,5921,141,0.9557819366455078,0.13127517700195312,0.8875899117677997,0.2771947786422384,0.32020441226036517,0.1,-0.3788007596548419,False,0.9621199240345158,ratio
normcap-314381,63,1,101,1048,55,0.9790143966674805,0.13095974922180176,1.0264021129677465,0.29118884213028906,0.35248675926548545,0.09999999999999999,-0.1345813421360445,False,0.9865418657863956,ratio
normcap-314381,64,0,256,3189,137,0.8362794518470764,0.1321917474269867,0.8656441909531752,0.25540004644204545,0.3389365832200835,0.10000000000000002,-0.04332936014935736,False,0.9956670639850642,ratio
normcap-314381,64,1,94,2110,51,0.8192218542098999,0.14589539170265198,0.7739914128744164,0.13853305732659507,0.5587052129007106,0.1,-0.03121478666981172,False,0.9968785213330188,ratio
normcap-314381,65,0,256,3230,146,0.9591447114944458,0.12526163458824158,0.8835912069859957,0.2525830000876041,0.34982212052257566,0.10000000000000002,-0.23676072835917916,False,0.9763239271640821,ratio
normcap-314381,65,1,98,1250,45,0.9188937544822693,0.1745276153087616,0.7945275449192298,0.31218750896447073,0.25450331038377744,0.1,-0.10662443337593172,False,0.9893375566624069,ratio
normcap-314381,66,0,256,5899,131,0.8897722959518433,0.14643725752830505,0.5941554338301273,0.25529999136280174,0.23272834074866255,0.1,0.056786983745701916,False,1.0056786983745702,ratio
normcap-314381,66,1,115,584,66,0.8703529238700867,0.1430962085723877,0.8548268100171372,0.25613436629884034,0.3337415522834538,0.1,0.13580433155114882,False,1.0135804331551148,ratio
normcap-314381,67,0,256,5018,137,0.7297261953353882,0.14793147146701813,0.6280690171252741,0.22230495159007427,0.2825258783634385,0.1,0.30894932583356133,False,1.030894932583356,ratio
normcap-314381,67,1,89,2544,36,0.622275710105896,0.20426243543624878,1.0065682521356334,0.27190718065869635,0.37018818322385505,0.1,0.3825488538694235,False,1.0382548853869424,ratio
normcap-314381,68,0,256,4242,134,0.973591685295105,0.14853692054748535,0.7148810916745333,0.28869946934211205,0.24762120044889704,0.1,-0.24290035851237443,False,0.9757099641487625,ratio
normcap-314381,68,1,86,1574,45,0.9872221946716309,0.1565801203250885,1.0438832413064751,0.3469523268991467,0.30087224104708626,0.1,-0.2692921146178405,False,0.9730707885382159,ratio
normcap-314381,69,0,256,4114,126,0.7108121514320374,0.15316013991832733,0.7085025580735909,0.2501899430592175,0.2831858664702183,0.09999999999999999,0.4192039757223374,False,1.0419203975722338,ratio
normcap-314381,69,1,88,485,43,0.6867451071739197,0.13609227538108826,0.8954579611001731,0.24912528587549201,0.3594408162757536,0.1,0.1575886130386673,False,1.0157588613038668,ratio
normcap-314381,70,0,256,5414,137,0.7774913311004639,0.129497230052948,0.628580247264858,0.27762741086731196,0.22641145026031992,0.1,0.35450052922878816,False,1.0354500529228787,ratio
normcap-314381,70,1,110,531,54,0.7722549438476562,0.14340892434120178,0.8380447757124908,0.3693202567686379,0.2269154643844752,0.10000000000000002,0.2776414983048212,False,1.0277641498304821,ratio
normcap-314381,71,0,256,5000,134,0.9146069288253784,0.12571634352207184,0.7414804609437556,0.27104960487935925,0.27355895289859555,0.1,-0.139773063795189,False,0.9860226936204811,ratio
normcap-314381,71,1,94,1246,49,1.0177286863327026,0.11615150421857834,1.4161126398612924,0.26875456916541024,0.5269166750388227,0.1,-0.37514100859034816,False,0.9624858991409652,ratio
normcap-314381,72,0,256,4410,128,0.8819868564605713,0.1255013346672058,0.7708906473999937,0.2968571740597638,0.2596840213956887,0.10000000000000002,-0.05030851276412018,False,0.994969148723588,ratio
normcap-314381,72,1,99,1278,51,0.9116056561470032,0.11391676217317581,1.2188286796980392,0.3389850178642461,0.3595523741365306,0.1,0.044355780133016304,False,1.0044355780133016,ratio
normcap-314381,73,0,256,3853,136,0.931503176689148,0.11858277767896652,0.858052153740765,0.23846597336669476,0.3598216305775911,0.1,-0.22146115243140266,False,0.9778538847568597,ratio
normcap-314381,73,1,94,300,54,0.8541305661201477,0.11258901655673981,0.9326366957485543,0.2759073525051991,0.3380253143964259,0.1,0.03458166190590923,False,1.003458166190591,ratio
normcap-314381,74,0,256,3331,142,0.8760496973991394,0.09860876947641373,0.8394035179209832,0.2015032836580616,0.4165706397844108,0.1,-0.3019017096189797,False,0.969809829038102,ratio
normcap-314381,74,1,82,1857,41,0.9628848433494568,0.12187173962593079,1.302921061237991,0.2832037658283042,0.4600648785256278,0.1,-0.04109323874067071,False,0.995890676125933,ratio
normcap-314381,75,0,256,2887,139,0.9277095794677734,0.11511565744876862,1.112372723127259,0.24512604567606192,0.4537962173947349,0.1,-0.07418409877007733,False,0.9925815901229923,ratio
normcap-314381,75,1,79,1993,38,0.941892147064209,0.12468717992305756,1.1754754165778436,0.3082727810745593,0.3813101541045693,0.1,-0.026083758908809814,False,0.997391624109119,ratio
normcap-314381,76,0,256,3600,139,0.7446801662445068,0.11429055035114288,0.9321538501524731,0.24830389868141292,0.3754084632188865,0.1,0.17850064403989885,False,1.0178500644039898,ratio
normcap-314381,76,1,116,691,62,0.6862394213676453,0.1267775297164917,1.0453999180883355,0.23563598193759056,0.44365037524923306,0.1,0.06484443507581916,False,1.006484443507582,ratio
normcap-314381,77,0,256,5215,139,1.0100334882736206,0.12227565050125122,0.9721288376346604,0.26510022251802046,0.3667023846306198,0.1,-0.4191455854565068,False,0.9580854414543494,ratio
normcap-314381,77,1,117,1046,57,1.108829140663147,0.1266145408153534,1.353220486621187,0.27054241302628046,0.5001879267225045,0.09999999999999999,-0.3070410166409403,False,0.969295898335906,ratio
normcap-314381,78,0,256,3332,131,1.099651575088501,0.11928139626979828,1.7076646561524842,0.2682968809199727,0.6364832309257612,0.10000000000000002,0.14392157680861228,False,1.0143921576808612,ratio
normcap-314381,78,1,100,1062,51,1.0502699613571167,0.1185423955321312,1.540007659591709,0.3499711042140161,0.44003851776572833,0.1,-0.37408701711801484,False,0.9625912982881986,ratio
normcap-314381,79,0,256,4030,135,1.1405973434448242,0.11035551130771637,1.3666355652601785,0.2181679111958773,0.6264145619624027,0.1,-0.35176537395450486,False,0.9648234626045495,ratio
normcap-314381,79,1,104,910,54,1.1687078475952148,0.12311723828315735,1.5200701679202286,0.28449196142894406,0.534310410840866,0.10000000000000002,-0.34854698066815903,False,0.965145301933184,ratio
normcap-314381,80,0,256,1876,136,1.2066987752914429,0.12746527791023254,1.3109547072695786,0.2709921030982898,0.4837612211873535,0.1,-0.6070849192898149,False,0.9392915080710185,ratio
normcap-314381,80,1,112,3403,66,1.2150778770446777,0.1239112988114357,1.6682253234543754,0.2555299333983745,0.6528492772913577,0.1,-0.44276402805560566,False,0.9557235971944394,ratio
normcap-314381,81,0,256,5631,131,0.6945750117301941,0.1699051856994629,0.8290833439363657,0.22854170851918046,0.3627711323715709,0.1,0.5456918407977207,False,1.0545691840797722,ratio
normcap-314381,81,1,91,1181,53,0.6816186308860779,0.1514243185520172,0.8924295994668595,0.20127611514678265,0.44338574341821246,0.1,0.561261436991357,False,1.0561261436991358,ratio
normcap-314381,82,0,256,4553,146,0.8982096910476685,0.14145079255104065,0.4835763354427807,0.22176219049010765,0.2180607678766377,0.1,0.00464775616064128,False,1.000464775616064,ratio
normcap-314381,82,1,101,771,50,0.9151753783226013,0.1811310350894928,0.666955313544385,0.30641775921684483,0.21766209479797022,0.09999999999999999,-0.1662118685597525,False,0.9833788131440248,ratio
normcap-314381,83,0,256,2532,134,0.9045466184616089,0.1695997714996338,0.5589542363460336,0.2156951561280647,0.2591408385704154,0.1,-0.34975123505121286,False,0.9650248764948787,ratio
normcap-314381,83,1,120,2219,65,0.9750243425369263,0.14965274930000305,0.674890321823257,0.2531569300103208,0.26658970852417224,0.09999999999999999,-0.4170441464028374,False,0.9582955853597163,ratio
normcap-314381,84,0,256,6488,133,0.972628116607666,0.17033325135707855,0.5912076671182583,0.23415560399551688,0.2524849531807821,0.1,-0.5101489841207115,False,0.9489851015879288,ratio
normcap-314381,84,1,69,1063,40,0.9421840310096741,0.1421264261007309,0.6814261050081059,0.1836851862295101,0.37097499204790574,0.1,-0.3747714107921397,False,0.962522858920786,ratio
normcap-314381,85,0,256,3524,140,1.0055272579193115,0.16373752057552338,0.47869361121632314,0.22818576758298686,0.20978241381431964,0.1,-0.1809907275888361,False,0.9819009272411164,ratio
normcap-314381,85,1,70,3287,35,1.0152058601379395,0.17678436636924744,0.6756465685494076,0.24646981559593534,0.27412953870873513,0.1,-0.20518991048851323,False,0.9794810089511486,ratio
normcap-314381,86,0,256,5416,134,0.913296103477478,0.16741515696048737,0.4661170113288032,0.20332433417828347,0.22924802051489415,0.1,-0.08626607590969922,False,0.9913733924090301,ratio
normcap-314381,86,1,101,501,55,0.8638451099395752,0.1733691543340683,0.8009956678400466,0.20527394714441935,0.39020814817601307,0.1,0.4378608093500159,False,1.0437860809350017,ratio
normcap-314381,87,0,256,4358,128,0.918979823589325,0.1774340122938156,0.4626038106739536,0.20942570145107547,0.22089161333525428,0.1,0.3980506233907812,False,1.0398050623390782,ratio
normcap-314381,87,1,117,1054,65,0.8523871898651123,0.1437244862318039,0.5826715987161244,0.16540584786294182,0.35226783468921624,0.1,0.3722497383193268,False,1.0372249738319326,ratio
normcap-314381,88,0,256,2326,140,0.824876070022583,0.17215004563331604,0.38705141195755005,0.17885327011128835,0.21640723242952956,0.1,0.32217751337598155,False,1.032217751337598,ratio
normcap-314381,88,1,120,1014,64,0.8502956628799438,0.1745782196521759,0.5278837431164923,0.20534794658971575,0.25706794340203537,0.1,0.4127750400480652,False,1.0412775040048066,ratio
normcap-314381,89,0,256,5505,122,0.8225637674331665,0.18838199973106384,0.6011339173344772,0.22955628340659087,0.2618677687291821,0.1,0.4910689464655607,False,1.049106894646556,ratio
normcap-314381,89,1,97,631,59,0.8586181402206421,0.12934735417366028,0.528361073978864,0.18045670471449726,0.29279104637025843,0.1,0.39610934549666804,False,1.039610934549667,ratio
normcap-314381,90,0,256,2423,119,0.8321378231048584,0.1949930191040039,0.35377981674165054,0.2236943198082906,0.15815324101427572,0.09999999999999999,-0.05579354313139286,False,0.9944206456868607,ratio
normcap-314381,90,1,77,757,42,0.7963281273841858,0.1621253788471222,0.6055521704542512,0.25080210252291296,0.2414462097258251,0.1,0.3559568439659627,False,1.0355956843965963,ratio
normcap-314381,91,0,256,3808,138,0.9854196310043335,0.16777482628822327,0.6507063634130169,0.2335195539410649,0.27865176702814387,0.1,-0.3596754617241673,False,0.9640324538275833,ratio
normcap-314381,91,1,91,1331,46,0.9812251925468445,0.14746597409248352,0.8817374040853194,0.2408840217731399,0.36604229603727034,0.1,-0.24526240333273963,False,0.975473759666726,ratio
normcap-314381,92,0,256,5881,132,0.8271850347518921,0.15481743216514587,0.5206368933898914,0.20685580715510934,0.2516907311185591,0.1,0.30675785071719014,False,1.030675785071719,ratio
normcap-314381,92,1,79,540,38,0.8325963020324707,0.18743228912353516,0.8438316814468637,0.2956749488815871,0.28539167238845264,0.10000000000000002,0.21853270390460028,False,1.02185327039046,ratio
normcap-314381,93,0,256,3508,131,0.8289127349853516,0.15820318460464478,0.5219949451963606,0.22486408659564888,0.23213797858926807,0.1,0.08096570764973482,False,1.0080965707649734,ratio
normcap-314381,93,1,92,514,55,0.7996851205825806,0.127509206533432,0.660606721190703,0.21025073687284118,0.31419947963855904,0.1,0.10985346756733182,False,1.0109853467567331,ratio
normcap-314381,94,0,256,3531,140,0.8456127047538757,0.14193114638328552,0.5955959963505323,0.23015027622648337,0.25878569694368986,0.10000000000000002,-0.005366727479885071,False,0.9994633272520115,ratio
normcap-314381,94,1,107,1655,53,0.834051251411438,0.15718820691108704,0.4848110661335632,0.24323727147371949,0.19931610940881012,0.1,-0.08965592294576244,False,0.9910344077054237,ratio
normcap-314381,95,0,256,4357,126,0.8773231506347656,0.13903500139713287,0.600475193450838,0.25851137238451294,0.2322819255153247,0.1,0.07450552093960898,False,1.007450552093961,ratio
normcap-314381,95,1,113,812,62,0.8852800726890564,0.13465295732021332,0.8950459404067519,0.2656800067892047,0.33688870729249015,0.1,-0.4008084681258456,False,0.9599191531874154,ratio
normcap-314381,96,0,256,7304,140,0.8517334461212158,0.1314377784729004,0.5188812638400534,0.19997709235735064,0.2594703511904426,0.10000000000000002,-0.03760445234901725,False,0.9962395547650983,ratio
normcap-314381,96,1,100,1359,58,0.7676756381988525,0.11255908012390137,0.8338082311434127,0.17534697717566358,0.4755190220975974,0.1,0.10434004963265525,False,1.0104340049632656,ratio
normcap-314381,97,0,256,2193,136,0.9532426595687866,0.13369643688201904,0.8043617210319322,0.23900721285965548,0.3365428647144016,0.1,-0.2270731642139094,False,0.9772926835786091,ratio
normcap-314381,97,1,116,3308,66,0.8767522573471069,0.11679673194885254,0.7914037757835255,0.22546206052430187,0.3510141679461066,0.1,0.05192719304718358,False,1.0051927193047183,ratio
normcap-314381,98,0,256,4536,137,0.7801706194877625,0.12929607927799225,0.5840466701109026,0.1918998880765303,0.30434966688359033,0.1,0.06555466351559638,False,1.0065554663515597,ratio
normcap-314381,98,1,78,824,42,0.8661453127861023,0.12394081801176071,1.001291211776547,0.23080855126850627,0.43381894053471004,0.1,0.07644029865721486,False,1.0076440298657214,ratio
normcap-314381,99,0,256,2506,141,0.9183201789855957,0.11596879363059998,0.7752279048467039,0.204278200087929,0.37949615010951576,0.1,-0.22169236609191326,False,0.9778307633908087,ratio
normcap-314381,99,1,132,1327,72,0.893659770488739,0.13445211946964264,0.7186975037437643,0.21854529548884527,0.3288551703371932,0.1,-0.43385687341183365,False,0.9566143126588167,ratio
normcap-314381,100,0,256,2707,143,0.9874339699745178,0.12698228657245636,0.813543269528122,0.22202331933527003,0.3664224424550726,0.1,-0.4904962916089351,False,0.9509503708391065,ratio
normcap-314381,100,1,98,1871,52,1.0299323797225952,0.1074628233909607,0.913986853995968,0.20541741929864993,0.4449412601504604,0.1,-0.2600150319056392,False,0.9739984968094361,ratio
normcap-314381,101,0,256,5119,138,0.7773309350013733,0.12395825982093811,0.8954240661791515,0.25800011020160596,0.3470634432983191,0.1,0.010775816412957174,False,1.0010775816412958,ratio
normcap-314381,101,1,117,801,58,0.8865669369697571,0.11692868918180466,1.2604694439199162,0.23787452916518625,0.5298883610378535,0.1,-0.09862229827446732,False,0.9901377701725532,ratio
normcap-314381,102,0,256,2351,133,0.7878119945526123,0.13069269061088562,0.6505800340747843,0.2416324242107901,0.2692436812649139,0.1,0.06960775284434309,False,1.0069607752844343,ratio
normcap-314381,102,1,116,1733,71,0.8520426154136658,0.09819482266902924,0.7127112781324394,0.19767862586629678,0.3605403846820008,0.1,-0.16258385580111934,False,0.983741614419888,ratio
normcap-314381,103,0,256,3438,134,0.7980138063430786,0.13023905456066132,0.6963152815044481,0.21751849199552012,0.32011774038907415,0.09999999999999999,-0.2163206571730181,False,0.9783679342826982,ratio
normcap-314381,103,1,123,2246,73,0.8886651396751404,0.0943518877029419,0.8330751926319799,0.20771343535881462,0.40106947881964594,0.1,-0.24338089767338744,False,0.9756619102326612,ratio
normcap-314381,104,0,256,2109,138,0.7774603962898254,0.1302676498889923,0.6342203716022913,0.19551640653501753,0.32438217479651804,0.10000000000000002,-0.13737884586351545,False,0.9862621154136485,ratio
normcap-314381,104,1,117,3300,62,0.7937454581260681,0.11797703802585602,0.8951214612080192,0.19975575484588792,0.44810797160692956,0.1,-0.022357582555340632,False,0.997764241744466,ratio
normcap-314381,105,0,256,2554,130,0.8042721152305603,0.14235448837280273,0.6389970307977965,0.2001892376206534,0.3191964954722778,0.09999999999999999,-0.13350627858884237,False,0.9866493721411158,ratio
normcap-314381,105,1,60,2287,34,0.7269474864006042,0.11074420809745789,1.4013374652660757,0.19555306615692683,0.716602144269901,0.09999999999999999,0.175817672483299,False,1.0175817672483298,ratio
normcap-314381,106,0,256,3215,124,0.7113428711891174,0.14906881749629974,0.6093333561787903,0.2262734892405794,0.26929065275116365,0.10000000000000002,0.22455245724413744,False,1.0224552457244138,ratio
normcap-314381,106,1,84,600,49,0.7178009748458862,0.11949396133422852,0.8065919444122759,0.1953800844502404,0.4128322222205302,0.10000000000000002,0.27059086451653663,False,1.0270590864516536,ratio
normcap-314381,107,0,256,2933,142,0.6210962533950806,0.12053747475147247,0.7417369804027963,0.15358594864981132,0.4829458599067667,0.1,0.10443048327764591,False,1.0104430483277647,ratio
normcap-314381,107,1,101,1685,44,0.6114070415496826,0.1481071412563324,0.8821659527951448,0.22025732734961045,0.4005160524784262,0.1,0.10898067828743906,False,1.0108980678287438,ratio
normcap-314381,108,0,256,3723,139,0.9055571556091309,0.10973609983921051,1.124018613442363,0.2182484341758896,0.5150179508442659,0.10000000000000002,-0.1848631588965807,False,0.9815136841103419,ratio
normcap-314381,108,1,141,886,77,0.9339718222618103,0.10632218420505524,1.4005546160679192,0.2525422038348921,0.5545824004068557,0.09999999999999999,-0.07126271991345015,False,0.992873728008655,ratio
normcap-314381,109,0,256,4568,127,0.9254749417304993,0.11487691104412079,1.183021888598616,0.20301811096616715,0.5827174151944335,0.1,-0.14710941967286859,False,0.9852890580327132,ratio
normcap-314381,109,1,102,910,64,0.833972156047821,0.08982512354850769,1.1476418863709499,0.1666062899815439,0.688834669146094,0.1,-0.36002578083150444,False,0.9639974219168496,ratio
normcap-314381,110,0,256,6346,135,0.8473520874977112,0.12333826720714569,0.8855686961872823,0.18254106233148043,0.4851339665040177,0.1,-0.2103099131580054,False,0.9789690086841994,ratio
normcap-314381,110,1,116,584,67,0.798382580280304,0.11002171784639359,1.048518897379671,0.15949017150202627,0.657419129658626,0.1,-0.06892295911880925,False,0.9931077040881191,ratio
normcap-314381,111,0,256,3861,142,0.8646925091743469,0.10658778250217438,1.0634057484474186,0.18085932189301065,0.5879739774079703,0.10000000000000002,-0.2974927766980035,False,0.9702507223301996,ratio
normcap-314381,111,1,105,588,53,0.8634790778160095,0.12374577671289444,1.510606767251811,0.23184286775256677,0.6515649076873907,0.1,0.19386582335544503,False,1.0193865823355446,ratio
normcap-314381,112,0,256,5133,130,0.7310959100723267,0.12092733383178711,0.772321741667544,0.19872496269697412,0.38863851384650616,0.1,-0.0968514306946208,False,0.9903148569305379,ratio
normcap-314381,112,1,99,954,56,0.7736657857894897,0.10641983896493912,1.0079962558486477,0.21864327416227097,0.46102321679492453,0.1,-0.13630892521362234,False,0.9863691074786378,ratio
normcap-314381,113,0,256,1568,139,0.6826866865158081,0.11314235627651215,0.9229167237665238,0.18402621554372342,0.5015137224007331,0.1,-0.09663896979469319,False,0.9903361030205307,ratio
normcap-314381,113,1,108,3089,61,0.7270030379295349,0.08176271617412567,0.9203685904994129,0.1669155016797538,0.5513979116602626,0.10000000000000003,0.12526580385533834,False,1.012526580385534,ratio
normcap-314381,114,0,256,4524,135,0.7731860280036926,0.11178646236658096,1.0551125760991156,0.20319660698295983,0.5192569855202346,0.1,-0.0972840965224379,False,0.9902715903477562,ratio
normcap-314381,114,1,116,918,65,0.796021580696106,0.10068555921316147,1.067087383292652,0.22335262849844464,0.47775904428189114,0.1,-0.04219934489956536,False,0.9957800655100435,ratio
normcap-314381,115,0,256,4740,134,0.7086087465286255,0.11057642102241516,0.8430836809701469,0.19226258898354803,0.4385063601958933,0.10000000000000002,-0.21298170135040415,False,0.9787018298649596,ratio
normcap-314381,115,1,97,813,50,0.6671502590179443,0.13818538188934326,1.3802125318772402,0.24595682514332143,0.5611604927299648,0.1,-0.21214706963259633,False,0.9787852930367403,ratio
normcap-314381,116,0,256,4390,140,0.9087696075439453,0.10161593556404114,1.0594310730717729,0.1982655875924619,0.5343494480996119,0.1,-0.3379093396584336,False,0.9662090660341567,ratio
normcap-314381,116,1,118,1902,58,0.7706056833267212,0.1368970423936844,1.2361756064060299,0.2355279606789233,0.5248530165347165,0.09999999999999999,-0.05134797669151169,False,0.9948652023308489,ratio
normcap-314381,117,0,256,4091,147,1.184748888015747,0.09428467601537704,1.5751172922599144,0.17254996734813552,0.9128470532144289,0.1,-0.394716624960405,False,0.9605283375039595,ratio
normcap-314381,117,1,144,3096,82,1.2443102598190308,0.0947110578417778,1.7360778316221304,0.20811770627064405,0.834180744508336,0.1,-0.44959217407138746,False,0.9550407825928613,ratio
normcap-314381,118,0,256,4152,137,0.8283984661102295,0.09861080348491669,1.161272975379214,0.19938026380097584,0.582441287437764,0.1,-0.17120359376556957,False,0.982879640623443,ratio
normcap-314381,118,1,94,2056,52,0.7434507608413696,0.10683183372020721,0.8947178726762809,0.1915553179976873,0.46708067519539354,0.1,-0.014121368547240795,False,0.9985878631452759,ratio
normcap-314381,119,0,256,4982,140,0.8023742437362671,0.1089220941066742,0.9662737712158489,0.1913562420690936,0.5049606747957317,0.09999999999999999,-0.28157598073309953,False,0.97184240192669,ratio
normcap-314381,119,1,103,2201,60,0.7887429594993591,0.10610688477754593,1.4428301089479802,0.19496217411752031,0.740056431704677,0.1,0.15882078567393884,False,1.0158820785673939,ratio
normcap-314381,120,0,256,3460,138,0.7389018535614014,0.1305871307849884,0.5440094286226941,0.16807412453711762,0.32367232619590686,0.1,-0.2567058194105547,False,0.9743294180589446,ratio
normcap-314381,120,1,115,2904,67,0.6923011541366577,0.11725613474845886,0.7767109349718182,0.12786448092534095,0.6074485497073527,0.1,0.20416261186949697,False,1.0204162611869496,ratio
normcap-314381,121,0,256,3283,136,0.9276809692382812,0.13778620958328247,1.1630378419023193,0.18477575698656212,0.6294320536794779,0.09999999999999999,0.021827870403102904,False,1.0021827870403104,ratio
normcap-314381,121,1,137,1350,73,0.8219813108444214,0.1368897557258606,0.8546510478314188,0.15773379791457334,0.5418312746734769,0.1,-0.06374420172732627,False,0.9936255798272674,ratio
normcap-314381,122,0,256,4036,135,0.9999365210533142,0.11520522832870483,1.3444030312383488,0.2519759878293306,0.5335441058570015,0.1,0.08330901258781707,False,1.0083309012587818,ratio
normcap-314381,122,1,110,1108,62,0.8971211314201355,0.11156431585550308,1.4974667000036805,0.23904576684012355,0.6264351466241203,0.1,0.30366424847420653,False,1.0303664248474207,ratio
normcap-314381,123,0,256,3907,151,0.9067153930664062,0.11409592628479004,1.009298514349731,0.1939770038328491,0.5203186431415594,0.1,-0.2977004527979224,False,0.9702299547202078,ratio
normcap-314381,123,1,158,1419,80,0.9240379333496094,0.15220847725868225,1.0774742402571893,0.22196682984230595,0.4854212861546339,0.1,-0.37040466944626166,False,0.9629595330553739,ratio
normcap-314381,124,0,256,1768,139,0.9811333417892456,0.13552093505859375,1.153888167826083,0.22414574293708234,0.5147937019486376,0.09999999999999999,-0.27498125871443946,False,0.972501874128556,ratio
normcap-314381,124,1,108,4504,58,0.9626790285110474,0.13599321246147156,0.8719331755189903,0.22975452953470302,0.3795064137733529,0.1,-0.37796630521415137,False,0.9622033694785849,ratio
normcap-314381,125,0,256,4626,142,0.8579436540603638,0.11988483369350433,1.053424522230481,0.21433714493476844,0.4914801503729469,0.1,0.27693909302443964,False,1.027693909302444,ratio
normcap-314381,125,1,95,1140,58,0.7885199785232544,0.11694148182868958,0.8583303930246726,0.19896936505712856,0.4313882153557794,0.10000000000000002,-0.0720344980753652,False,0.9927965501924635,ratio
normcap-314381,126,0,256,2671,135,0.9272209405899048,0.14446453750133514,1.1313446020009759,0.23845700427673067,0.47444385432605884,0.1,-0.21929571155309532,False,0.9780704288446904,ratio
normcap-314381,126,1,124,1215,66,0.9113759994506836,0.14369314908981323,0.6543858360501188,0.20488958414207406,0.31938462796447287,0.1,-0.39632524861611423,False,0.9603674751383886,ratio
normcap-314381,127,0,256,3561,148,0.9791490435600281,0.12799198925495148,0.9256173345198629,0.23181238647759111,0.39929589120956693,0.1,-0.6876888943494233,False,0.9312311105650577,ratio
normcap-314381,127,1,123,1540,64,1.0091221332550049,0.1523379385471344,0.9376531364087474,0.21995833434438217,0.4262867052542288,0.1,-0.6502800803260059,False,0.9349719919673994,ratio
normcap-314381,128,0,256,3759,141,0.8895371556282043,0.14555871486663818,0.6386380336020765,0.20333590943829227,0.3140802996215916,0.1,-0.24140452257021522,False,0.9758595477429785,ratio
normcap-314381,128,1,139,1912,73,0.9040963649749756,0.14964070916175842,0.5386369479451915,0.19432073602480213,0.2771896396463024,0.10000000000000002,-0.2186346466854477,False,0.9781365353314553,ratio
normcap-314381,129,0,256,5391,134,0.8330762386322021,0.1747206151485443,0.8073240335122424,0.2370220491079194,0.3406113636055254,0.1,0.4759571300157368,False,1.0475957130015736,ratio
normcap-314381,129,1,68,691,40,0.8148530721664429,0.15542766451835632,0.6059643362019813,0.17164308718483473,0.3530374255908399,0.1,-0.12273647066304302,False,0.9877263529336957,ratio
normcap-314381,130,0,256,3027,138,0.9254217743873596,0.14942410588264465,0.6722603366975465,0.19951787851192182,0.336942404215358,0.09999999999999999,-0.06264654983059023,False,0.9937353450169409,ratio
normcap-314381,130,1,124,1625,66,0.933437705039978,0.15194734930992126,0.6008066427007601,0.20722949756642525,0.2899233216102248,0.09999999999999999,-0.27274548838701007,False,0.972725451161299,ratio
normcap-314381,131,0,256,3708,131,0.9253203868865967,0.1574300229549408,0.4928161861777265,0.22518320723624383,0.21885121551746264,0.1,-0.1796001157816182,False,0.9820399884218382,ratio
normcap-314381,131,1,72,922,42,0.9424436688423157,0.13461104035377502,0.6553128861005818,0.17278343268582405,0.3792683568754834,0.09999999999999999,0.032803117524878696,False,1.0032803117524878,ratio
normcap-314381,132,0,256,5216,144,0.8902332186698914,0.15027472376823425,0.3399648693529953,0.17460145348805173,0.19470907175252106,0.1,-0.04945613708804186,False,0.9950543862911958,ratio
normcap-314381,132,1,116,962,65,0.9167724847793579,0.14015474915504456,0.5068127601740107,0.18504648395648557,0.27388402596895045,0.09999999999999999,-0.32315989853901256,False,0.9676840101460987,ratio
normcap-314381,133,0,256,3731,136,0.7061320543289185,0.17779934406280518,0.8945034125899975,0.18164955531507562,0.4924335823660341,0.1,0.6419734263720597,False,1.064197342637206,ratio
normcap-314381,133,1,107,2273,58,0.7655271291732788,0.16354134678840637,0.7035021757733837,0.17277324826302942,0.4071823519242831,0.1,0.5753284281961301,False,1.057532842819613,ratio
normcap-314381,134,0,256,6291,137,0.8841446042060852,0.17049290239810944,0.34239954418963314,0.19448924404506862,0.17605063245054806,0.1,0.10367119417366374,False,1.0103671194173665,ratio
normcap-314381,134,1,124,1124,71,0.8578330874443054,0.15304863452911377,0.4955779197829333,0.21510762641219416,0.23038602956517013,0.1,-0.06515152077475139,False,0.9934848479225249,ratio
normcap-314381,135,0,256,3148,130,0.6417115926742554,0.18376818299293518,0.5929182253227999,0.18709034578064662,0.3169154575287197,0.1,0.4592249997448134,False,1.0459224999744814,ratio
normcap-314381,135,1,91,1279,50,0.6801745295524597,0.1432034969329834,0.6804108218988474,0.15862497402728118,0.4289430627625046,0.09999999999999999,-0.11698909979349494,False,0.9883010900206505,ratio
normcap-314381,136,0,256,7039,141,0.8949452042579651,0.16175468266010284,0.5965688688775675,0.21741535488999325,0.2743913230872845,0.1,-0.22852756122871773,False,0.9771472438771283,ratio
normcap-314381,136,1,129,1258,70,0.8779872059822083,0.14815127849578857,0.5192387054247806,0.20470788069902968,0.2536486156037088,0.10000000000000002,-0.19366418421278386,False,0.9806335815787216,ratio
normcap-314381,137,0,256,4223,143,0.9088122248649597,0.1414492130279541,0.5662440108510011,0.2167325175046808,0.26126398445898724,0.09999999999999999,-0.11902110418329083,False,0.9880978895816709,ratio
normcap-314381,137,1,99,929,51,0.9404901266098022,0.17078565061092377,0.9060108180944838,0.24020337334244934,0.3771848852442287,0.1,-0.21647284023122762,False,0.9783527159768772,ratio
normcap-314381,138,0,256,4530,142,0.9837274551391602,0.14230674505233765,0.5946770869534734,0.23540062698842534,0.2526234082557111,0.1,-0.4366064922484081,False,0.9563393507751592,ratio
normcap-314381,138,1,134,1852,72,0.9607336521148682,0.15111017227172852,0.8007033275665015,0.2148080387871149,0.3727529621738398,0.1,-0.27857278305648375,False,0.9721427216943517,ratio
normcap-314381,139,0,256,4183,145,0.7112425565719604,0.1511082500219345,0.4950259410669703,0.16589917483806566,0.29838963427646076,0.1,0.18099267864554242,False,1.0180992678645542,ratio
normcap-314381,139,1,105,1336,46,0.7764576077461243,0.1739659607410431,0.5612529663720263,0.25905704975592464,0.21665226516739117,0.1,0.25710738074294226,False,1.0257107380742942,ratio
normcap-314381,140,0,256,6534,138,0.723690390586853,0.15901583433151245,0.5337424550912429,0.20665379458985897,0.25827856495475887,0.1,0.6083920582184728,False,1.0608392058218472,ratio
normcap-314381,140,1,92,828,49,0.7770817279815674,0.14166080951690674,0.7261778769636755,0.2201268196943082,0.32989068663787735,0.09999999999999999,0.22679805330169683,False,1.0226798053301698,ratio
normcap-314381,141,0,256,4242,142,0.929813027381897,0.11935453861951828,0.6519996000942961,0.21735434779585647,0.29997081112298113,0.09999999999999999,-0.18936065310873565,False,0.9810639346891264,ratio
normcap-314381,141,1,97,1438,50,0.9045910239219666,0.14252713322639465,0.7584397789643216,0.29274594954422556,0.25907780454183293,0.1,0.048466370192863886,False,1.0048466370192863,ratio
normcap-314381,142,0,256,3825,147,0.9147216081619263,0.13553597033023834,0.539131009343217,0.18678792922529427,0.2886326817687154,0.1,-0.5435228258565588,False,0.9456477174143442,ratio
normcap-314381,142,1,124,2258,65,0.9713355898857117,0.1536448895931244,1.033441796232996,0.21319786339678662,0.4847336552851085,0.1,-0.31010981943155524,False,0.9689890180568445,ratio
normcap-314381,143,0,256,5022,141,0.7371296882629395,0.13331791758537292,0.5117266714517086,0.16678276627315214,0.3068222712013404,0.1,0.0822190855237295,False,1.008221908552373,ratio
normcap-314381,143,1,78,2736,41,0.8177729249000549,0.1257176697254181,0.7386866107422766,0.19370044877322395,0.38135513645975017,0.1,-0.03651099631037201,False,0.9963489003689628,ratio
normcap-314381,144,0,256,2442,135,0.8653149008750916,0.12977278232574463,0.6025494326416282,0.22417293486927894,0.26878777002807697,0.1,-0.020293962498264137,False,0.9979706037501735,ratio
normcap-314381,144,1,116,1537,58,0.8180882930755615,0.145827978849411,0.8161516332118769,0.25621636138301507,0.3185400139188694,0.1,0.31312724499921996,False,1.031312724499922,ratio
normcap-314381,145,0,256,4149,135,0.9429049491882324,0.137544646859169,0.6358235986801688,0.2603176775546697,0.2442491054210633,0.1,-0.1479352535533913,False,0.9852064746446608,ratio
normcap-314381,145,1,116,3101,71,0.9735678434371948,0.09853900969028473,0.6956010992359428,0.2284103330940752,0.30454011857223906,0.09999999999999999,-0.04972987713002603,False,0.9950270122869974,ratio
normcap-314381,146,0,256,2285,154,0.7926913499832153,0.1208093911409378,0.5608165850447174,0.20445397636104784,0.27429967126409144,0.09999999999999999,0.07773201336062198,False,1.0077732013360623,ratio
normcap-314381,146,1,126,2533,63,0.7793825268745422,0.1316032111644745,0.6266889464323532,0.21588223883505825,0.29029203597947023,0.09999999999999999,0.13944296823536836,False,1.0139442968235368,ratio
normcap-314381,147,0,256,5197,130,0.9181810021400452,0.13493603467941284,0.7682588882201983,0.25636714717444903,0.2996713489569803,0.1,-0.47710484259466746,False,0.9522895157405332,ratio
normcap-314381,147,1,85,1620,48,0.8771829009056091,0.11831271648406982,0.8698371559675334,0.23004307334397478,0.37811925537392665,0.1,-0.20192257244172326,False,0.9798077427558277,ratio
normcap-314381,148,0,256,5963,143,0.8649553060531616,0.12664875388145447,0.6344112056123822,0.18736007422326859,0.3386053342700873,0.10000000000000002,-0.16752639305793565,False,0.9832473606942065,ratio
normcap-314381,148,1,127,1235,67,0.8670278191566467,0.14304594695568085,0.9104685579231535,0.2423460357714175,0.3756894784868336,0.1,-0.17588102502474812,False,0.9824118974975252,ratio
normcap-314381,149,0,256,6554,139,0.8542994856834412,0.12638461589813232,0.6700156366000115,0.20151712552187126,0.33248570555225226,0.1,-0.10838172636622224,False,0.9891618273633778,ratio
normcap-314381,149,1,107,701,64,0.9313647747039795,0.11085513234138489,1.4623508435455288,0.22077614843404925,0.6623681289477543,0.09999999999999999,-0.04014269800031267,False,0.9959857301999687,ratio
normcap-314381,150,0,256,6148,123,0.8548701405525208,0.14580492675304413,0.7049718856890809,0.2125972777652854,0.33159967667478496,0.1,-0.30609148503239814,False,0.9693908514967602,ratio
normcap-314381,150,1,96,548,52,0.9129122495651245,0.1284823715686798,1.1149770440235152,0.16876138858504103,0.6606825491138122,0.1,-0.17589952891906294,False,0.9824100471080937,ratio
constant-314381,1,0,256,2487,142,1.2425795793533325,0.04276271164417267,1.2572434875222118,0.17373458573216943,0.1,0.013818690449100461,-0.4067790140249356,False,0.9943788467239991,constant
constant-314381,1,1,108,2564,54,1.149078607559204,0.06497245281934738,1.3533183166693488,0.35387774040615755,0.1,0.026148891657439912,-0.6790782721805677,False,0.9822428558338289,constant
constant-314381,2,0,256,5227,128,1.015404224395752,0.11136467754840851,0.7841522750537077,0.5090755963323638,0.1,0.06492050237276892,0.09272994794665304,False,1.0060200748056973,constant
constant-314381,2,1,108,1507,62,0.9853605628013611,0.1372886747121811,0.900765244941086,0.4216166182998476,0.1,0.04680649266473677,0.21621953203094738,False,1.0101204779399793,constant
constant-314381,3,0,256,5718,144,1.014870047569275,0.13851147890090942,0.7104427699465379,0.2860087842501159,0.1,0.04025782179071773,0.06787119817717974,False,1.0027323466009395,constant
constant-314381,3,1,120,1237,65,0.9983258843421936,0.13925686478614807,0.5407471878861819,0.26779686373598144,0.1,0.04952348708142485,0.06194606655098411,False,1.0030677852265828,constant
constant-314381,4,0,256,3192,131,0.9677044153213501,0.16183826327323914,0.428259844401385,0.291312438577915,0.1,0.06802235661041418,0.38264360858188395,False,1.0260283199976528,constant
constant-314381,4,1,95,1451,44,0.9757022857666016,0.19321966171264648,0.6158870062331493,0.34673512744995794,0.1,0.05629849695492657,0.336134184990375,False,1.0189238493901274,constant
constant-314381,5,0,256,4826,143,1.0261797904968262,0.15565960109233856,0.4174648989652939,0.25786426094191023,0.1,0.06176908803136234,-0.3434622924563792,False,0.9787846474218084,constant
constant-314381,5,1,108,1564,53,0.9972739815711975,0.18872404098510742,0.5488993557636366,0.314298910147111,0.1,0.05725984314735694,0.17764727207303013,False,1.0101720549344575,constant
constant-314381,6,0,256,3614,140,0.9870843887329102,0.15841138362884521,0.4532761122554223,0.24268946153398796,0.1,0.0535411981730976,0.20951324228181925,False,1.0112175900248992,constant
constant-314381,6,1,91,868,48,1.0055032968521118,0.16473665833473206,0.3691963496842926,0.2572158723745167,0.1,0.0696691266298996,-0.2018933511046181,False,0.9859342665561576,constant
constant-314381,7,0,256,2633,127,1.011399269104004,0.19122064113616943,0.35425712922463637,0.30658280357116086,0.1,0.0865424513099227,-0.2165255668380003,False,0.981261346674569,constant
constant-314381,7,1,131,1735,79,1.0042141675949097,0.15014226734638214,0.4514968425885127,0.23938731050570988,0.1,0.05302081607775136,-0.026376303929025367,False,0.9986015068405683,constant
constant-314381,8,0,256,3461,135,1.0284135341644287,0.1756298691034317,0.4173962725814949,0.2836618937172871,0.1,0.0679598531062357,-0.5116316176477094,False,0.9652295904201559,constant
constant-314381,8,1,100,1552,45,1.0308972597122192,0.20101001858711243,0.45830303110536685,0.33296405967038856,0.1,0.07265150720633964,-0.5151972104398241,False,0.962570146153045,constant
constant-314381,9,0,256,3994,129,0.9960641264915466,0.1983487904071808,0.30188734486051966,0.2972540615145512,0.1,0.09846522770005177,0.011355409339624034,False,1.0011181129662534,constant
constant-314381,9,1,107,1436,60,1.012567400932312,0.16320517659187317,0.5807350598892596,0.25266428629938104,0.1,0.0435076687719804,-0.021183992124491825,False,0.9990783338873793,constant
constant-314381,10,0,256,3295,150,1.0193763971328735,0.15688243508338928,0.3534092910594464,0.21194057183334272,0.1,0.05997028861295346,-0.5399262501319897,False,0.9676204669498749,constant
constant-314381,10,1,109,1691,50,1.0198464393615723,0.1962926983833313,0.37895014221748513,0.2853600644874791,0.1,0.07530279915390735,-0.5296385261528681,False,0.9601167364409391,constant
constant-314381,11,0,256,5222,137,0.9848400354385376,0.1830555647611618,0.3142255550187463,0.23480714776000064,0.1,0.07472566887374654,0.35670067547611745,False,1.0266546965626702,constant
constant-314381,11,1,114,1063,62,0.9789033532142639,0.1745215356349945,0.39512775874873984,0.2360808909774151,0.1,0.05974798928959532,0.003145836897983726,False,1.0001879574292876,constant
constant-314381,12,0,256,2857,138,0.9893288612365723,0.1822308450937271,0.32689325575774847,0.23356578530356603,0.1,0.07145016949406113,0.01396950961248963,False,1.0009981238295613,constant
constant-314381,12,1,104,1028,54,0.9740844368934631,0.20170629024505615,0.4241398090656462,0.25743642185921956,0.1,0.06069612339061879,0.2952551076687031,False,1.0179208404467701,constant
constant-314381,13,0,256,6503,134,0.9746412038803101,0.191442608833313,0.2772048037907591,0.23985895460321124,0.1,0.08652770490379473,0.3930310862266829,False,1.0340080778470404,constant
constant-314381,13,1,73,974,42,0.9899518489837646,0.16497281193733215,0.3926432384198882,0.20533408950220286,0.1,0.052295333119329296,-0.25525719938482616,False,0.9866512397270635,constant
constant-314381,14,0,256,3541,133,0.9701889753341675,0.19007346034049988,0.28499335549705374,0.21392320047722677,0.1,0.07506252210832275,0.595580729567793,False,1.0447057916804734,constant
constant-314381,14,1,125,1940,68,0.9670442342758179,0.18215420842170715,0.4315916988267546,0.22819935016170503,0.1,0.05287389696837211,0.6960022750146518,False,1.0368003525788774,constant
constant-314381,15,0,256,2631,133,0.9768303632736206,0.19233766198158264,0.25954370839799024,0.24787356053869686,0.1,0.09550359053920965,0.30883881135581004,False,1.0294952153823416,constant
constant-314381,15,1,114,4539,67,0.9794007539749146,0.1552581936120987,0.41516092480771255,0.21930317295555132,0.1,0.052823654600231126,0.156431383131956,False,1.0082632773511988,constant
constant-314381,16,0,256,4579,135,1.003425121307373,0.17568697035312653,0.2888659114979737,0.22767916627356735,0.1,0.07881828807452224,-0.2950059746972683,False,0.9767481341026055,constant
constant-314381,16,1,127,2209,70,0.9831808805465698,0.16554242372512817,0.327751743332592,0.2140872357941664,0.1,0.06531993807792427,0.059042979083090634,False,1.0038566837376437,constant
constant-314381,17,0,256,3365,146,0.9871147871017456,0.15860840678215027,0.3282605146730415,0.20859120425329827,0.1,0.063544409068225,0.18949005630485755,False,1.0120410336521968,constant
constant-314381,17,1,134,1206,72,0.9703387022018433,0.17446209490299225,0.3852755923001239,0.24293125998846962,0.1,0.06305389306863483,0.24149632530845735,False,1.0152272834724678,constant
constant-314381,18,0,256,4190,133,0.9858815670013428,0.18155120313167572,0.3256135040462595,0.265888537625888,0.1,0.08165771207944544,0.30815366025883456,False,1.0251631228656433,constant
constant-314381,18,1,117,1144,66,1.0098894834518433,0.16238807141780853,0.3862303935019408,0.25303380406053805,0.1,0.0655136955344936,-0.11805230952687136,False,0.9922659569365128,constant
constant-314381,19,0,256,4029,137,1.012298583984375,0.1774909347295761,0.2984645111370432,0.2568833981982947,0.1,0.08606832256862322,-0.231262425564655,False,0.980095630958499,constant
constant-314381,19,1,136,1769,76,1.0131642818450928,0.16209349036216736,0.3973106378202312,0.26353870110423716,0.1,0.06633064308322874,-0.21634905411475028,False,0.9856494281101204,constant
constant-314381,20,0,256,4700,142,0.9833906888961792,0.15819084644317627,0.3373479474510562,0.25705765032881134,0.1,0.07619955961525639,0.1782975300532705,False,1.0135861932705472,constant
constant-314381,20,1,110,943,56,0.9505355358123779,0.1884857416152954,0.4441385484054241,0.2728780045415826,0.1,0.06143983797877655,0.3496196948836128,False,1.0214805774078384,constant
constant-314381,21,0,256,3859,150,0.9411213397979736,0.14059650897979736,0.40131847389527203,0.23102897563870436,0.1,0.0575674908250034,0.2671562098800033,False,1.0153795126611098,constant
constant-314381,21,1,123,1114,62,0.9365566372871399,0.173618882894516,0.5442378778098002,0.2893833328936952,0.1,0.05317221470476716,0.24648533984458376,False,1.0131061714117937,constant
constant-314381,22,0,256,3417,130,0.9499648809432983,0.1615685224533081,0.4046791231295547,0.2941520245406479,0.1,0.0726877191652107,0.2883354347465984,False,1.0209584451062397,constant
constant-314381,22,1,127,2148,68,0.9274241328239441,0.15772682428359985,0.49321872953171936,0.2923285131665475,0.1,0.059269548308535515,0.2598050567689273,False,1.0153985283629678,constant
constant-314381,23,0,256,4140,139,0.9238885045051575,0.1509411633014679,0.5886766306378511,0.30561724716647604,0.1,0.051915980907094844,0.3171150449055115,False,1.016463338616667,constant
constant-314381,23,1,89,1388,41,0.9449538588523865,0.17699939012527466,1.224826909872914,0.4390674765135243,0.1,0.03584730813589662,-0.21872122898557428,False,0.9921594327086921,constant
constant-314381,24,0,256,4283,133,0.9069596529006958,0.1400175392627716,0.5680646933733975,0.2894440774468813,0.1,0.05095266099500842,0.4166515405385824,False,1.0212295046981104,constant
constant-314381,24,1,69,774,40,0.9083796143531799,0.1299717128276825,1.3858821521767222,0.2727817601592219,0.1,0.01968289726011551,0.378364031801151,False,1.0074473003648652,constant
constant-314381,25,0,256,3292,133,1.0128118991851807,0.1450832486152649,0.640366149977537,0.3458209406278695,0.1,0.054003625994284724,-0.31367359438223713,False,0.9830604885246987,constant
constant-314381,25,1,105,1178,57,0.9708161950111389,0.1445969194173813,0.6395305550131868,0.2841144769378788,0.1,0.04442547345247961,0.023142353675810988,False,1.0010281100188527,constant
constant-314381,26,0,256,3821,139,0.9873070120811462,0.12705081701278687,0.7068180646057741,0.33192326935007455,0.1,0.046960213097440265,-0.07505808375260208,False,0.9964752563922923,constant
constant-314381,26,1,96,1051,49,1.078184962272644,0.12951000034809113,1.2384681693482638,0.31920775089900355,0.1,0.025774400892917958,-0.6140684037892387,False,0.9841727547850619,constant
constant-314381,27,0,256,2122,130,1.0191848278045654,0.13358400762081146,0.6967339355510233,0.331212721566489,0.1,0.04753790574368164,-0.5863272793711067,False,0.9721272290583071,constant
constant-314381,27,1,103,1253,52,0.9766265153884888,0.13209322094917297,0.7750087335111948,0.35730318840854447,0.1,0.0461031176758195,-0.23606316411712022,False,0.9891167521657821,constant
constant-314381,28,0,256,3923,125,0.8370059728622437,0.1468750536441803,0.6549377550772705,0.32382653460970234,0.1,0.04944386426027568,0.38430992368548755,False,1.019001767700582,constant
constant-314381,28,1,66,254,35,0.86175537109375,0.14534693956375122,0.9738092409474571,0.35115242884351094,0.1,0.036059673093866006,0.26654359449625664,False,1.009611474882799,constant
constant-314381,29,0,256,6719,126,1.067567229270935,0.15771174430847168,0.7441660463900083,0.306629719229483,0.1,0.04120447589848545,-0.5658777358026457,False,0.9766833044736304,constant
constant-314381,29,1,111,1189,71,1.0917237997055054,0.10437570512294769,0.8513542911034082,0.23932144736832042,0.1,0.02811067611559753,-0.5985644487166687,False,0.9831739486478145,constant
constant-314381,30,0,256,4041,141,1.0085150003433228,0.14237846434116364,0.5679976859854916,0.30165812755318705,0.1,0.05310904163804856,-0.2919625341003806,False,0.9844941496197127,constant
constant-314381,30,1,120,2814,62,0.9695519804954529,0.14902380108833313,0.892015544922191,0.3151410415011011,0.1,0.03532909749107459,0.1279163219575528,False,1.0045191682091381,constant
constant-314381,31,0,256,5298,137,0.9755468368530273,0.14738789200782776,0.5587106398969853,0.28305983847768124,0.1,0.05066304778621571,-0.08838453136608444,False,0.9955221702638378,constant
constant-314381,31,1,93,922,45,0.8688062429428101,0.17207711935043335,0.6925881066655402,0.3369891946225279,0.1,0.048656509024528255,0.38643908230653223,False,1.0188027766956782,constant
constant-314381,32,0,256,3012,124,0.8953343033790588,0.17535996437072754,0.7071322238299305,0.31893178108544507,0.1,0.04510214219316218,0.30005536081233114,False,1.0135331395491782,constant
constant-314381,32,1,99,2483,56,0.845797598361969,0.14200147986412048,0.8714346599812524,0.2502630157471976,0.1,0.02871850607279973,0.3471525795458625,False,1.009969703463876,constant
constant-314381,33,0,256,2921,150,0.9077448844909668,0.1298256516456604,0.5194195266119578,0.2592588268227705,0.1,0.04991318453386808,0.24307738018149622,False,1.0121327661330082,constant
constant-314381,33,1,123,3385,68,0.8711768388748169,0.12124302983283997,0.7700100517815577,0.21430838695491097,0.1,0.02783189472125328,0.41035699630288697,False,1.0114210127192316,constant
constant-314381,34,0,256,2853,144,0.8964858651161194,0.1285172700881958,0.5611076393892707,0.255395252380689,0.1,0.045516267192275306,0.21664625486954026,False,1.0098609288228477,constant
constant-314381,34,1,113,3052,51,0.9197721481323242,0.16042572259902954,0.5955703227502073,0.3420848892471746,0.1,0.057438202707533345,0.07636877058580478,False,1.0043864849254325,constant
constant-314381,35,0,256,3478,133,0.8820616006851196,0.14260472357273102,0.6480744105282501,0.2674282349115101,0.1,0.04126505082858115,0.26211134873353165,False,1.0108160381282372,constant
constant-314381,35,1,109,1347,58,0.8791313171386719,0.1459093987941742,0.9193370026239834,0.28348291329585923,0.1,0.030835581781951418,0.14993898096041644,False,1.0046234557097073,constant
constant-314381,36,0,256,4696,131,0.9502855539321899,0.14453062415122986,0.7666164303122299,0.28199622490286996,0.1,0.0367845266227881,-0.10664448770142519,False,0.9960771330029733,constant
constant-314381,36,1,117,1568,66,0.9830319881439209,0.1297866702079773,0.9552201453359163,0.2562933952617626,0.1,0.026830819734400966,-0.39049451005774677,False,0.9895227121933674,constant
constant-314381,37,0,256,7864,139,0.984380304813385,0.13681334257125854,0.6714280176675301,0.28912913543793506,0.1,0.043061821644312534,-0.3110459221922542,False,0.9866057959753665,constant
constant-314381,37,1,97,1312,42,0.9637423157691956,0.16735416650772095,0.7670413048885718,0.3512473242816198,0.1,0.045792491492051474,-0.005625320852633228,False,0.9997424025427157,constant
constant-314381,38,0,256,3435,137,0.8877379894256592,0.12568728625774384,0.7765383778661379,0.23848934983628847,0.1,0.030711856185606325,0.13100146166356805,False,1.0040232980507158,constant
constant-314381,38,1,109,1999,59,0.8805971145629883,0.1289631426334381,0.9125763654546505,0.2929090225835493,0.1,0.03209693277971542,0.043089625384208886,False,1.00138304480946,constant
constant-314381,39,0,256,4350,135,1.0659747123718262,0.1419810652732849,1.0097826783814892,0.30592825966967885,0.1,0.030296445583720064,-0.20505162588299483,False,0.9937876645745826,constant
constant-314381,39,1,119,1837,65,1.0686322450637817,0.12130267918109894,0.9928086809068217,0.2963749561209251,0.1,0.02985217210734088,-0.17186846644878434,False,0.9948693529597461,constant
constant-314381,40,0,256,6204,147,0.9157606363296509,0.11174872517585754,0.6905748355665496,0.20211432137733007,0.1,0.029267547985804446,-0.00029463711024046096,False,0.9999913766942377,constant
constant-314381,40,1,122,1451,68,0.9599834084510803,0.12983188033103943,0.9304252171996622,0.3244904855832025,0.1,0.03487550418719674,-0.0521794593479051,False,0.9981802150470265,constant
constant-314381,41,0,256,4728,130,1.2776509523391724,0.1363336741924286,1.3982931751693157,0.253979685527142,0.1,0.01816355039395714,-0.5047347863398054,False,0.9908322242727338,constant
constant-314381,41,1,108,1445,62,1.1948518753051758,0.12502425909042358,1.1819521440387433,0.24077055038970688,0.1,0.02037058366567967,-0.35268354635513816,False,0.992815630311464,constant
constant-314381,42,0,256,4091,144,0.8365899324417114,0.1290123164653778,0.6768895902074608,0.25197200164968,0.1,0.03722497809021598,0.1645056635738959,False,1.0061237197222548,constant
constant-314381,42,1,79,3645,34,0.8142164349555969,0.185471773147583,1.1636210856861746,0.2965621006494597,0.1,0.025486140144545446,0.14698146089547837,False,1.0037459901110322,constant
constant-314381,43,0,256,6932,133,1.05597984790802,0.13962803781032562,0.8413582954578325,0.25186972148369363,0.1,0.02993608345498472,-0.2440516516485009,False,0.9926940493889236,constant
constant-314381,43,1,66,886,32,1.046963095664978,0.15440692007541656,1.4712135543918259,0.2866755753725885,0.1,0.01948565349447825,-0.12531311613087734,False,0.9975581920407605,constant
constant-314381,44,0,256,4732,126,1.0314136743545532,0.14236637949943542,0.651465476700057,0.2907637757586489,0.1,0.04463226159450354,-0.06219734961061192,False,0.9972239916216944,constant
constant-314381,44,1,85,962,50,1.052534818649292,0.12136667966842651,0.8968191416430681,0.2985333745282815,0.1,0.03328802438151984,-0.3664958174613779,False,0.9878000782926206,constant
constant-314381,45,0,256,4220,142,0.8609371185302734,0.14059117436408997,0.854918731938295,0.25135308780730165,0.1,0.029400816524095465,0.3279012079286725,False,1.0096405632523402,constant
constant-314381,45,1,110,745,58,0.8729305267333984,0.15543319284915924,0.6864947244993324,0.30559725073995414,0.1,0.04451560075175077,0.19085880971196903,False,1.0084961945730924,constant
constant-314381,46,0,256,3864,126,0.7664316296577454,0.1582082211971283,1.0113370771507273,0.290088072169167,0.1,0.02868361881742154,0.6036607082814527,False,1.0173151736514,constant
constant-314381,46,1,76,2075,47,0.760875403881073,0.11916929483413696,0.9542713886473916,0.23750853673425681,0.1,0.024888992749841053,0.5129835860377703,False,1.0127676447536815,constant
constant-314381,47,0,256,3871,137,0.9399738907814026,0.14189298450946808,0.6300453639044618,0.250943491703552,0.1,0.039829432304433934,-0.05322215978333369,False,0.9978801915898139,constant
constant-314381,47,1,75,772,34,0.9525203704833984,0.18193629384040833,0.8648396433771991,0.3317690309368467,0.1,0.038361912925416845,-0.2531483170485551,False,0.9902887463041675,constant
constant-314381,48,0,256,4507,139,0.814171314239502,0.1372355818748474,0.7373235603246983,0.23006293444796233,0.1,0.031202439041368563,0.41341248124721075,False,1.012899477745057,constant
constant-314381,48,1,105,2395,48,0.7430312633514404,0.143034428358078,0.8335660386794882,0.2174320157220554,0.1,0.02608455786736526,0.23192009005128192,False,1.0060495330095471,constant
constant-314381,49,0,256,4948,126,0.8767402172088623,0.15722565352916718,0.9237125688107987,0.2898938186955966,0.1,0.031383552469012116,0.009329743857803175,False,1.0002928005058838,constant
constant-314381,49,1,118,1672,63,0.8999077677726746,0.1439666748046875,0.7743530867824224,0.3019757115690459,0.1,0.038997159916261175,-0.009011904085655048,False,0.9996485613352217,constant
constant-314381,50,0,256,5679,122,0.9222517013549805,0.14487385749816895,0.6610601861331289,0.31056214701812346,0.1,0.046979405738342306,-0.18219487046279742,False,0.9914405932570836,constant
constant-314381,50,1,89,1337,47,0.974847674369812,0.13528847694396973,0.9444845290736226,0.27140986840199566,0.1,0.028736295836227433,-0.1272919127487403,False,0.9963421019376929,constant
constant-314381,51,0,256,3874,135,0.8715112805366516,0.12975355982780457,0.6348019139584011,0.25501616156186474,0.1,0.04017255713229877,-0.12263615365914626,False,0.9950733921106426,constant
constant-314381,51,1,130,1553,73,0.9390280246734619,0.12061507254838943,0.8966547629351517,0.20620912063906718,0.1,0.022997605005080506,-0.09045367824239282,False,0.9979197820365248,constant
constant-314381,52,0,256,4549,132,1.026817798614502,0.13639819622039795,0.9863826421604771,0.25401848747790823,0.1,0.02575253016633897,-0.19956099017945061,False,0.9948607995803792,constant
constant-314381,52,1,105,1068,61,1.0212430953979492,0.11817890405654907,0.9345686635253794,0.23380225930364687,0.1,0.025017130193697928,-0.11948424471376387,False,0.9970108470939001,constant
constant-314381,53,0,256,3469,131,0.7504095435142517,0.13479554653167725,1.1197553782118326,0.25069307282717396,0.1,0.02238819993233812,0.3367210071656683,False,1.0075385772298433,constant
constant-314381,53,1,56,1541,30,0.7493517994880676,0.12568512558937073,1.156307044494816,0.2470926127629371,0.1,0.021369117652560048,0.044747648473807015,False,1.0009562177649123,constant
constant-314381,54,0,256,5176,123,0.8662601709365845,0.14909009635448456,0.9236837927227762,0.3082399203987594,0.1,0.033370718727255076,0.010604837901251472,False,1.0003538910627507,constant
constant-314381,54,1,93,773,53,0.9221147298812866,0.11513572931289673,1.2429114102652024,0.2250159615981739,0.1,0.018103942062142775,-0.13574921250718858,False,0.9975424041217884,constant
constant-314381,55,0,256,3458,136,1.0313127040863037,0.12777404487133026,0.8888345819718572,0.28472771314592116,0.1,0.03203382484446767,-0.37384441273681046,False,0.9880243335633061,constant
constant-314381,55,1,125,2704,65,0.9468486309051514,0.14787456393241882,0.9148715318196792,0.32431261160935215,0.1,0.0354489783898177,-0.1132910120034746,False,0.9959839493637282,constant
constant-314381,56,0,256,4100,136,1.0621381998062134,0.13222995400428772,1.0746958290714936,0.26477462628133497,0.1,0.024637168873177136,-0.4383864268829062,False,0.9891993995691771,constant
constant-314381,56,1,83,1404,45,0.9327225089073181,0.14860470592975616,0.883145511047523,0.2484394613113237,0.1,0.02813120354500165,-0.24615767521825252,False,0.993075288334271,constant
constant-314381,57,0,256,4134,136,0.9508277177810669,0.14883171021938324,0.7420526039983485,0.25580920328814355,0.1,0.03447318989378722,-0.04551190907865815,False,0.9984310593159026,constant
constant-314381,57,1,107,807,54,0.8547680377960205,0.15735575556755066,0.7719335013829817,0.2559594861629808,0.1,0.033158230042407616,-0.113792155715206,False,0.9962268535237737,constant
constant-314381,58,0,256,6137,141,0.8496764898300171,0.1301446557044983,0.8937526463506323,0.26786074180742353,0.1,0.029970343909039215,0.30787213942484015,False,1.009227033898574,constant
constant-314381,58,1,123,1046,66,0.8689812421798706,0.14772023260593414,0.813631773665595,0.27155531540437133,0.1,0.03337570190762749,-0.014196363469690328,False,0.9995261864046633,constant
constant-314381,59,0,256,4866,132,0.658765971660614,0.16032597422599792,0.9080739804421816,0.2406945781375903,0.1,0.02650605383719787,0.3460484947078786,False,1.0091723800310084,constant
constant-314381,59,1,104,1137,50,0.7253757119178772,0.16582639515399933,0.9100685401581982,0.2981373384336254,0.1,0.03275987744635145,0.4738916945047797,False,1.0155246338348205,constant
constant-314381,60,0,256,3474,136,0.898168683052063,0.14625325798988342,0.8941760736335648,0.25529426546545475,0.1,0.028550782445793208,0.0930657012284375,False,1.0026570985889383,constant
constant-314381,60,1,118,1224,66,0.8882507085800171,0.1439242660999298,1.1652463891018263,0.3225107743710913,0.1,0.02767747468582015,-0.298514174692324,False,0.9917378814865947,constant
constant-314381,61,0,256,7562,126,1.0204651355743408,0.1596301794052124,0.9769502077375032,0.28270217634464173,0.1,0.028937214415394343,-0.37300801348334894,False,0.989206187135172,constant
constant-314381,61,1,109,754,60,0.949633777141571,0.13645344972610474,0.961019124888249,0.2651251292134354,0.1,0.027587913949606902,-0.08114848588082789,False,0.9977612825543788,constant
constant-314381,62,0,256,4170,114,0.7303258776664734,0.17548179626464844,1.0592771800634593,0.28768715943390893,0.1,0.027158817809770447,0.19633072902108498,False,1.005332110499943,constant
constant-314381,62,1,94,995,47,0.6730635762214661,0.15738531947135925,1.1069993898387336,0.28642512730219105,0.1,0.025874009500937226,0.41733999396293836,False,1.0107982589689182,constant
constant-314381,63,0,256,4891,131,0.9161462783813477,0.14327797293663025,0.8295675709318637,0.27645701458720967,0.1,0.033325436561685025,-0.005082245305456717,False,0.999830631956482,constant
constant-314381,63,1,109,2741,61,0.9803964495658875,0.14184148609638214,1.2462294689782147,0.2553568429991619,0.1,0.0204903550554401,-0.10798614768938397,False,0.9977873254927754,constant
constant-314381,64,0,256,5084,139,1.0398368835449219,0.12026965618133545,1.1046569826388908,0.25869789610768823,0.1,0.02341884405507405,-0.42610752967803933,False,0.9900210542117771,constant
constant-314381,64,1,124,1251,62,1.0495836734771729,0.1579028069972992,1.1363150098809476,0.3752542354429659,0.1,0.03302378584986583,-0.3443881806359772,False,0.9886269984734526,constant
constant-314381,65,0,256,4426,125,1.0706911087036133,0.16236905753612518,0.9045649804245227,0.2975241734659341,0.1,0.03289140967255914,-0.370058072466301,False,0.9878282683358733,constant
constant-314381,65,1,111,1161,61,1.0212745666503906,0.15483587980270386,0.919892651233813,0.2516223989615591,0.1,0.02735345245166038,-0.3855228421018509,False,0.989454619269538,constant
constant-314381,66,0,256,6134,129,0.8285626173019409,0.15764299035072327,0.8059608841683528,0.2618161868103451,0.1,0.03248497438935954,-0.010112861217299218,False,0.9996714839623528,constant
constant-314381,66,1,67,485,32,0.7456088662147522,0.17806373536586761,0.9275171593640539,0.3598171748468673,0.1,0.0387935868586597,0.24020824446988825,False,1.0093185393960087,constant
constant-314381,67,0,256,6573,134,1.0926544666290283,0.156594917178154,1.0058514335087771,0.28040620250757403,0.1,0.027877496931074084,-0.23756339447553515,False,0.9933773271995727,constant
constant-314381,67,1,116,1634,68,1.0055198669433594,0.16033774614334106,1.015843541024741,0.30094293278200435,0.1,0.029624929492432027,-0.4250268447216459,False,0.9874086096927304,constant
constant-314381,68,0,256,5201,129,0.8407474756240845,0.16889341175556183,0.803096780249222,0.30286645214551944,0.1,0.03771232304673567,0.5264156191571573,False,1.019852355886502,constant
constant-314381,68,1,118,2328,55,0.8790745139122009,0.1759435534477234,0.7076637915745214,0.313375127759591,0.1,0.04428305241707292,0.3176016884975993,False,1.01406437221949,constant
constant-314381,69,0,256,3247,133,0.7499890923500061,0.15339316427707672,0.6854088149295628,0.23735522598791917,0.1,0.03462973058091051,0.3213092826921555,False,1.011126853892775,constant
constant-314381,69,1,121,2299,61,0.851948082447052,0.15991659462451935,0.7306678452010309,0.2610039844442935,0.1,0.03572129061906135,0.11894280997042633,False,1.0042487906820015,constant
constant-314381,70,0,256,6601,130,0.719019889831543,0.16855978965759277,0.7231062777966376,0.26220466304356543,0.1,0.03626087493563518,0.40302073066522565,False,1.01461388431112,constant
constant-314381,70,1,104,935,56,0.7498673796653748,0.1624976098537445,1.0156997570901722,0.2862295442588459,0.1,0.028180526997353107,0.26554417621075027,False,1.007483174826697,constant
constant-314381,71,0,256,6106,111,0.8377354145050049,0.1909489631652832,0.8182331736751092,0.36464832952291837,0.1,0.04456533189495285,0.38782978038673294,False,1.0172837628816813,constant
constant-314381,71,1,102,955,47,0.8770735859870911,0.1804524064064026,0.9824967460260128,0.3433828397107606,0.1,0.03495002310182401,0.1197036972526275,False,1.004183646984353,constant
constant-314381,72,0,256,6316,146,0.7469163537025452,0.13777169585227966,0.7017347748817232,0.24025335903062364,0.1,0.0342370604436866,0.26602081354592766,False,1.0091077706726506,constant
constant-314381,72,1,123,1232,50,0.7274067401885986,0.18453584611415863,1.1524751584553732,0.4088243255675189,0.1,0.035473591128458985,0.2547610003528543,False,1.0090372875619944,constant
constant-314381,73,0,256,3836,123,1.0068933963775635,0.16596153378486633,1.1959441568515374,0.3154218465901,0.1,0.02637429555410721,-0.3722193915737311,False,0.9901829757556645,constant
constant-314381,73,1,83,919,47,0.9229122996330261,0.13090083003044128,1.1737628071131847,0.2594721337464221,0.1,0.022106010871530492,-0.11598090471950587,False,0.9974361248593807,constant
constant-314381,74,0,256,1715,159,0.9584417343139648,0.12038996070623398,0.9057493553164214,0.21961113028000667,0.1,0.024246346849817635,-0.4181840637143912,False,0.9898605641441146,constant
constant-314381,74,1,152,2175,71,1.0212032794952393,0.139237180352211,1.132354634687142,0.2684580782617457,0.1,0.023707950675356925,-0.3417803961059574,False,0.9918970872273161,constant
constant-314381,75,0,256,4116,136,0.9667865037918091,0.1393641084432602,1.1662888345467657,0.23989360772108348,0.1,0.02056897061989873,-0.4874428417317494,False,0.9899738025095397,constant
constant-314381,75,1,120,2144,60,0.8850693106651306,0.13868558406829834,1.062851815144089,0.2963234716480071,0.1,0.02788003627841902,-0.114959646013775,False,0.9967949208985818,constant
constant-314381,76,0,256,4395,137,0.9352920055389404,0.14331555366516113,0.830670305233785,0.2933236795808361,0.1,0.03531168476021093,-0.07702332497542977,False,0.9972801766292844,constant
constant-314381,76,1,106,2721,54,0.9175547361373901,0.15807893872261047,1.2018424792613358,0.31485441460234603,0.1,0.026197644037000478,0.1286521362498331,False,1.0033703828700729,constant
constant-314381,77,0,256,6458,118,0.8218679428100586,0.18237872421741486,0.6618748447269849,0.3287440814384022,0.1,0.04966861696851541,0.2510598248032807,False,1.0124697942743368,constant
constant-314381,77,1,118,1850,65,0.7566050887107849,0.1381685733795166,0.8769672349859476,0.25592400930832954,0.1,0.02918284732866108,0.11851786853286954,False,1.003458688863113,constant
constant-314381,78,0,256,3944,135,0.8383824229240417,0.14692382514476776,0.8690487243422681,0.25748841268257,0.1,0.029628765967920596,-0.020143208717790254,False,0.9994031815830576,constant
constant-314381,78,1,106,1824,55,0.8934227228164673,0.1444166600704193,1.1222209209320468,0.22778122578205995,0.1,0.02029736048699565,-0.515833192481156,False,0.9895299477410522,constant
constant-314381,79,0,256,3330,129,0.9874714612960815,0.15111257135868073,0.8031205019626858,0.2937240418814014,0.1,0.036572848179518676,-0.13571481784153488,False,0.9950365225713705,constant
constant-314381,79,1,126,1830,63,0.9986238479614258,0.1623324155807495,1.0580694067718783,0.34522106388086576,0.1,0.03262744973735887,0.12387197386513141,False,1.004041626601152,constant
constant-314381,80,0,256,5298,139,0.8019841909408569,0.14403830468654633,0.8072521592634133,0.24719808611412356,0.1,0.03062216474461739,-0.05607296891907152,False,0.9982829243080403,constant
constant-314381,80,1,103,1055,43,0.8102049827575684,0.19833940267562866,1.14055874432536,0.3056564833538713,0.1,0.026798837400932557,-0.00665771003046361,False,0.999821581111431,constant
constant-314381,81,0,256,7907,131,0.8036355376243591,0.15239758789539337,0.5581471867978492,0.2522699570739997,0.1,0.045197747662457946,0.05074457761144797,False,1.0022935406141202,constant
constant-314381,81,1,140,3318,58,0.7359863519668579,0.18814969062805176,0.678958180451253,0.2995322998919037,0.1,0.04411645790803005,-0.10609860056026921,False,0.9953193055542819,constant
constant-314381,82,0,256,5687,121,0.85030597448349,0.15796121954917908,0.6810962792775396,0.27695245341076763,0.1,0.04066274649224921,0.23355202603788766,False,1.0094968668275297,constant
constant-314381,82,1,156,2235,68,0.920881450176239,0.17814944684505463,0.767098607780069,0.2813064466410128,0.1,0.036671484446451345,-0.18000744099396546,False,0.9933988599273443,constant
constant-314381,83,0,256,5054,125,1.271179437637329,0.17091166973114014,1.5099318209878096,0.2502424711045956,0.1,0.01657309738269407,-0.41710956845878555,False,0.993087202502679,constant
constant-314381,83,1,142,2940,67,1.2255175113677979,0.15200859308242798,1.38759836419359,0.2761542872589189,0.1,0.019901600807911545,-0.34308218210179753,False,0.9931721153675028,constant
constant-314381,84,0,256,7602,129,0.8410479426383972,0.14790529012680054,0.5984949050883097,0.25037545677143364,0.1,0.0418341834897475,-0.25877607482141796,False,0.9891743142031642,constant
constant-314381,84,1,156,1577,74,0.7645314931869507,0.19810126721858978,0.6818554059600135,0.26331922212058373,0.1,0.03861804420980506,0.03554631041487237,False,1.001372728987097,constant
constant-314381,85,0,256,5827,124,1.044763207435608,0.17287351191043854,0.8355135807747979,0.21855826495324415,0.1,0.026158553251829638,-0.22565472017848867,False,0.9940971989856843,constant
constant-314381,85,1,173,4492,86,1.0738006830215454,0.18667101860046387,0.7888770206638186,0.24865223357488722,0.1,0.03151977140437595,-0.2792920286822318,False,0.9911967791008717,constant
constant-314381,86,0,256,9180,101,0.9019850492477417,0.2039174735546112,0.617126285154455,0.2888639922880353,0.1,0.04680792233889991,0.4647694426301024,False,1.0217548919761237,constant
constant-314381,86,1,150,4783,59,0.9139893054962158,0.20100536942481995,0.7044412957224451,0.27809844294177893,0.1,0.039477873405557945,0.40927592942904134,False,1.0161573433299418,constant
constant-314381,87,0,256,8566,118,0.9176832437515259,0.165480375289917,0.4902437697710368,0.21644901341888426,0.1,0.044151303242461304,0.3911778714443887,False,1.0172710128238818,constant
constant-314381,87,1,184,3610,91,0.9448638558387756,0.18050271272659302,0.5403316826404752,0.28457724940135826,0.1,0.052667141043940914,-0.3246431098074749,False,0.9829019755468261,constant
constant-314381,88,0,256,6017,106,0.9504048824310303,0.1998944878578186,0.5587175908582501,0.28372534902295937,0.1,0.05078153143292425,-0.022971457564025556,False,0.9988334742056524,constant
constant-314381,88,1,159,2879,69,1.0022772550582886,0.19744271039962769,0.6382076760943703,0.26678585901002405,0.1,0.041802358229639194,-0.28500343843763354,False,0.9880861841697511,constant
constant-314381,89,0,256,5588,112,0.9591526985168457,0.19999128580093384,0.5386748312025328,0.2637707936595931,0.1,0.04896660812437693,-0.16696481839871039,False,0.9918242991669126,constant
constant-314381,89,1,176,5175,84,0.9439475536346436,0.19171570241451263,0.5272804425809112,0.2219465914169974,0.1,0.04209270314116376,-0.24901075224770022,False,0.9895184643266797,constant
constant-314381,90,0,256,5036,103,0.9172775149345398,0.21414655447006226,0.6145405765028026,0.25847632819236777,0.1,0.04206009140410096,0.31463403711697074,False,1.0132335363599811,constant
constant-314381,90,1,180,4141,85,0.8753631114959717,0.1983785331249237,0.5246507164693037,0.23225586305736987,0.1,0.04426866404002303,0.044941395606095925,False,1.001989495543576,constant
constant-314381,91,0,256,11214,109,0.9113729000091553,0.19393664598464966,0.6349271252741954,0.2290438543680121,0.1,0.03607403830307278,0.0587987543918374,False,1.002121108518104,constant
constant-314381,91,1,196,3307,84,0.9340503215789795,0.203779399394989,0.9456161759743741,0.24159095078389356,0.1,0.02554852136861506,0.21600905040898866,False,1.0055187118401883,constant
constant-314381,92,0,256,7279,99,0.9923826456069946,0.20759940147399902,0.4488572249866828,0.2934401154761146,0.1,0.06537493419757713,0.014572504394591209,False,1.0009526765158903,constant
constant-314381,92,1,161,3339,69,1.0095869302749634,0.1970938891172409,0.6077419884977573,0.2815495035334887,0.1,0.04632714356785432,-0.3317767945462691,False,0.9846297288065725,constant
constant-314381,93,0,256,5946,119,0.9778056144714355,0.17417976260185242,0.6768364710748715,0.22753369096528597,0.1,0.03361723262399615,-0.04343398635799395,False,0.9985398695768158,constant
constant-314381,93,1,155,4400,76,0.9772807359695435,0.16674168407917023,0.7437198217662909,0.21299511634137222,0.1,0.028639160892003836,0.23953528419811196,False,1.0068600895434616,constant
constant-314381,94,0,256,5938,121,1.0940570831298828,0.1821216344833374,0.8909738721949243,0.21529653248365768,0.1,0.024164180252926184,-0.43792260895637886,False,0.9894179591403464,constant
constant-314381,94,1,165,2661,74,1.086611032485962,0.2009207308292389,0.8852291254053731,0.24390787843442996,0.1,0.027553078794457557,-0.4486862005503315,False,0.987637313762251,constant
constant-314381,95,0,256,5893,108,0.9802777171134949,0.2069641500711441,0.4480422972550378,0.23053415396225174,0.1,0.05145365858862773,0.016786015565110283,False,1.0008637019139506,constant
constant-314381,95,1,210,3742,88,0.9693469405174255,0.21778962016105652,0.4707561286236998,0.24758569156009955,0.1,0.05259319560723295,0.29064880965929213,False,1.0152861496994205,constant
constant-314381,96,0,256,4774,100,0.832750141620636,0.2225760817527771,0.5304975006861135,0.22995241047387519,0.1,0.04334655868811232,0.3770399946621798,False,1.0163433862563898,constant
constant-314381,96,1,157,5294,62,0.873490571975708,0.20835691690444946,0.588531571271059,0.22507678869727632,0.1,0.03824379178353596,0.4169954945336554,False,1.0159474888676177,constant
constant-314381,97,0,256,5775,88,0.9104039669036865,0.23699384927749634,0.4589138296905304,0.3131978012255753,0.1,0.06824762754192458,0.5978680646235929,False,1.0408030769936423,constant
constant-314381,97,1,158,4143,59,0.9174346923828125,0.21077433228492737,0.42746459160517836,0.26193240334179074,0.1,0.0612758128943978,0.2667077447374575,False,1.0163427338640192,constant
constant-314381,98,0,256,3952,107,0.9277733564376831,0.1979362666606903,0.45227898605859557,0.23708299888544665,0.1,0.05241963615234847,0.3373971315640744,False,1.0176862348754347,constant
constant-314381,98,1,188,3365,84,0.9285174012184143,0.173622265458107,0.49226423573589473,0.23015366571238452,0.1,0.04675409038568964,0.053546415317168014,False,1.0025035139415686,constant
constant-314381,99,0,256,3344,132,0.9155579209327698,0.16877245903015137,0.46631241388273864,0.2524796038416224,0.1,0.054143873575948215,0.38177400915254767,False,1.0206707236861385,constant
constant-314381,99,1,140,1934,55,0.843086838722229,0.21034446358680725,0.4736724884934128,0.27159517306519226,0.1,0.057338177678218534,0.24705930057263104,False,1.01416593007329,constant
constant-314381,100,0,256,3732,128,0.8603553771972656,0.1873875856399536,0.6175594620218767,0.284680277927593,0.1,0.04609763033919936,0.32449408099656485,False,1.0149584081930378,constant
constant-314381,100,1,155,1839,87,0.8201572299003601,0.1520998477935791,0.6783597014841012,0.24546088718313228,0.1,0.036184473612762974,0.31336714492327405,False,1.011339025186583,constant
constant-314381,101,0,256,3589,142,0.9715029001235962,0.14970876276493073,0.6857429762874835,0.2609191033615214,0.1,0.03804911058281646,-0.6000421685380444,False,0.9771689291749429,constant
constant-314381,101,1,129,3053,75,1.0210881233215332,0.12660931050777435,0.8687845434709723,0.2491694367262493,0.1,0.028680233620497705,-0.43237008881961997,False,0.987599524842138,constant
constant-314381,102,0,256,1725,147,0.8612157106399536,0.14494240283966064,0.506871157609535,0.2612314250714205,0.1,0.05153803311741373,0.12857132354991602,False,1.0066263131310653,constant
constant-314381,102,1,121,1692,55,0.8317692875862122,0.18341195583343506,0.9153785220287312,0.2907254352393949,0.1,0.031760132911472214,-0.1651941093514342,False,0.9947534131308062,constant
constant-314381,103,0,256,3462,145,0.833297848701477,0.14250077307224274,0.6569074703848848,0.2693272489738146,0.1,0.040999267189946044,0.35240865401779453,False,1.014448496566125,constant
constant-314381,103,1,125,972,66,0.8383105397224426,0.1412634402513504,0.7301211277912217,0.2832153535515798,0.1,0.03879018737731492,-0.06986276951511784,False,0.9972900100798104,constant
constant-314381,104,0,256,4218,141,0.8183306455612183,0.1386549174785614,0.5579864727391081,0.22877432285163748,0.1,0.04099997652785449,0.18582356077986173,False,1.0076187616302967,constant
constant-314381,104,1,79,1173,41,0.805335283279419,0.1314546763896942,0.9625991848982299,0.2673177318554942,0.1,0.027770409122438243,0.1316816837089298,False,1.0036568542305284,constant
constant-314381,105,0,256,3232,148,0.784462571144104,0.1317770928144455,0.8230066592281434,0.246076287387848,0.1,0.029899671482443487,0.24741482689174227,False,1.0073976220439487,constant
constant-314381,105,1,127,1898,58,0.8080776929855347,0.16787084937095642,0.8915529459362094,0.2723505437293007,0.1,0.030547882206065573,-0.023732259232724887,False,0.9992750297404749,constant
constant-314381,106,0,256,2949,137,0.9294836521148682,0.15018901228904724,0.8043168173338313,0.22355286016564918,0.1,0.027794129794113664,-0.2637907266618454,False,0.9926681663046771,constant
constant-314381,106,1,86,1148,53,0.9073308706283569,0.11793246865272522,1.0094361426568925,0.1956329417191281,0.1,0.019380417784943905,0.1601976454034667,False,1.0031046972960835,constant
constant-314381,107,0,256,3132,135,0.9744393825531006,0.1438605934381485,0.9545701544239816,0.2548143119663571,0.1,0.02669414194288531,-0.5469363734555077,False,0.9854000028132518,constant
constant-314381,107,1,114,1384,63,1.0258713960647583,0.125579372048378,1.1864529165007687,0.2574405617883783,0.1,0.021698337810796015,-0.428107660008363,False,0.9907107753737492,constant
constant-314381,108,0,256,3267,146,0.7254586219787598,0.13168376684188843,0.8403254472455706,0.19625398577529723,0.1,0.02335452132487253,0.20157355106509278,False,1.00470765379688,constant
constant-314381,108,1,116,1274,60,0.6972703337669373,0.1430055797100067,0.7416974900408432,0.187865397488691,0.1,0.025329113285572233,0.2510007100643345,False,1.0063576254199786,constant
constant-314381,109,0,256,2873,143,0.7322646975517273,0.12502184510231018,0.7794687613918333,0.22419415958691893,0.1,0.028762430348920443,0.5185723242882474,False,1.0149154003582186,constant
constant-314381,109,1,117,1340,58,0.7381263971328735,0.14767754077911377,1.0169597652434013,0.2611333143861674,0.1,0.02567784127857479,0.6028790676857282,False,1.0154806330102093,constant
constant-314381,110,0,256,3845,142,0.8242856860160828,0.12657132744789124,0.668338774010463,0.18367418889776446,0.1,0.02748219855562188,-0.16887767169001466,False,0.9953588702950039,constant
constant-314381,110,1,102,3332,49,0.655840277671814,0.1593395173549652,0.8190128918418248,0.2520390880924511,0.1,0.03077351902552557,0.42120037186750214,False,1.012961817657223,constant
constant-314381,111,0,256,1983,150,0.8809161186218262,0.10571588575839996,0.9094214071060785,0.18572801090340751,0.1,0.02042265658716163,-0.005767399157231437,False,0.9998822143876108,constant
constant-314381,111,1,137,2776,81,0.8332865238189697,0.11193802207708359,1.0993442979126948,0.19529322439473856,0.1,0.01776451879229631,0.05309387995017369,False,1.0009431872281307,constant
constant-314381,112,0,256,4854,128,0.9122344255447388,0.13225802779197693,0.9339422518908262,0.2177511059474674,0.1,0.023315264461653412,-0.4593029472682893,False,0.989291230316423,constant
constant-314381,112,1,100,1151,60,0.8597527146339417,0.09299682825803757,1.0350503345526456,0.2034472547942361,0.1,0.0196557836853574,-0.06172884361884161,False,0.9987866712026808,constant
constant-314381,113,0,256,3624,135,1.1597950458526611,0.12735004723072052,1.3888171503662847,0.19791192140624225,0.1,0.014250394398862748,-0.42273692580907896,False,0.9939758320802579,constant
constant-314381,113,1,125,583,71,1.1804373264312744,0.11181221902370453,1.8106556616517808,0.22290600185316717,0.1,0.012310789211562177,-0.4103902445653978,False,0.9949477722046739,constant
constant-314381,114,0,256,4498,135,0.9585064649581909,0.12381668388843536,0.9519250238062137,0.21123298734736473,0.1,0.022190086620767952,-0.20257621181073318,False,0.9955048163126128,constant
constant-314381,114,1,113,1037,56,0.8444939255714417,0.15999183058738708,1.3133845075156474,0.2477300186373388,0.1,0.018861956816129673,-0.24141614056964936,False,0.9954464191818586,constant
constant-314381,115,0,256,4555,140,1.0772881507873535,0.14699020981788635,1.1695814762612742,0.24314509765047082,0.1,0.02078906878960815,-0.5782210673137449,False,0.9879793224560139,constant
constant-314381,115,1,100,1668,50,1.0329406261444092,0.1287238895893097,1.224095324156814,0.26476339938724175,0.1,0.02162931220814989,-0.39468913668422484,False,0.9914631454374917,constant
constant-314381,116,0,256,4366,140,0.8520276546478271,0.1417703628540039,0.6292251677903131,0.20041085300352393,0.1,0.031850419096762846,-0.1513232099395047,False,0.9951802923443593,constant
constant-314381,116,1,112,2211,55,0.8657082319259644,0.1990121752023697,1.0984876258014507,0.2765688220874478,0.1,0.025177236009888113,-0.041688473259546145,False,0.9989503994698525,constant
constant-314381,117,0,256,4874,128,0.951723575592041,0.1774510145187378,0.7935389920902913,0.23052942209391844,0.1,0.029050799568988046,0.07542161138628639,False,1.002191058115553,constant
constant-314381,117,1,113,1545,63,0.8857823610305786,0.17453652620315552,0.7622134266814442,0.21041970040261135,0.1,0.027606401702833443,0.025863490921040757,False,1.0007139979198039,constant
constant-314381,118,0,256,5094,135,0.7678464651107788,0.17671696841716766,0.5540395376425008,0.17756605377129844,0.1,0.03204934697022916,0.541927832245959,False,1.017368433128475,constant
constant-314381,118,1,138,1674,73,0.7661909461021423,0.17634278535842896,0.5550226768861675,0.1988859440099468,0.1,0.035833841082990085,0.44815307188155046,False,1.0160590459586574,constant
constant-314381,119,0,256,5953,134,0.9560006856918335,0.1918918937444687,0.4041564393246352,0.2134611994245147,0.1,0.05281647863416914,0.0021232268464126706,False,1.000112141365369,constant
constant-314381,119,1,117,784,67,0.9937340617179871,0.15735280513763428,0.44045730752289775,0.17053975774147861,0.1,0.03871879404171604,-0.047319283689217305,False,0.9981678544006357,constant
constant-314381,120,0,256,4963,142,0.8681942224502563,0.16778655350208282,0.4184239330485711,0.1574137358513053,0.1,0.037620633863941176,-0.049703782382361845,False,0.9981301122013402,constant
constant-314381,120,1,95,1140,53,0.890688955783844,0.1517067849636078,0.5331983626068848,0.17056782343418167,0.1,0.03198956249607569,0.16749882560159923,False,1.0053582141496016,constant
constant-314381,121,0,256,4133,148,0.8822610378265381,0.16137439012527466,0.3587278018865079,0.16749215993138974,0.1,0.046690599125734866,0.177544984432247,False,1.008289681694911,constant
constant-314381,121,1,108,1587,53,0.8770915865898132,0.1962060183286667,0.4298940446090501,0.18680232103795863,0.1,0.04345310742972457,0.33043430468131174,False,1.0143583973397834,constant
constant-314381,122,0,256,4136,136,0.9766360521316528,0.17619886994361877,0.39204243925608606,0.1761228185564154,0.1,0.044924426776502685,-0.01945580219910135,False,0.9991259592387284,constant
constant-314381,122,1,128,2982,70,0.9842140674591064,0.17426949739456177,0.47577916585196506,0.19312926531020483,0.1,0.04059220730364967,-0.031467602961732004,False,0.9987226605372285,constant
constant-314381,123,0,256,5061,130,0.8290644884109497,0.1874934434890747,0.5189656615342884,0.16696661229186227,0.1,0.03217295953613507,0.689306635834102,False,1.02217703450268,constant
constant-314381,123,1,109,977,58,0.7995373010635376,0.17549726366996765,0.6572040646727704,0.16238131853855706,0.1,0.0247078993066497,0.5730453236453925,False,1.0141587461547767,constant
constant-314381,124,0,256,4864,135,0.8325262069702148,0.17350450158119202,0.3722506194973437,0.18498575863129024,0.1,0.04969387529323112,0.319764454831711,False,1.015890334941615,constant
constant-314381,124,1,96,1209,50,0.7871241569519043,0.18290138244628906,0.7535061471653856,0.182803957770606,0.1,0.024260446773831393,0.3055409591066135,False,1.0074125601756314,constant
constant-314381,125,0,256,2882,141,0.9794837236404419,0.15997889637947083,0.4545242607861285,0.19670181822314683,0.1,0.04327641782705693,-0.4615650728350488,False,0.9800251170536145,constant
constant-314381,125,1,84,2032,43,0.9784154891967773,0.17114880681037903,0.6528930648708197,0.20365817995727048,0.1,0.031193190878442856,-0.3154548279684052,False,0.9901599573376552,constant
constant-314381,126,0,256,2140,148,0.8326877355575562,0.15001335740089417,0.5825665337151839,0.15419118453836442,0.1,0.026467566469197203,0.27316490801212573,False,1.007230010359863,constant
constant-314381,126,1,161,1787,85,0.8418281674385071,0.1838926523923874,0.554727418056078,0.21901816054177822,0.1,0.039482122825166985,0.29614183494797325,False,1.0116923083010863,constant
constant-314381,127,0,256,2594,148,0.8958999514579773,0.15754422545433044,0.5386782933543073,0.2005819301130746,0.1,0.03723594074379102,-0.2722342024202144,False,0.9898631033702476,constant
constant-314381,127,1,111,1873,51,0.8415305018424988,0.19167359173297882,0.55608931942618,0.2747398596545624,0.1,0.049405706971330114,-0.22074732779031667,False,0.9890938222084874,constant
constant-314381,128,0,256,4678,151,0.8361936211585999,0.14311134815216064,0.5073800080195452,0.15970075872649847,0.1,0.03147557180068209,-0.1584926738777097,False,0.99501135246348,constant
constant-314381,128,1,129,2012,65,0.8103485703468323,0.17640702426433563,0.6003324869363105,0.228839920096342,0.1,0.038118863309261446,0.3851463074517395,False,1.0146813394478196,constant
constant-314381,129,0,256,5168,141,0.736248254776001,0.16332730650901794,0.5273658321682727,0.17439400088269963,0.1,0.033068885059480635,0.3242688463002163,False,1.0107232092066722,constant
constant-314381,129,1,95,1987,47,0.7785630226135254,0.1567416936159134,1.3552237659485729,0.20880238879126556,0.1,0.015407226026996127,0.12056911062235237,False,1.0018576355392326,constant
constant-314381,130,0,256,3210,146,0.8374731540679932,0.1478266566991806,0.6867491663825414,0.214041584223279,0.1,0.03116735988930942,0.22816709882255082,False,1.0071113660839022,constant
constant-314381,130,1,140,1148,72,0.936002254486084,0.15909355878829956,0.8340805469202562,0.22915073979534523,0.1,0.027473454529236684,0.026687684833347197,False,1.0007332028957596,constant
constant-314381,131,0,256,3246,146,0.9040250778198242,0.14366647601127625,0.5775663835710415,0.20451062705740736,0.1,0.03540902533020297,-0.20426667277470154,False,0.9927671162096043,constant
constant-314381,131,1,84,979,40,0.8185991048812866,0.17725668847560883,0.7565018215631193,0.2618097277822184,0.1,0.0346079441343915,-0.1575652895760903,False,0.9945469892608314,constant
constant-314381,132,0,256,2839,142,0.8250271081924438,0.1370108723640442,0.6913965521163249,0.20792460819387135,0.1,0.030073133508899653,0.12832151046971063,False,1.0038590299164192,constant
constant-314381,132,1,99,2684,56,0.8452350497245789,0.12896406650543213,0.7067267100264016,0.21273409359691506,0.1,0.030101323549660067,-0.0070533480720299585,False,0.9997876848875754,constant
constant-314381,133,0,256,6769,129,0.8058897852897644,0.15292468667030334,0.5791537601408872,0.1702861128560892,0.1,0.02940257399255506,-0.2593753990791837,False,0.9923736956367258,constant
constant-314381,133,1,66,340,38,0.777805745601654,0.1519618034362793,1.0299749746469153,0.22957523973195393,0.1,0.02228939977989799,-0.347579881456534,False,0.9922526530667658,constant
constant-314381,134,0,256,3580,149,0.9894096851348877,0.123917356133461,0.9007297727174762,0.20867183494286773,0.1,0.023166974298330423,-0.18694208142138452,False,0.9956691176044344,constant
constant-314381,134,1,106,4217,46,0.956680178642273,0.15817371010780334,1.7071664599872298,0.2589357297308285,0.1,0.015167573625641959,-0.16042159978393983,False,0.9975667935741338,constant
constant-314381,135,0,256,2637,144,0.9890791177749634,0.12482252717018127,1.0853413930928124,0.2269693981358339,0.1,0.020912258537293688,-0.15800150369097044,False,0.9966958317055332,constant
constant-314381,135,1,113,1362,64,0.8746267557144165,0.11644451320171356,1.4478078257599938,0.23803465821521444,0.1,0.01644103961727542,-0.09151610804125422,False,0.9984953800420748,constant
constant-314381,136,0,256,8039,137,0.7570995688438416,0.12896835803985596,0.7632058200566043,0.22018783126715719,0.1,0.028850386813196294,0.42281151351232843,False,1.0121982757139036,constant
constant-314381,136,1,116,507,61,0.6880497336387634,0.15094120800495148,1.1349724811433615,0.23374539868009325,0.1,0.0205948075890457,0.11313572121861552,False,1.0023300084099453,constant
constant-314381,137,0,256,3781,127,0.6510220766067505,0.1702398657798767,0.6361840732749269,0.18420120127201672,0.1,0.028954073044267208,0.36185105019798786,False,1.0104770617385774,constant
constant-314381,137,1,119,1600,71,0.6318318843841553,0.12711572647094727,1.0273831148495294,0.16883382537878214,0.1,0.016433385261885442,0.2180498002847636,False,1.0035832963743567,constant
constant-314381,138,0,256,4406,134,0.9370556473731995,0.14594878256320953,0.9224814144040321,0.20706649110559688,0.1,0.022446684331236304,-0.08833692993950971,False,0.9980171288188573,constant
constant-314381,138,1,102,2014,56,1.0191653966903687,0.1362760365009308,1.5849747625793993,0.21190308654746623,0.1,0.013369492786283462,-0.3357050771069707,False,0.9955117933932996,constant
constant-314381,139,0,256,4481,142,0.9514792561531067,0.12415358424186707,0.939551549489168,0.20302376792473867,0.1,0.021608582098036264,-0.3657265309903479,False,0.9920971682296651,constant
constant-314381,139,1,80,1043,45,0.8870517611503601,0.1192517951130867,1.1277935439511422,0.20667057563850588,0.1,0.018325213577163303,-0.0703547808627813,False,0.998710733614515,constant
constant-314381,140,0,256,5312,141,0.9111419916152954,0.1313561201095581,1.1090282511092968,0.20955217770698045,0.1,0.01889511628737839,-0.07364302057083662,False,0.9986085065625603,constant
constant-314381,140,1,131,1469,77,0.8920858502388,0.11267594993114471,0.993101521974051,0.19840393341088056,0.1,0.019978212601718753,-0.26089274993301975,False,0.994787829175591,constant
constant-314381,141,0,256,3704,138,0.8676621913909912,0.14364290237426758,0.9086659220755182,0.1865100564828889,0.1,0.020525701685485707,-0.09738275276923508,False,0.9980011506673473,constant
constant-314381,141,1,137,2240,76,0.8594732284545898,0.13299624621868134,1.3554323412391196,0.20944390751425324,0.1,0.015452184601319325,0.0021502317605872675,False,1.0000332257781002,constant
constant-314381,142,0,256,3390,142,0.7630972266197205,0.1392592489719391,0.5572142290513161,0.20689021924770146,0.1,0.037129385514785215,0.32569000521876973,False,1.01209266976208,constant
constant-314381,142,1,105,2332,59,0.8482218980789185,0.15069028735160828,0.8166195051301756,0.23455948483344236,0.1,0.02872322830398862,-0.33583112001073356,False,0.9903538460683475,constant
constant-314381,143,0,256,5235,139,0.9641584157943726,0.14852693676948547,1.3109452860449533,0.17159153623155624,0.1,0.013089145524084996,-0.1905255738030244,False,0.9975061830384324,constant
constant-314381,143,1,125,2026,70,0.881226122379303,0.13166815042495728,0.8256052321842017,0.15405747732146924,0.1,0.01865994440392516,-0.3118441717804574,False,0.9941810050918886,constant
constant-314381,144,0,256,2807,135,0.891313910484314,0.15078535676002502,1.0016420120445646,0.15508694966961775,0.1,0.015483271249081524,-0.29407627392420044,False,0.9954467372829124,constant
constant-314381,144,1,126,2235,66,0.8180826902389526,0.16106078028678894,0.7069038369425198,0.18842312394479488,0.1,0.026654703808053612,-0.15840227119289532,False,0.9957778343788304,constant
constant-314381,145,0,256,3893,143,1.021249771118164,0.1488729864358902,0.897571946895014,0.22424352262171907,0.1,0.024983347953046943,-0.378194021213672,False,0.9905514471742568,constant
constant-314381,145,1,112,1854,53,0.8627954125404358,0.1843181848526001,0.8451512654080552,0.1944828786684238,0.1,0.02301160592530424,0.01732868357229607,False,1.00039876083757,constant
constant-314381,146,0,256,3730,140,0.9144877791404724,0.15482404828071594,0.5363055437020925,0.20128386762497116,0.1,0.03753156572567159,-0.016285547250896617,False,0.9993887779129744,constant
constant-314381,146,1,135,1991,71,0.8755074739456177,0.1785961389541626,0.578450794160313,0.19388106878063147,0.1,0.03351729667206558,-0.09246893282494799,False,0.9969006913455569,constant
constant-314381,147,0,256,3994,146,0.8037123084068298,0.1501772105693817,0.5485170014096846,0.14531436667128367,0.1,0.026492226548644224,0.22160864469355324,False,1.0058709064203597,constant
constant-314381,147,1,112,2899,63,0.8203197717666626,0.1593913733959198,0.6112366786988327,0.18251132366006978,0.1,0.02985935399828916,0.515087892792117,False,1.0153801917311127,constant
constant-314381,148,0,256,3831,155,0.9260700941085815,0.16687074303627014,0.5827090010122983,0.16480145574752644,0.1,0.028281947843817205,0.04519843370919895,False,1.0012782997447858,constant
constant-314381,148,1,164,3773,89,0.9429925680160522,0.16279977560043335,0.4969295384905088,0.165936602841163,0.1,0.0333923806069605,0.17380603553411136,False,1.005803797290342,constant
constant-314381,149,0,256,5796,149,0.8703867793083191,0.15553602576255798,0.47141779898469527,0.17179918876241926,0.1,0.03644308490948531,0.2349820243824003,False,1.0085634698667705,constant
constant-314381,149,1,120,1270,71,0.8766812086105347,0.1588098704814911,1.0045330123976712,0.20071435995686693,0.1,0.019980862498265892,0.42499163446531424,False,1.0084916994111648,constant
constant-314381,150,0,256,4456,148,1.017235279083252,0.15586167573928833,0.6247221068404565,0.16128299894711315,0.1,0.0258167587125746,-0.2853225946154923,False,0.9926338954195661,constant
constant-314381,150,1,164,3022,96,1.012581706047058,0.15566113591194153,0.6732457490618204,0.19700943216796996,0.1,0.029262632915618998,-0.412191096553375,False,0.9879382032504721,constant
constant-314380,1,0,256,2896,130,1.2726783752441406,0.04615679755806923,1.2557336178731513,0.19085592029961995,0.1,0.015198758525146006,-0.23788635580483083,False,0.9963844227216954,constant
constant-314380,1,1,101,2408,54,1.0280483961105347,0.06830199807882309,1.542688312050705,0.34025133186578377,0.1,0.02205574056715874,-0.6642519858616546,False,0.9853494305286153,constant
constant-314380,2,0,256,4372,130,1.0560358762741089,0.10288960486650467,1.011850125823639,0.504478395419679,0.1,0.04985702749298342,-0.45500574774849095,False,0.977314765925038,constant
constant-314380,2,1,90,2135,47,1.083344578742981,0.14238575100898743,1.6307858116714664,0.31786481544225503,0.1,0.01949151220027239,0.3097010339126541,False,1.0060365414809456,constant
constant-314380,3,0,256,5988,137,1.0273457765579224,0.13862979412078857,0.8424435333692125,0.3198220252658402,0.1,0.03796361567246713,0.16108257685925878,False,1.0061152770394155,constant
constant-314380,3,1,83,526,49,0.952283501625061,0.121317557990551,0.8787929568684927,0.21920991031313763,0.1,0.024944431859612797,-0.19288738343502154,False,0.9951885338073261,constant
constant-314380,4,0,256,3986,137,1.0281054973602295,0.14862725138664246,0.6828439794881112,0.2668341563895043,0.1,0.03907688497005341,0.003513614866882151,False,1.0001373011239822,constant
constant-314380,4,1,65,388,30,0.9070770144462585,0.19072148203849792,0.8045266336235756,0.31752018614762323,0.1,0.03946670910290654,0.3673446005909282,False,1.0144978824920456,constant
constant-314380,5,0,256,5948,129,1.0432021617889404,0.1692310869693756,0.7406603217975845,0.258820762346871,0.1,0.034944596697000375,-0.20003408823836663,False,0.9930098894608581,constant
constant-314380,5,1,83,549,43,1.0394525527954102,0.163019597530365,1.053488755690619,0.2718215944676024,0.1,0.025802040410902026,-0.15550403292587453,False,0.9959876786583883,constant
constant-314380,6,0,256,2705,132,1.0048319101333618,0.1708345115184784,0.5551481382548652,0.2605691442769252,0.1,0.04693686717495565,-0.031647070498037944,False,0.9985145856555572,constant
constant-314380,6,1,92,1654,47,1.0205241441726685,0.15220661461353302,0.722291655850525,0.22573450828640299,0.1,0.03125254271705414,-0.33063466896185684,False,0.9896668258845305,constant
constant-314380,7,0,256,3569,139,0.995107889175415,0.1665201187133789,0.5768522232083056,0.21079144588259155,0.1,0.036541671749174,0.02961040028526173,False,1.0010820135275857,constant
constant-314380,7,1,116,1313,56,0.995233416557312,0.1704770028591156,0.5507169589003308,0.2738233846124764,0.1,0.04972125520870935,0.06454901134924676,False,1.0032094578667659,constant
constant-314380,8,0,256,3109,142,0.9954180717468262,0.15635623037815094,0.4150487805849926,0.2216961641464079,0.1,0.053414483915345354,-0.10690813398509617,False,0.9942895571968335,constant
constant-314380,8,1,110,1766,57,1.0248645544052124,0.18567079305648804,0.5648474872870721,0.24907949127062218,0.1,0.04409676892906716,-0.2102982324368448,False,0.9907265274380412,constant
constant-314380,9,0,256,3321,148,0.9995298385620117,0.14674216508865356,0.5558485149342838,0.1994689015492917,0.1,0.03588547890118485,-0.03938749910492261,False,0.9985865607318999,constant
constant-314380,9,1,139,3361,85,0.9511709213256836,0.14405737817287445,0.8487953819335673,0.18438397768339385,0.1,0.02172301848101066,0.26700626499335617,False,1.0058001820289963,constant
constant-314380,10,0,256,3283,140,0.9370906352996826,0.16249611973762512,0.5019860981178286,0.22244091209822922,0.1,0.04431216580145549,0.604751061806814,False,1.0267978293193898,constant
constant-314380,10,1,94,1391,54,0.9859902858734131,0.1385461837053299,0.5004940570937637,0.22621980157212135,0.1,0.04519929824656056,0.2349169398900008,False,1.0106180808292575,constant
constant-314380,11,0,256,4835,130,0.986731767654419,0.18826574087142944,0.36929719991045473,0.271684658567509,0.1,0.07356802559926956,0.07482340795806659,False,1.0055046103920837,constant
constant-314380,11,1,95,853,49,1.0016850233078003,0.17819061875343323,0.8611639602594114,0.2470039938978811,0.1,0.028682574433732136,-0.022382949157652213,False,0.9993579993947392,constant
constant-314380,12,0,256,2221,135,0.9972729086875916,0.173161119222641,0.42089111054531064,0.2793401667949566,0.1,0.0663687494927229,-0.07352346368973835,False,0.9951203396565385,constant
constant-314380,12,1,105,1019,64,1.0228325128555298,0.13849544525146484,0.6306172108052042,0.20145165588679587,0.1,0.03194515665526669,-0.2239917726839823,False,0.9928445477321193,constant
constant-314380,13,0,256,3589,140,1.020172357559204,0.16216516494750977,0.4648270305493155,0.2455051160773333,0.1,0.052816445675976376,-0.42247241060537755,False,0.9776865088756623,constant
constant-314380,13,1,128,3550,68,1.0299091339111328,0.16301581263542175,0.5097712170984375,0.244962756343084,0.1,0.04805346950292436,-0.42682026661856187,False,0.9794898053348149,constant
constant-314380,14,0,256,2716,131,0.9882586598396301,0.1839774250984192,0.37985056335459527,0.28253287493964585,0.1,0.07438000682281412,-0.09277742044788598,False,0.9930992148340831,constant
constant-314380,14,1,103,2501,62,0.9962804913520813,0.13681146502494812,0.5483859128602782,0.1812864069082928,0.1,0.033058180864409314,-0.035963789952531626,False,0.9988111025271795,constant
constant-314380,15,0,256,2297,137,1.00917649269104,0.16604185104370117,0.4541780504650621,0.23916559358331338,0.1,0.052658994272932476,-0.10945299784955277,False,0.9942363152130851,constant
constant-314380,15,1,128,4297,71,1.0020296573638916,0.15451009571552277,0.39312291086533907,0.2059378185470123,0.1,0.05238509709182393,-0.2887133663575352,False,0.9848757222716532,constant
constant-314380,16,0,256,4551,141,0.9966132640838623,0.16264858841896057,0.47887212032310617,0.21347291063349644,0.1,0.04457827081047469,-0.16053348441171905,False,0.9928436948577453,constant
constant-314380,16,1,101,1362,58,0.9606234431266785,0.16036710143089294,0.5662645043143347,0.23391490801746187,0.1,0.041308417927537124,0.02261643233450053,False,1.0009342490389035,constant
constant-314380,17,0,256,3550,139,0.9411168694496155,0.16680282354354858,0.5472318729578923,0.21716856152143377,0.1,0.039684925577817026,0.49726374544459523,False,1.0197338747305154,constant
constant-314380,17,1,92,457,55,0.9056889414787292,0.1555318832397461,0.6339643714983781,0.2058738568283189,0.1,0.03247404208879041,0.6228043909219382,False,1.0202249760038824,constant
constant-314380,18,0,256,3965,138,0.9507492780685425,0.16752585768699646,0.4112788043969437,0.2265440387295386,0.1,0.05508283828575099,0.4478806768458263,False,1.0246705388940114,constant
constant-314380,18,1,93,546,49,0.9455180168151855,0.1786922663450241,0.6059905660915559,0.2421425640304302,0.1,0.03995814086548769,0.14416734886356505,False,1.0057606592340942,constant
constant-314380,19,0,256,2704,142,1.0133068561553955,0.16458255052566528,0.4222752160523262,0.22736105399161446,0.1,0.053841912892051196,-0.39523625793387296,False,0.9787197238285441,constant
constant-314380,19,1,103,1824,56,1.0369771718978882,0.16682356595993042,0.4932710226109692,0.25784118791400573,0.1,0.05227170786339882,-0.20611056565105548,False,0.9892262487247282,constant
constant-314380,20,0,256,4836,143,0.9960005283355713,0.1556660234928131,0.4132928571687709,0.21519324237961754,0.1,0.05206798004054107,-0.3009796546426561,False,0.9843285973494572,constant
constant-314380,20,1,125,620,66,0.9539928436279297,0.17029795050621033,0.5264089788772521,0.24893427764952814,0.1,0.04728913974462707,0.235767734519014,False,1.0111492533449438,constant
constant-314380,21,0,256,3204,139,0.9527906775474548,0.16285552084445953,0.6454983504978062,0.24652564751241773,0.1,0.03819152246048312,0.07645803520589346,False,1.0029200487688503,constant
constant-314380,21,1,115,2811,62,0.9733843207359314,0.1637943834066391,1.4995206917424235,0.2532206617064843,0.1,0.016886773427063895,-0.033015189819213496,False,0.9994424799698715,constant
constant-314380,22,0,256,3997,129,1.027492880821228,0.18007609248161316,0.469837095102516,0.2543748866526374,0.1,0.054141081941845005,-0.3106713977448917,False,0.9831799143977062,constant
constant-314380,22,1,124,1439,77,1.0087157487869263,0.12163271754980087,0.6150259713674416,0.17952157572473565,0.1,0.029189267458996804,-0.09585132047880542,False,0.9972021701702461,constant
constant-314380,23,0,256,3453,144,1.0074794292449951,0.15370908379554749,0.4468763094872172,0.23312564770738695,0.1,0.05216782424087207,-0.3405349656213852,False,0.9822350317655921,constant
constant-314380,23,1,104,1007,56,1.030814528465271,0.15959887206554413,0.813801851824358,0.2333292992729753,0.1,0.028671512451084288,-0.39764640938073725,False,0.9885988760223112,constant
constant-314380,24,0,256,3244,128,1.0612001419067383,0.18150269985198975,0.671475532597684,0.23434046139360476,0.1,0.034899329911103456,-0.4273627301076259,False,0.9850853270902641,constant
constant-314380,24,1,141,2178,92,1.0891337394714355,0.12716716527938843,1.3098672842063672,0.21173333782824558,0.1,0.016164487836378954,-0.18633343119118614,False,0.9969880155179993,constant
constant-314380,25,0,256,2583,144,0.9278535842895508,0.163896843791008,0.6424122835298886,0.2312405136400914,0.1,0.03599565568228006,0.29947036157648443,False,1.010779632022355,constant
constant-314380,25,1,104,1313,52,0.9151498675346375,0.18076863884925842,0.5713120154845502,0.24533845418041675,0.1,0.04294298868759769,0.29761567965556246,False,1.0127805067647004,constant
constant-314380,26,0,256,2129,146,0.9953280091285706,0.16692447662353516,0.5399787018030707,0.22281068842504645,0.1,0.04126286605028084,0.04804940774086875,False,1.0019826562754068,constant
constant-314380,26,1,126,1823,70,0.9815822243690491,0.1713402271270752,0.4796060203489973,0.2211918777537675,0.1,0.04611949566288007,0.12259948762479438,False,1.005654226537783,constant
constant-314380,27,0,256,3044,137,0.982039749622345,0.17015233635902405,0.4078991483982885,0.23430040184290846,0.1,0.05744076759241686,-0.0051581278835989034,False,0.9997037131750263,constant
constant-314380,27,1,94,1003,60,0.9913203716278076,0.12421166896820068,0.5022805077050106,0.177885474552939,0.1,0.03541556397753168,-0.21116976649832275,False,0.9925213036244582,constant
constant-314380,28,0,256,2779,147,0.9315385222434998,0.1640947163105011,0.4711500797304115,0.2327237741713766,0.1,0.04939482856599311,0.48373034291126993,False,1.0238937773602712,constant
constant-314380,28,1,117,1534,58,0.9476500153541565,0.17675435543060303,0.5110017799741139,0.25786306321176883,0.1,0.05046226320871751,0.12302151060693912,False,1.0062079438485814,constant
constant-314380,29,0,256,2426,143,0.9816470742225647,0.1606319546699524,0.39836758117350163,0.23177378892687214,0.1,0.0581808861665195,0.1569461398320347,False,1.0091312654958422,constant
constant-314380,29,1,110,4492,62,0.9893531203269958,0.165582075715065,0.5325910741624826,0.21564933094704924,0.1,0.04049060177851555,0.23257205585524102,False,1.0094169824984451,constant
constant-314380,30,0,256,2522,150,1.0465651750564575,0.15087001025676727,0.6997945273156334,0.1929387333538221,0.1,0.027570769107601145,-0.2399291906653798,False,0.9933849676819912,constant
constant-314380,30,1,149,2908,88,1.0096722841262817,0.14781548082828522,0.5304394338590019,0.1864603404758,0.1,0.0351520510304601,0.013463126312422831,False,1.0004732565031638,constant
constant-314380,31,0,256,5658,128,0.9226899147033691,0.17459098994731903,0.5092968606142361,0.23768937332338116,0.1,0.04667010376555563,0.32099162656670743,False,1.0149807125197428,constant
constant-314380,31,1,101,473,61,0.918646514415741,0.1496923267841339,0.5305611548020871,0.2165473774750478,0.1,0.04081478176739598,0.23215832371220158,False,1.009475491317798,constant
constant-314380,32,0,256,1856,145,1.057386875152588,0.1640509068965912,0.7955786581191584,0.2267391445183085,0.1,0.028499902832278906,-0.1713060998851768,False,0.9951177927986958,constant
constant-314380,32,1,107,1675,56,1.02183198928833,0.16585180163383484,1.0774521723211903,0.2465269157302543,0.1,0.022880543755288307,0.07472192235133028,False,1.0017096782138388,constant
constant-314380,33,0,256,5439,134,1.0294877290725708,0.17338457703590393,0.45509760619597867,0.25395763474365235,0.1,0.05580289399155631,-0.3983104371236612,False,0.9777731249014578,constant
constant-314380,33,1,120,904,71,1.0392742156982422,0.14827144145965576,0.675723510493387,0.2367440894907524,0.1,0.035035644877575906,-0.4337165651459225,False,0.9848044604460254,constant
constant-314380,34,0,256,3540,138,0.9865092039108276,0.16703638434410095,0.5589045143215657,0.27427833555677583,0.1,0.04907427450102323,-0.007907286765633582,False,0.999611955638705,constant
constant-314380,34,1,98,697,53,0.9989714026451111,0.15728852152824402,1.0026229859419198,0.2139844621423027,0.1,0.021342465227971393,0.07131630677707407,False,1.001522065797577,constant
constant-314380,35,0,256,3148,140,1.0029871463775635,0.1514594405889511,0.7606934394049887,0.2286263877630249,0.1,0.030054996654349426,-0.10800951814312694,False,0.9967537742935704,constant
constant-314380,35,1,121,1224,65,0.9912257790565491,0.16471651196479797,1.4346615120005901,0.2299783063849428,0.1,0.016030144006877647,-0.025462276534830765,False,0.9995918360404037,constant
constant-314380,36,0,256,4766,146,0.9509745240211487,0.1512380689382553,0.4060731334474287,0.20948180331341124,0.1,0.05158721079008083,0.12219280888143362,False,1.0063035861887986,constant
constant-314380,36,1,123,1279,67,0.9221471548080444,0.17321078479290009,0.5387791639604108,0.26910993224213514,0.1,0.04994809566576135,0.4532513190608554,False,1.0226390402450842,constant
constant-314380,37,0,256,3783,132,0.9438813328742981,0.16801577806472778,0.44182658231739896,0.26419475008356974,0.1,0.05979602872644222,0.2744197016124389,False,1.016409208360719,constant
constant-314380,37,1,95,4597,57,0.9167259335517883,0.1433344930410385,0.855792905021324,0.23698969305929427,0.1,0.027692411524887457,0.3639805409731876,False,1.0100794989276807,constant
constant-314380,38,0,256,2532,129,0.9926397800445557,0.18169915676116943,0.4581398852620285,0.262128954498297,0.1,0.05721592092955954,-0.26168816539993306,False,0.985027270620276,constant
constant-314380,38,1,111,2542,59,0.9593212008476257,0.1519617736339569,0.5673620520519478,0.24706814978011604,0.1,0.04354682321219017,0.23270704922414334,False,1.0101336527327942,constant
constant-314380,39,0,256,4361,145,0.9172072410583496,0.1584363430738449,0.7552232186013513,0.24585017723103728,0.1,0.0325533128717022,0.19888594864129983,False,1.0064743965119056,constant
constant-314380,39,1,129,932,75,0.8719226121902466,0.1475258767604828,1.2040532897424872,0.23086118396506125,0.1,0.01917366830287353,0.33919692018795783,False,1.0065036492370403,constant
constant-314380,40,0,256,2802,132,0.9050460457801819,0.16367468237876892,0.6777065785666295,0.2584383593801761,0.1,0.038134255672533285,0.21459731787510775,False,1.0081835089864892,constant
constant-314380,40,1,69,2478,40,0.9531459212303162,0.13000638782978058,0.8123603859312558,0.23641900418446604,0.1,0.029102724391643645,0.10302736839915733,False,1.002998377107317,constant
constant-314380,41,0,256,3796,134,0.9192306995391846,0.14213351905345917,0.6935388981201527,0.2869970071256964,0.1,0.04138152999112321,0.16533417859392013,False,1.006841781270042,constant
constant-314380,41,1,99,1169,54,0.8983049988746643,0.13415762782096863,0.8774943662289744,0.23714133018027644,0.1,0.027024826518190607,-0.03043165343376541,False,0.9991775898452908,constant
constant-314380,42,0,256,2875,139,0.9194250106811523,0.1413627564907074,0.5593497357046545,0.28055887653638495,0.1,0.05015804221002162,-0.07665587803717774,False,0.996155091233765,constant
constant-314380,42,1,118,1911,68,0.9670446515083313,0.12444999068975449,0.7248778750299768,0.22461376580593856,0.1,0.030986428685887236,-0.0800812408177177,False,0.9975185683423244,constant
constant-314380,43,0,256,3296,138,0.9955792427062988,0.13525331020355225,0.8006812519187696,0.232498692424716,0.1,0.029037609144406864,-0.3098121905863216,False,0.991003794701582,constant
constant-314380,43,1,112,2996,63,0.9330002665519714,0.12310244888067245,0.8994677466947338,0.255488742354619,0.1,0.028404436211688658,-0.11605476963293045,False,0.9967035296988992,constant
constant-314380,44,0,256,4069,136,0.8970142602920532,0.13098803162574768,0.7668791426658491,0.26720526773061304,0.1,0.034843204471795355,-0.10705916545195736,False,0.9962697156075777,constant
constant-314380,44,1,113,1378,70,0.9520713686943054,0.11204525828361511,1.5902735393825782,0.2379673245671313,0.1,0.014963924046646832,0.055322263437058275,False,1.0008278381481608,constant
constant-314380,45,0,256,3076,148,0.921288251876831,0.12548081576824188,0.7019878131245634,0.24675144347756844,0.1,0.03515038849168511,0.011758629062999215,False,1.000413320379694,constant
constant-314380,45,1,116,1001,60,0.9112198352813721,0.1402890831232071,1.1059747282468324,0.2555151924921805,0.1,0.02310316736596846,-0.06832036063717152,False,0.9984215832736961,constant
constant-314380,46,0,256,3940,138,1.0456883907318115,0.12371223419904709,0.8853319093020752,0.2885712565717959,0.1,0.03259469737166509,-0.41997096060066,False,0.986311173634334,constant
constant-314380,46,1,118,908,56,1.0436813831329346,0.14757035672664642,0.9696730418577232,0.2938249278030059,0.1,0.03030144338550332,-0.4281353814355578,False,0.9870268799780996,constant
constant-314380,47,0,256,3012,129,0.966810941696167,0.1377444565296173,0.7171675178280016,0.281027609336002,0.1,0.0391857693425821,-0.1376731460849803,False,0.9946051718528464,constant
constant-314380,47,1,123,2256,68,1.0215750932693481,0.13061878085136414,0.8322472857018074,0.23781885459031854,0.1,0.028575503780679027,-0.31903204306687166,False,0.9908834986471848,constant
constant-314380,48,0,256,5134,136,0.8499066233634949,0.14169874787330627,0.5873312654424512,0.24165911919631372,0.1,0.04114528434209371,0.05148238059719646,False,1.0021182571882796,constant
constant-314380,48,1,112,640,63,0.7767740488052368,0.1262114942073822,0.68624297580363,0.2146022069757209,0.1,0.031272044238326725,0.3619436832041295,False,1.0113187188729424,constant
constant-314380,49,0,256,5072,140,1.120021104812622,0.1361878365278244,0.8625928854030324,0.24121309311738945,0.1,0.02796372393040161,-0.5729794001574432,False,0.9839773622361901,constant
constant-314380,49,1,99,1203,57,0.9817893505096436,0.1466296911239624,0.8898175675510913,0.23145228132741086,0.1,0.026011206090749764,-0.055241683673607204,False,0.9985630971811658,constant
constant-314380,50,0,256,6016,135,0.9948669672012329,0.14272508025169373,0.6272282850425077,0.22409951039106546,0.1,0.03572854026758027,-0.2819867204037154,False,0.989925026105133,constant
constant-314380,50,1,123,611,69,0.9500501155853271,0.14884984493255615,1.0667644908926213,0.2726112881700742,0.1,0.02555496461472627,0.07857596915863634,False,1.0020080061114167,constant
constant-314380,51,0,256,2861,140,0.9159075021743774,0.14730790257453918,0.6167511801221757,0.2156902206732156,0.1,0.034971999669378556,0.12950601259997294,False,1.004529084229829,constant
constant-314380,51,1,142,1087,79,0.9184712171554565,0.15493100881576538,0.7829761620547013,0.22737285976426314,0.1,0.029039563499300775,0.07827232914666148,False,1.0022729942724926,constant
constant-314380,52,0,256,2024,147,0.9149246215820312,0.14621374011039734,0.798574186542915,0.21728471582970035,0.1,0.0272090833251625,0.17962245440279134,False,1.0048873623289158,constant
constant-314380,52,1,139,1522,80,0.9002906680107117,0.14534470438957214,0.6887484746332452,0.2146122897956228,0.1,0.031159748108321065,0.058318593916283745,False,1.001817192696463,constant
constant-314380,53,0,256,3064,132,1.0150865316390991,0.16226083040237427,0.6006689020042383,0.2442465101522313,0.1,0.04066241973527505,-0.5138966480855216,False,0.9791037187949956,constant
constant-314380,53,1,105,1084,68,1.041285753250122,0.11652111262083054,1.7951378363181765,0.1909778223078056,0.1,0.010638616068585613,-0.004436605672628737,False,0.9999528006556012,constant
constant-314380,54,0,256,4959,141,0.8987846374511719,0.1599930077791214,0.620500504179588,0.24564987416765405,0.1,0.039588988649162646,0.17838454018719319,False,1.007062063536657,constant
constant-314380,54,1,111,540,54,0.9875017404556274,0.16810694336891174,0.942861473244315,0.2302533176909136,0.1,0.024420694261547176,-0.11056632974875812,False,0.9972998934655841,constant
constant-314380,55,0,256,4606,144,0.8839752078056335,0.14844772219657898,0.5396624674245994,0.21367628019663454,0.1,0.03959443042543791,0.4671415582612463,False,1.0184962039274055,constant
constant-314380,55,1,143,1090,85,0.8894698619842529,0.15319515764713287,0.5940915376414189,0.22655229540616934,0.1,0.03813424044139668,0.2815702708501548,False,1.010737468409749,constant
constant-314380,56,0,256,3062,145,0.9265351295471191,0.14739719033241272,0.5727892882562677,0.19755360520570756,0.1,0.03448975203553762,0.000216984717932944,False,1.000007483749117,constant
constant-314380,56,1,95,2381,55,0.9087619781494141,0.14871299266815186,0.9086746938376025,0.19767942854378015,0.1,0.021754697240320555,0.16850175418882,False,1.0036657046468407,constant
constant-314380,57,0,256,2964,139,0.8742194175720215,0.15769898891448975,0.6114862715618645,0.23633633807742627,0.1,0.038649492076702485,0.5322675181775718,False,1.0205718692264902,constant
constant-314380,57,1,93,1693,47,0.8808175325393677,0.1578487604856491,0.9510332832321631,0.2502370834166524,0.1,0.0263121268023556,0.1503158636502998,False,1.0039551300647722,constant
constant-314380,58,0,256,3508,143,0.8777153491973877,0.148143470287323,0.4822449736526052,0.2287798296629657,0.1,0.04744058355448445,0.1899461984462613,False,1.0090111584982466,constant
constant-314380,58,1,115,2167,64,0.836306631565094,0.14905112981796265,0.6436008113167595,0.21831798772192368,0.1,0.033921335070299444,0.37548779550616745,False,1.0127370473261728,constant
constant-314380,59,0,256,4401,134,1.0209519863128662,0.15413624048233032,0.8563836750309017,0.24623607540930306,0.1,0.028753009029558844,-0.4908302738009804,False,0.9858871527054196,constant
constant-314380,59,1,104,654,56,1.0754064321517944,0.15193425118923187,0.9622523880262535,0.25911005619487804,0.1,0.02692745265370115,-0.42407702304528405,False,0.9885806860404256,constant
constant-314380,60,0,256,3391,136,0.9234197735786438,0.14815282821655273,0.8545929366083874,0.21929186046968022,0.1,0.025660387662456135,-0.27094541804965144,False,0.9930474355374797,constant
constant-314380,60,1,107,679,56,0.8862084746360779,0.16350913047790527,0.7364447091573554,0.23073302212482247,0.1,0.031330664645391866,-0.27617812174455103,False,0.9913471558852273,constant
constant-314380,61,0,256,4949,137,1.0766332149505615,0.14887088537216187,1.0846484507591618,0.23558032080107266,0.1,0.021719509269218652,-0.4615032506577319,False,0.9899763758695649,constant
constant-314380,61,1,102,2219,53,0.9869824051856995,0.17474274337291718,0.9394192623418904,0.23467276948714633,0.1,0.024980621421592693,-0.04849470119044,False,0.9987885722286084,constant
constant-314380,62,0,256,3272,140,0.7919360399246216,0.15327242016792297,0.7689596952126312,0.21641646415915403,0.1,0.028144058200516086,0.5252789561210612,False,1.0147834815125776,constant
constant-314380,62,1,80,923,47,0.8246195912361145,0.11588066816329956,0.8785831987286513,0.21022205072067074,0.1,0.023927392536628445,0.12530839540194752,False,1.0029983031649174,constant
constant-314380,63,0,256,6188,139,0.9475222826004028,0.15696856379508972,0.7327162278918399,0.2507967838302771,0.1,0.03422836485440835,-0.009558989164976304,False,0.9996728114312219,constant
constant-314380,63,1,100,862,54,0.9193053841590881,0.1553528755903244,0.714708608094992,0.2109228198152593,0.1,0.02951172231959819,0.0023964648483560643,False,1.0000707238051534,constant
constant-314380,64,0,256,2025,136,0.955661416053772,0.15884995460510254,0.8306667670732345,0.23999515499063956,0.1,0.028891869098873042,-0.04881202291751476,False,0.998589729423416,constant
constant-314380,64,1,126,2965,84,0.9864751100540161,0.1151275783777237,0.8202604515828371,0.17381220222893334,0.1,0.02118987961610633,-0.14147759299192825,False,0.9970021068361246,constant
constant-314380,65,0,256,3251,143,0.8223119378089905,0.15447017550468445,0.6143044049050007,0.20260941371422939,0.1,0.032981924286471946,0.14079756107286376,False,1.004643774499025,constant
constant-314380,65,1,98,685,53,0.8666919469833374,0.16598376631736755,0.9333089106883394,0.22011112159011637,0.1,0.023583951580166393,0.16715802204660693,False,1.0039422466981835,constant
constant-314380,66,0,256,4270,148,0.991622805595398,0.14538982510566711,0.8376113526666041,0.2331578773490685,0.1,0.02783604551284929,-0.3758202497894311,False,0.989538650422211,constant
constant-314380,66,1,121,1993,68,1.0021288394927979,0.1659850925207138,0.9226477421067583,0.24445151978055848,0.1,0.026494566520304057,-0.3335075362187427,False,0.9911638623966298,constant
constant-314380,67,0,256,6848,138,0.9867662787437439,0.1777350753545761,0.754926579859218,0.24007605168405483,0.1,0.031801245059993155,-0.29931536571849926,False,0.9904813987045645,constant
constant-314380,67,1,114,669,61,1.0477056503295898,0.16595476865768433,1.0695089280472496,0.24640240024709223,0.1,0.023038835280878224,-0.4355546705149187,False,0.9899653276901896,constant
constant-314380,68,0,256,2289,146,0.9300729036331177,0.1481175422668457,0.6495509269495766,0.20436767660455557,0.1,0.031462918167834475,-0.01668132636623165,False,0.9994751567936083,constant
constant-314380,68,1,136,2719,68,0.9246779680252075,0.19806548953056335,0.7455253148787745,0.2877779593591301,0.1,0.038600695860465044,-0.21324089428286597,False,0.9917687530947735,constant
constant-314380,69,0,256,2824,154,0.9638177156448364,0.15707039833068848,0.7441818065635499,0.2114552072624349,0.1,0.028414455365266655,-0.11652335814794973,False,0.9966890522408941,constant
constant-314380,69,1,167,1938,92,0.9765821099281311,0.1726643145084381,1.0702649954281305,0.20696925046237838,0.1,0.01933813133630386,-0.13315995414356005,False,0.9974249353180357,constant
constant-314380,70,0,256,3488,140,0.9285784363746643,0.17113769054412842,0.6901711445368492,0.20323677257971057,0.1,0.0294473007439475,-0.04315616408650702,False,0.9987291674571894,constant
constant-314380,70,1,120,1859,71,0.8951411247253418,0.1640019565820694,0.7089049845290565,0.20808594417333218,0.1,0.029353150099737126,0.12188523011035207,False,1.0035777154543701,constant
constant-314380,71,0,256,3830,146,0.9540516138076782,0.1813729703426361,0.6213794577110459,0.19296229791587813,0.1,0.031053858559580764,-0.1623664806594074,False,0.9949578942747859,constant
constant-314380,71,1,148,2057,79,0.940318763256073,0.19207151234149933,0.6033581063451581,0.22814306100956577,0.1,0.03781221443953782,-0.04467019778361515,False,0.9983109209023494,constant
constant-314380,72,0,256,4412,132,0.9157541990280151,0.20689183473587036,0.6450151249439429,0.24179412607955975,0.1,0.03748658236511487,0.3429368469132415,False,1.012855530357846,constant
constant-314380,72,1,105,760,54,0.9835695624351501,0.19829189777374268,0.8655414412887221,0.22871745665056734,0.1,0.02642478404153882,-0.03275943727121469,False,0.9991343389447858,constant
constant-314380,73,0,256,3395,145,0.901435136795044,0.17540767788887024,0.6214907996557719,0.1678633961926824,0.1,0.027009795846641288,0.11614329476658711,False,1.0031370066806018,constant
constant-314380,73,1,130,730,71,0.8693588376045227,0.19169354438781738,0.7824754374425542,0.20735937915427588,0.1,0.026500433014486707,0.250938625684292,False,1.006649982240694,constant
constant-314380,74,0,256,2282,143,0.8162935972213745,0.1798105537891388,0.6941012774768079,0.21699107911510454,0.1,0.03126216391704522,0.4470341252455866,False,1.0139752540999405,constant
constant-314380,74,1,121,1307,66,0.8166152834892273,0.18750889599323273,0.7349447119595631,0.2126390656365946,0.1,0.028932661488187437,0.17694113440921444,False,1.0051193779451977,constant
constant-314380,75,0,256,2998,135,0.8551125526428223,0.18767395615577698,0.7313085737791246,0.22236880926736305,0.1,0.030406974188507817,0.33444046053592913,False,1.0101693224511086,constant
constant-314380,75,1,128,1848,82,0.8347555994987488,0.14236155152320862,0.9656740391962472,0.17911998024203962,0.1,0.018548699972417745,0.20172588623328416,False,1.0037417529404113,constant
constant-314380,76,0,256,2160,145,0.957546591758728,0.16991575062274933,0.7217524655647344,0.22737063910387836,0.1,0.03150257878592385,-0.2761384497742392,False,0.9913009267301641,constant
constant-314380,76,1,142,2261,82,0.9033239483833313,0.1685134917497635,0.6899542253786944,0.19589989354400553,0.1,0.028393172523363003,-0.18880778217335858,False,0.9946391480669983,constant
constant-314380,77,0,256,6046,139,1.1305211782455444,0.16783341765403748,1.2112162467428793,0.24264045500506717,0.1,0.020032793950507142,-0.47967779719585163,False,0.9903907135261424,constant
constant-314380,77,1,123,498,73,1.1526533365249634,0.1420411467552185,1.230331302107384,0.200661253652551,0.1,0.01630953006794565,-0.3786794632891275,False,0.9938239159073724,constant
constant-314380,78,0,256,2485,126,0.8164091110229492,0.19236025214195251,0.692901765698325,0.2581173684068347,0.1,0.03725165401284511,-0.2069870185390464,False,0.9922893912002331,constant
constant-314380,78,1,77,1739,45,0.8236536979675293,0.17204834520816803,0.9112441641953366,0.23842907493464283,0.1,0.026165223800932082,0.2106775049738355,False,1.0055124240674624,constant
constant-314380,79,0,256,4303,144,0.8224133253097534,0.16592776775360107,0.8916618367386112,0.20036381369494094,0.1,0.022470829796619095,0.24425210540724915,False,1.0054885474880721,constant
constant-314380,79,1,106,721,56,0.7679938673973083,0.18273413181304932,0.7701418563043003,0.1934269874411977,0.1,0.025115760928694462,0.36396752451109454,False,1.0091413213314293,constant
constant-314380,80,0,256,2378,139,0.8666756749153137,0.17667248845100403,0.7379299273795485,0.2486475008422142,0.1,0.033695272629094,0.23273211168308489,False,1.0078419719527063,constant
constant-314380,80,1,112,3076,67,0.8572181463241577,0.15204516053199768,0.7626382168554717,0.20573365196839538,0.1,0.026976572563683125,0.30250961639702223,False,1.0081606726179462,constant
constant-314380,81,0,256,6094,141,0.9372565746307373,0.18078511953353882,0.6477389563485042,0.2711227894312947,0.1,0.04185679844851296,0.07495946001311306,False,1.0031375630095782,constant
constant-314380,81,1,114,662,59,0.8761505484580994,0.18236929178237915,1.0325267667699798,0.2975233266920046,0.1,0.028815071557199166,0.34484454578622226,False,1.00993672026294,constant
constant-314380,82,0,256,4828,148,0.892787754535675,0.14580947160720825,0.5672958281682126,0.19935686928186652,0.1,0.03514160679192478,0.2128735353969681,False,1.007480718077327,constant
constant-314380,82,1,137,825,73,0.9591650366783142,0.1660623699426651,0.7815920693708938,0.2384544312584129,0.1,0.03050880895584646,-0.3118857167481131,False,0.9904847382516746,constant
constant-314380,83,0,256,2841,139,0.8542768359184265,0.162408247590065,1.1765304363945197,0.25127820318930255,0.1,0.021357560791996612,-0.2722416729890756,False,0.994185581919021,constant
constant-314380,83,1,116,1174,60,0.8088569641113281,0.15389013290405273,1.0738738137197508,0.20900533206034197,0.1,0.019462745938126226,-0.12073557087326608,False,0.997650154258399,constant
constant-314380,84,0,256,4268,147,0.9131627082824707,0.14387992024421692,0.7825038713026936,0.21294736182271068,0.1,0.0272135857255506,-0.22926783081684282,False,0.9937608002319548,constant
constant-314380,84,1,136,2909,82,0.9582681059837341,0.13190917670726776,1.4978171493668115,0.22743679783820644,0.1,0.01518455025931258,-0.31907704810751397,False,0.9951549585264183,constant
constant-314380,85,0,256,5111,133,0.9995872378349304,0.15859870612621307,0.9338159877775596,0.2651845516066793,0.1,0.028397945106702096,-0.4721669394248026,False,0.9865914291730149,constant
constant-314380,85,1,68,1898,36,0.9793460965156555,0.1722869873046875,1.3299358505520977,0.21253473944969586,0.1,0.015980826395608938,0.06457105452508424,False,1.0010318988125468,constant
constant-314380,86,0,256,4676,142,1.090238332748413,0.15649929642677307,1.3366123804445307,0.3451418256096203,0.1,0.0258221329279348,0.004763324076610161,False,1.0001229991874852,constant
constant-314380,86,1,135,985,70,1.0690300464630127,0.17297077178955078,1.14746609878775,0.2262965476515745,0.1,0.019721414679758062,-0.27404439599452185,False,0.9945954568259282,constant
constant-314380,87,0,256,4143,155,0.9799569249153137,0.13543282449245453,1.120436027719465,0.19274630810029045,0.1,0.01720279456673722,-0.2058132844096112,False,0.996459436349196,constant
constant-314380,87,1,132,1135,73,0.966058611869812,0.15017324686050415,1.1881027611215036,0.24342718078292666,0.1,0.020488731172810744,-0.3723901395621828,False,0.9923701985391049,constant
constant-314380,88,0,256,3244,151,0.823827862739563,0.15631113946437836,0.5747341812770145,0.1838759251172229,0.1,0.03199321201127536,0.44312395176342084,False,1.0141769585360412,constant
constant-314380,88,1,145,615,82,0.857193648815155,0.16819432377815247,0.9189294974073827,0.19571220341035048,0.1,0.021297847545706405,0.14489720637783143,False,1.0030859986112337,constant
constant-314380,89,0,256,4685,136,0.962908923625946,0.17681482434272766,0.571222255920345,0.21799717998394955,0.1,0.03816328543304316,-0.03115806670670965,False,0.99881090580673,constant
constant-314380,89,1,117,1331,77,0.973680853843689,0.13706530630588531,0.7551938074974022,0.18508315395858138,0.1,0.024508033847883224,0.14568744230036815,False,1.0035705127671088,constant
constant-314380,90,0,256,2650,147,0.9954538345336914,0.17542120814323425,0.6880777635116548,0.17529377089684653,0.1,0.02547586627450683,-0.2975809109767267,False,0.9924188685061109,constant
constant-314380,90,1,155,1003,90,1.0022664070129395,0.17568324506282806,0.7889709511089453,0.22538067150819655,0.1,0.028566409345161657,-0.3791156260877156,False,0.989170027836031,constant
constant-314380,91,0,256,3831,140,0.9058345556259155,0.18564921617507935,0.5234138963447875,0.19732717074151931,0.1,0.0377000251845691,-0.1693807876242921,False,0.9936143400407821,constant
constant-314380,91,1,107,2338,57,0.8776782751083374,0.1774161010980606,0.5210366108053007,0.18007824443834242,0.1,0.03456153381621651,0.28614565653503854,False,1.0098896327846991,constant
constant-314380,92,0,256,3236,145,0.937473714351654,0.17103898525238037,0.5513382671440743,0.19860331227611186,0.1,0.03602204383615066,-0.287722798142419,False,0.9896356367526539,constant
constant-314380,92,1,143,2789,71,0.9344489574432373,0.18480604887008667,0.8963069416689206,0.195387083445982,0.1,0.02179912643342602,-0.12033469503882985,False,0.9973768087685208,constant
constant-314380,93,0,256,2171,155,0.9028068780899048,0.16170267760753632,0.39145870894679763,0.14624035586852543,0.1,0.0373577985432943,0.1455600388898203,False,1.0054378026088,constant
constant-314380,93,1,143,1938,75,0.8776547908782959,0.18520477414131165,0.4898083813591044,0.18288489131191044,0.1,0.03733804856594071,0.30071812628008493,False,1.0112282280037046,constant
constant-314380,94,0,256,3012,146,0.8636195063591003,0.1799570918083191,0.4987980158207222,0.15479803269389855,0.1,0.031034211801984395,0.3109457323174958,False,1.0096499557156644,constant
constant-314380,94,1,165,2072,96,0.848543107509613,0.17679888010025024,0.7385294771450238,0.16778374525651565,0.1,0.022718625383123095,0.26187743447736883,False,1.0059494953301846,constant
constant-314380,95,0,256,4260,138,1.0222296714782715,0.20038679242134094,0.7772577173615629,0.2054149693215267,0.1,0.026428167226028615,-0.24166286911779905,False,0.9936132932826329,constant
constant-314380,95,1,164,1053,105,0.9458808302879333,0.1426183581352234,0.5068064867166092,0.13817072789383342,0.1,0.027263014881475717,-0.10461377227851493,False,0.9971479131695635,constant
constant-314380,96,0,256,7201,130,1.0254250764846802,0.19921192526817322,0.6886476570465416,0.2009425019009192,0.1,0.02917929072215499,-0.36955730510513574,False,0.9892165799558411,constant
constant-314380,96,1,111,548,64,0.9842104911804199,0.1622535139322281,0.8015110835234415,0.16624251507014115,0.1,0.020741137395048775,-0.41449849635978764,False,0.9914028297369605,constant
constant-314380,97,0,256,4225,134,1.0148088932037354,0.21047060191631317,0.7877158970552485,0.1856869012833133,0.1,0.023572826443832667,-0.3051205551823589,False,0.9928074461082403,constant
constant-314380,97,1,175,1913,89,0.9687451124191284,0.18856072425842285,1.0802994685767482,0.17689514837868034,0.1,0.016374639951617555,-0.07663922478757351,False,0.9987450602879324,constant
constant-314380,98,0,256,3009,144,0.9436309337615967,0.16409936547279358,0.4313050502108148,0.1391340280081571,0.1,0.03225884508891113,0.1299271641033578,False,1.0041913002596519,constant
constant-314380,98,1,164,1726,88,0.9132775664329529,0.20244376361370087,0.452771038989015,0.14935225995188608,0.1,0.03298626614577034,0.10546013744259126,False,1.0034787361614508,constant
constant-314380,99,0,256,3176,143,1.008847951889038,0.18427330255508423,0.5139539835731665,0.17020285337938734,0.1,0.033116360378430125,0.04727935010944296,False,1.0015657199966823,constant
constant-314380,99,1,184,1522,109,1.0455926656723022,0.17951709032058716,0.5624345621905359,0.14955118322652666,0.1,0.0265899703325599,-0.04104824265451554,False,0.9989085284456127,constant
constant-314380,100,0,256,3304,143,0.8716577887535095,0.19012701511383057,0.4766042050399778,0.15037984241684907,0.1,0.031552353258032025,0.16306508072128975,False,1.0051450870309677,constant
constant-314380,100,1,164,1420,99,0.9421153664588928,0.15330711007118225,0.8696558224505256,0.12221281883745877,0.1,0.014053009901444247,-0.09244790764631007,False,0.9987008286384786,constant
constant-314380,101,0,256,4235,141,0.9547569155693054,0.19486358761787415,0.5044705962882219,0.15781385468398892,0.1,0.03128306304572493,0.271082330970724,False,1.0084802856503392,constant
constant-314380,101,1,184,2430,92,0.9256552457809448,0.21237072348594666,0.5191004482745707,0.17663636224017365,0.1,0.03402739543517874,0.21925107318647205,False,1.0074605429669035,constant
constant-314380,102,0,256,2056,142,0.9980597496032715,0.18844738602638245,0.7261206150788874,0.15143767464357838,0.1,0.020855718939631795,-0.1894961669082067,False,0.9960479212028249,constant
constant-314380,102,1,131,1429,70,0.9899891018867493,0.19642376899719238,0.6736339546248609,0.1738240727116595,0.1,0.025803935730713004,-0.051346519603759314,False,0.9986750577081488,constant
constant-314380,103,0,256,3199,137,0.9213358163833618,0.19666016101837158,0.37534998208490905,0.1529097206662774,0.1,0.04073790541215138,0.09126325126493363,False,1.0037178736976362,constant
constant-314380,103,1,162,2325,92,0.8288909792900085,0.18551033735275269,0.596916680076371,0.15364003025041997,0.1,0.025738940689471582,0.18840299757794593,False,1.0048492935803774,constant
constant-314380,104,0,256,3628,157,0.9236458539962769,0.15815630555152893,0.3608186666565012,0.13079252151442292,0.1,0.03624882346758883,-0.06908788336405529,False,0.997495645512187,constant
constant-314380,104,1,169,2022,86,0.8879857659339905,0.19686521589756012,0.4875500381520364,0.17171194033374962,0.1,0.03521934712272618,-0.17658485895477885,False,0.993780796555854,constant
constant-314380,105,0,256,1705,163,0.9657256007194519,0.15106825530529022,0.4807101635255983,0.1425646952357924,0.1,0.02965710027643314,0.23585772146055284,False,1.0069948560963267,constant
constant-314380,105,1,174,3157,89,0.9605413675308228,0.2198028564453125,0.3694417018130724,0.1944734554282883,0.1,0.0526398223248459,0.1093951271692005,False,1.0057585400573907,constant
constant-314380,106,0,256,1807,145,0.9130346775054932,0.1831950545310974,0.4481868093992291,0.14853187310531485,0.1,0.03314061681208647,0.3900819113824888,False,1.0129275551504533,constant
constant-314380,106,1,134,1883,77,0.905607283115387,0.1771126687526703,0.6262991356059977,0.17721619291167912,0.1,0.02829577478822598,0.277831575339722,False,1.0078614596848707,constant
constant-314380,107,0,256,2807,137,0.8388245701789856,0.18620961904525757,0.5315473560288485,0.1724229995098618,0.1,0.032437937571173615,0.3684166875188061,False,1.0119506775099136,constant
constant-314380,107,1,136,1818,85,0.8592133522033691,0.14340758323669434,0.5213935893402307,0.11012032064728065,0.1,0.02112038254759259,0.2909416129536846,False,1.0061447981645955,constant
constant-314380,108,0,256,3754,149,0.8477110266685486,0.14655736088752747,0.4875836445636576,0.13224512629076576,0.1,0.02712255174373475,0.2828952067392216,False,1.0076728398828392,constant
constant-314380,108,1,126,742,68,0.9037628769874573,0.18012875318527222,0.7162034018387025,0.21750588702703627,0.1,0.030369289850988617,-0.020157164686655574,False,0.9993878412230568,constant
constant-314380,109,0,256,2096,148,0.8495206236839294,0.16235408186912537,0.5096407409731003,0.15059597311666206,0.1,0.029549437674295114,0.4246686185171661,False,1.0125487188751021,constant
constant-314380,109,1,156,2122,93,0.8655598163604736,0.14708518981933594,0.5931363761454481,0.17232667711296584,0.1,0.02905346629266726,0.17634596000350639,False,1.00512346140481,constant
constant-314380,110,0,256,2465,143,0.8597742319107056,0.17133787274360657,0.6098420734444642,0.19815714285918704,0.1,0.03249318987454748,0.3683461939521714,False,1.0119687428196549,constant
constant-314380,110,1,88,4107,49,0.877943217754364,0.153334379196167,0.8208450137137004,0.22822366171338918,0.1,0.027803502232516514,0.3247036805648062,False,1.00902789950749,constant
constant-314380,111,0,256,3847,139,0.8898898959159851,0.15241390466690063,0.7119573634067674,0.20644563675391356,0.1,0.02899691011917572,-0.030061650764374667,False,0.9991283050147514,constant
constant-314380,111,1,129,1537,79,0.8762329816818237,0.11318375170230865,0.7683860353424502,0.17907140965857346,0.1,0.023304875599250822,-0.09157132457748782,False,0.9978659416722631,constant
constant-314380,112,0,256,3916,136,1.0059489011764526,0.15108485519886017,0.8641146024537194,0.21345420651618846,0.1,0.024702071450947473,-0.39445327303875305,False,0.9902561870653366,constant
constant-314380,112,1,77,2265,39,0.8384167551994324,0.16120970249176025,0.756455117693081,0.22040041931871274,0.1,0.02913595455482615,-0.02848417910755612,False,0.9991700862519907,constant
constant-314380,113,0,256,3551,139,1.0304386615753174,0.13504253327846527,1.1246953012613061,0.21963975681281114,0.1,0.01952882319028922,-0.303251453666081,False,0.9940778559791569,constant
constant-314380,113,1,132,925,70,0.9715270400047302,0.13889989256858826,1.1482433182411185,0.25047352551226687,0.1,0.021813627959615976,-0.430970852014296,False,0.9905989621727215,constant
constant-314380,114,0,256,5202,145,0.9118015170097351,0.13384130597114563,0.81773966911784,0.18302151425507615,0.1,0.02238139118926636,-0.3149114340520375,False,0.9929518440045085,constant
constant-314380,114,1,136,813,82,0.9359260201454163,0.12609979510307312,0.9794943450367661,0.17478661319774147,0.1,0.017844576038994968,-0.05059879651665593,False,0.9990970859280769,constant
constant-314380,115,0,256,4277,145,0.8256519436836243,0.1508038491010666,0.6524243848225582,0.19934477236935752,0.1,0.03055446378258439,-0.013835589814060478,False,0.9995772609721156,constant
constant-314380,115,1,150,1231,86,0.8654435276985168,0.13355867564678192,0.747823855012632,0.2045110112119671,0.1,0.02734748428271422,-0.05304009556374131,False,0.9985494868202169,constant
constant-314380,116,0,256,3962,140,0.8181993961334229,0.16126355528831482,0.6129988570003492,0.2010995169330327,0.1,0.032805855122975895,-0.1983563378931642,False,0.9934927507163528,constant
constant-314380,116,1,136,1842,73,0.8839221596717834,0.1556459218263626,0.8874824884940747,0.2074511120198475,0.1,0.02337523440849645,-0.2945143438824082,False,0.9931156581750842,constant
constant-314380,117,0,256,3558,139,0.7224098443984985,0.16974198818206787,0.841771632105649,0.22553390468891296,0.1,0.026792766124079444,0.46971075316681865,False,1.0125848503555637,constant
constant-314380,117,1,120,2840,72,0.7504966855049133,0.13024243712425232,1.0664524206879253,0.16439020916566216,0.1,0.015414678233804439,0.4580851547970208,False,1.0070612352648787,constant
constant-314380,118,0,256,1829,143,0.7511200308799744,0.15639279782772064,0.947945018399093,0.2080186612446328,0.1,0.02194416946205789,0.35723404298285544,False,1.0078392043768318,constant
constant-314380,118,1,119,4040,71,0.7044014930725098,0.135409414768219,0.9801969639755338,0.1624593757841465,0.1,0.01657415619053086,0.40562838722717376,False,1.0067229482452162,constant
constant-314380,119,0,256,6115,139,0.8614782691001892,0.1481374204158783,0.9530253732042738,0.2448133388288767,0.1,0.025688018987969047,0.09892559360836582,False,1.0025412025270077,constant
constant-314380,119,1,97,599,58,0.8257469534873962,0.10948805510997772,1.4632165684770944,0.17343310516600846,0.1,0.011852866411054683,-0.13090027896415649,False,0.998448456480268,constant
constant-314380,120,0,256,5926,141,1.0504746437072754,0.14041852951049805,0.9747692953183404,0.20208298274069664,0.1,0.020731365227779394,-0.5444578250780783,False,0.9887126459771839,constant
constant-314380,120,1,104,652,60,1.1280264854431152,0.1338515728712082,1.5123991870837543,0.20144481393717498,0.1,0.013319553174688348,-0.18148941331408933,False,0.9975826421087199,constant
constant-314380,121,0,256,2263,148,1.038651704788208,0.1197979673743248,1.1340919150324598,0.1846824984882411,0.1,0.01628461468072058,-0.43275783070070706,False,0.9929527054769745,constant
constant-314380,121,1,135,2183,70,0.9883996844291687,0.14902475476264954,1.0596943946736816,0.24733820348874455,0.1,0.023340522015775026,-0.23628976606958585,False,0.9944848735129505,constant
constant-314380,122,0,256,4592,138,1.0853493213653564,0.1384280025959015,1.0029549356357563,0.22225266798128834,0.1,0.022159786056629365,-0.21389432257207222,False,0.9952601475730752,constant
constant-314380,122,1,106,1731,56,1.0862599611282349,0.15050861239433289,1.6772086435324371,0.2527947953719343,0.1,0.015072352288831097,0.19212356200471561,False,1.0028957540095202,constant
constant-314380,123,0,256,3744,133,0.9636963605880737,0.15886971354484558,1.0786056177399803,0.23000255763175748,0.1,0.021324064500395014,-0.43866840291459785,False,0.9906458066819639,constant
constant-314380,123,1,162,1804,103,0.9344581365585327,0.1196071058511734,1.6012718882936507,0.16973081369061382,0.1,0.010599749794613741,-0.11165884840079146,False,0.9988164441445969,constant
constant-314380,124,0,256,3714,147,1.0334277153015137,0.1422712355852127,0.977305076921942,0.16348532055952072,0.1,0.016728176740309558,-0.25321950218347367,False,0.9957640994133816,constant
constant-314380,124,1,120,1689,64,1.044319987297058,0.15805897116661072,1.4009065355469386,0.2258595277171325,0.1,0.016122383755526774,-0.06368681072216306,False,0.9989732167973717,constant
constant-314380,125,0,256,4223,132,0.9895023703575134,0.16285675764083862,0.9709248669946282,0.2059829399352979,0.1,0.021215126621783962,-0.20278810430546113,False,0.9956978246897681,constant
constant-314380,125,1,118,839,71,0.9508994817733765,0.1423816978931427,0.7643094628269479,0.16055829261069463,0.1,0.021006974323834537,-0.25815170192621545,False,0.9945770138259818,constant
constant-314380,126,0,256,2356,133,0.8292254209518433,0.1704646348953247,0.6074060742489908,0.18355585153449058,0.1,0.030219627250425964,0.13687423414532263,False,1.0041362883360592,constant
constant-314380,126,1,113,1474,59,0.8013420701026917,0.17399677634239197,0.6467383862134738,0.1990445339215828,0.1,0.03077666923204442,0.11700750295473861,False,1.0036011012161055,constant
constant-314380,127,0,256,2879,142,0.7980055809020996,0.16407865285873413,0.8493249224396444,0.16499083239933382,0.1,0.019426114557595426,0.17674994173238212,False,1.0034335646161416,constant
constant-314380,127,1,111,1673,60,0.7540284991264343,0.155120849609375,0.9731994824802725,0.16136780434202247,0.1,0.016581164216278085,0.07026413846099933,False,1.0011650612183371,constant
constant-314380,128,0,256,3103,140,0.8385820388793945,0.16633476316928864,0.5252724009857673,0.16728628809379648,0.1,0.03184753049652979,0.1614205481410864,False,1.0051408458296898,constant
constant-314380,128,1,105,1896,68,0.8971761465072632,0.14255735278129578,0.6450166952665946,0.16278633277580132,0.1,0.025237537876212558,0.1740144920948393,False,1.0043916973352534,constant
constant-314380,129,0,256,6423,138,0.898787260055542,0.17381608486175537,0.5250423967420166,0.17573584581100435,0.1,0.03347079148302636,-0.23535013621274398,False,0.9921226446653214,constant
constant-314380,129,1,104,544,57,0.8790860176086426,0.16314655542373657,0.6455861294995167,0.19435196678771177,0.1,0.03010473086501734,-0.3675889197164262,False,0.9889338345029746,constant
constant-314380,130,0,256,3189,141,0.8666199445724487,0.1589694619178772,0.607430986048851,0.17310340390428114,0.1,0.028497624895671647,0.328614886560601,False,1.0093647437723376,constant
constant-314380,130,1,112,643,62,0.8432956337928772,0.15284977853298187,0.8584834270176659,0.18272276793781295,0.1,0.02128436754715043,0.2855415941174969,False,1.0060775722391961,constant
constant-314380,131,0,256,2448,146,0.9287512302398682,0.16805852949619293,0.8947898374238852,0.17929224587592174,0.1,0.0200373583133339,0.054688463067643495,False,1.001095812330092,constant
constant-314380,131,1,125,1491,67,0.9630630612373352,0.1762932986021042,1.3209818865280518,0.20842218528328327,0.1,0.015777823103319086,0.02077695409123373,False,1.0003278151062773,constant
constant-314380,132,0,256,5007,145,0.8876943588256836,0.14790283143520355,0.569890959625225,0.1798191167348481,0.1,0.03155324956428539,0.1403819653494544,False,1.0044295071869962,constant
constant-314380,132,1,121,830,66,0.8570713996887207,0.1621103584766388,0.6757205147353256,0.19366379661886465,0.1,0.028660339947607073,0.3673603311221965,False,1.0105286719732276,constant
constant-314380,133,0,256,2569,146,0.9439506530761719,0.16202044486999512,0.6022804993294982,0.18597516042408874,0.1,0.03087849608797389,0.236477477378177,False,1.007302068860116,constant
constant-314380,133,1,129,3555,69,0.8861963748931885,0.1737000048160553,0.7893710920851426,0.21275308217461464,0.1,0.02695222618459745,0.3447226442528102,False,1.0092910426788542,constant
constant-314380,134,0,256,5495,143,0.9233931303024292,0.16990423202514648,0.5454446852024216,0.18085193790226384,0.1,0.03315678799494532,0.13883203864159666,False,1.0046032244721455,constant
constant-314380,134,1,126,1559,70,0.9349400401115417,0.16495856642723083,0.6741024276961964,0.18831395882862648,0.1,0.02793551114660806,0.0733033252447185,False,1.0020477658594573,constant
constant-314380,135,0,256,2940,141,0.8471437692642212,0.16454681754112244,0.6281713674669621,0.18334480551108026,0.1,0.02918706821203898,-0.0997966364150851,False,0.9970872287656208,constant
constant-314380,135,1,125,1073,67,0.8668782114982605,0.1688387095928192,1.1174936599031933,0.18833084088947488,0.1,0.016852967282676993,-0.08028962740232055,False,0.9986468815362504,constant
constant-314380,136,0,256,4575,134,0.922775149345398,0.17477518320083618,0.8376958972525491,0.2313846388425045,0.1,0.027621555698361798,0.06085069461535862,False,1.0016807908506022,constant
constant-314380,136,1,98,3782,54,0.8722801208496094,0.1462937295436859,1.0710895103438534,0.19082157290350246,0.1,0.01781565135879659,-0.1405345017603028,False,0.9974962863127562,constant
constant-314380,137,0,256,3664,148,0.9595848321914673,0.14919880032539368,1.148666359573631,0.18093336532819862,0.1,0.01575160304993685,-0.12076749789717049,False,0.9980977183117897,constant
constant-314380,137,1,132,1361,73,1.0071533918380737,0.16293330490589142,1.1912760078359044,0.19601809254784142,0.1,0.01645446489801568,-0.2306209994161812,False,0.9962052548603612,constant
constant-314380,138,0,256,3717,154,0.916388750076294,0.12983037531375885,0.730057077324896,0.15278966913574465,0.1,0.020928455305933423,-0.01654031658277531,False,0.9996538367236514,constant
constant-314380,138,1,143,3071,86,0.8950888514518738,0.1443726122379303,0.8334296629246355,0.18354405189142753,0.1,0.022022740497061582,0.10573688521378317,False,1.0023286159840308,constant
constant-314380,139,0,256,4386,148,0.8308094143867493,0.1484781801700592,0.723655088261529,0.15770530062922392,0.1,0.02179288215993711,-0.005882620842220444,False,0.999871800737194,constant
constant-314380,139,1,107,946,53,0.738383412361145,0.18012449145317078,0.9249455109293031,0.19855455962474813,0.1,0.021466622333812743,0.06808794307773991,False,1.001461618159536,constant
constant-314380,140,0,256,3648,141,0.7731672525405884,0.16300570964813232,0.6195993022770457,0.17480125280207662,0.1,0.02821198348023906,0.20600944502971988,False,1.0058119350599517,constant
constant-314380,140,1,138,3381,76,0.8477154970169067,0.16233491897583008,0.6916799531782366,0.2148900179866786,0.1,0.031067839540421718,-0.020006041193101592,False,0.9993784555223737,constant
constant-314380,141,0,256,3853,140,0.9312080144882202,0.16991382837295532,0.7019066769610716,0.21391705569128447,0.1,0.03047656657398467,-0.2787060397511046,False,0.9915059968249539,constant
constant-314380,141,1,131,1554,69,0.9526003003120422,0.1717148721218109,0.897885661018888,0.22264942315123928,0.1,0.02479707971932471,-0.38230231070611065,False,0.9905200191245386,constant
constant-314380,142,0,256,4857,142,0.8777896165847778,0.1650225818157196,0.520881611616876,0.19891475775491516,0.1,0.03818809367016453,0.26804375718434026,False,1.0102360801070585,constant
constant-314380,142,1,101,555,58,0.8756499290466309,0.1663447618484497,0.7049644368264953,0.23437878265009876,0.1,0.03324689451076292,0.16897311364858278,False,1.0056178312846296,constant
constant-314380,143,0,256,4213,148,0.7997575402259827,0.15004827082157135,0.580524296814887,0.15456112175294498,0.1,0.02662440187274887,0.1401113002147787,False,1.0037303795638317,constant
constant-314380,143,1,131,3122,80,0.7818974256515503,0.1524738222360611,0.7199429181341819,0.15186766515900474,0.1,0.021094403644192784,-0.08993125292646514,False,0.9981029538505412,constant
constant-314380,144,0,256,3407,127,0.9346524477005005,0.18468347191810608,0.6218827955982451,0.2143967782844798,0.1,0.034475431673299826,-0.11111029319372633,False,0.9961694246787994,constant
constant-314380,144,1,97,834,61,0.9785048365592957,0.1155574694275856,0.9419277392224721,0.17330445280846288,0.1,0.01839891167782356,-0.4155417309075405,False,0.9923544843945823,constant
constant-314380,145,0,256,4492,139,1.052229881286621,0.15966135263442993,0.8403802868169138,0.19324096223541867,0.1,0.022994466346581303,-0.5232024113714007,False,0.9879692397592701,constant
constant-314380,145,1,132,1545,82,1.0278376340866089,0.14226581156253815,1.0336110041458368,0.17998345804516225,0.1,0.0174130748727756,-0.393240964728999,False,0.9931524656381314,constant
constant-314380,146,0,256,2052,133,0.7915360927581787,0.18319880962371826,0.5164035049118998,0.19025866668337849,0.1,0.036843023889978684,0.05817337667989281,False,1.002143283106778,constant
constant-314380,146,1,131,2318,75,0.8205693364143372,0.16937322914600372,0.8002220196305845,0.17790198634697824,0.1,0.022231578484819145,0.10679382882422474,False,1.0023741953872,constant
constant-314380,147,0,256,5653,133,0.9218717813491821,0.18189315497875214,0.7711126183285631,0.19198679431071863,0.1,0.024897374228794563,0.1472879416888116,False,1.0036670830036152,constant
constant-314380,147,1,108,732,68,0.9078807830810547,0.13527560234069824,0.7482121676336813,0.15236760087589277,0.1,0.020364223874863627,0.17105673748567748,False,1.0034834376974622,constant
constant-314380,148,0,256,6081,146,1.0248582363128662,0.16855916380882263,0.6616873210075831,0.19820289742247277,0.1,0.029954162809204158,-0.42260253367048867,False,0.987341294902852,constant
constant-314380,148,1,147,1851,87,0.9588199257850647,0.16001981496810913,0.6448971310358421,0.20547455863366954,0.1,0.03186160222230073,-0.31892164120403266,False,0.9898386455278738,constant
constant-314380,149,0,256,6595,141,0.9282763004302979,0.17273862659931183,0.5772115376317335,0.18633464707114858,0.1,0.03228186460646112,-0.05459969373225739,False,0.998237420079381,constant
constant-314380,149,1,139,918,87,0.9027890563011169,0.15007342398166656,0.697000089365322,0.14592265552440714,0.1,0.02093581589885909,-0.0078502979936322,False,0.9998356476064542,constant
constant-314380,150,0,256,1862,145,0.7449923753738403,0.17639276385307312,0.7070949127887542,0.17001510022393534,0.1,0.024044169622632776,0.4328678362173963,False,1.010407947678193,constant
constant-314380,150,1,138,5117,73,0.7438817620277405,0.16796261072158813,1.0313557892319172,0.1653724485840352,0.1,0.016034471354176738,0.3734592807844532,False,1.0059882221396899,constant
normcap-314380,1,0,256,2896,130,1.2726783752441406,0.04615679755806923,1.2557336178731513,0.19085592029961995,0.6579484754268069,0.09999999999999999,-0.23788635580483083,False,0.976211364419517,ratio
normcap-314380,1,1,101,2408,54,1.0307952165603638,0.06672729551792145,1.5457265026970466,0.3347648065005244,0.4617350667339714,0.10000000000000002,-0.6655196277203842,False,0.9334480372279615,ratio
normcap-314380,2,0,256,5111,133,1.1438502073287964,0.09865359216928482,1.1766121927792108,0.5463733784791781,0.2153494732950373,0.1,-0.3278302466455509,False,0.9672169753354449,ratio
normcap-314380,2,1,111,1380,63,0.9872133135795593,0.11543402820825577,1.0772851877662548,0.32678129559930946,0.3296654986909634,0.1,0.32727290099896245,False,1.0327272900998963,ratio
normcap-314380,3,0,256,5173,133,1.059079885482788,0.1399436593055725,1.000186359622872,0.33661959784406403,0.29712659810323916,0.1,0.025749836900851655,False,1.0025749836900852,ratio
normcap-314380,3,1,113,1210,70,0.992836058139801,0.11704982072114944,0.6555753646085601,0.2711546117902771,0.2417717922185336,0.1,-0.14891910646101642,False,0.9851080893538984,ratio
normcap-314380,4,0,256,4374,122,0.9992486238479614,0.17127007246017456,0.6082357928179032,0.30561079651338785,0.19902300565198072,0.1,0.10833150322420491,False,1.0108331503224206,ratio
normcap-314380,4,1,100,388,57,0.9789280295372009,0.1546119749546051,0.7005578876700956,0.29900798905672543,0.23429403671792573,0.09999999999999999,-0.13790965835928384,False,0.9862090341640716,ratio
normcap-314380,5,0,256,4909,136,0.9977495670318604,0.14856401085853577,0.45508611217773215,0.2566253688639173,0.17733481073691285,0.1,-0.2043736838502978,False,0.9795626316149703,ratio
normcap-314380,5,1,97,1728,54,0.9998685121536255,0.16323944926261902,0.6575815259007717,0.3116005964689035,0.2110334618587278,0.1,0.10036053765175475,False,1.0100360537651756,ratio
normcap-314380,6,0,256,3735,141,1.0598220825195312,0.15524528920650482,0.7143819398490634,0.25557550475236285,0.27951893924312354,0.1,-0.37385364779862035,False,0.962614635220138,ratio
normcap-314380,6,1,102,1344,59,0.9882763028144836,0.1401282548904419,0.553367325353664,0.2369930742575368,0.23349514625576276,0.1,0.12155690845588626,False,1.0121556908455887,ratio
normcap-314380,7,0,256,3853,127,0.956810712814331,0.18344907462596893,0.44302904050467085,0.28127606940249755,0.15750683712474298,0.1,0.30388790700499985,False,1.0303887907005,ratio
normcap-314380,7,1,113,871,73,0.9594824910163879,0.1261236071586609,0.6562004047171687,0.21438609713030854,0.3060834697309293,0.09999999999999999,0.37486756772446833,False,1.0374867567724468,ratio
normcap-314380,8,0,256,2815,137,1.030294418334961,0.1645771563053131,0.5201903619046917,0.2435072154491084,0.2136242086072429,0.1,-0.20969473509305459,False,0.9790305264906946,ratio
normcap-314380,8,1,111,1876,53,1.0814344882965088,0.18585050106048584,0.8177523743519205,0.2843758313943101,0.28756043379018403,0.1,-0.5463533920766664,False,0.9453646607923334,ratio
normcap-314380,9,0,256,4773,137,1.0064802169799805,0.16564388573169708,0.4779088797769837,0.2466933402510855,0.19372589437986695,0.1,-0.019296335762815187,False,0.9980703664237185,ratio
normcap-314380,9,1,94,1672,49,0.9929510354995728,0.1658322662115097,0.6181181717315992,0.21866721029850575,0.28267529040490214,0.1,0.12790619119470695,False,1.0127906191194707,ratio
normcap-314380,10,0,256,3485,137,1.0302321910858154,0.17704519629478455,0.5392971371292032,0.27612732369507054,0.1953074146782928,0.1,-0.49684210335580625,False,0.9503157896644194,ratio
normcap-314380,10,1,128,1101,67,1.0035847425460815,0.16909077763557434,0.43394911353338633,0.22918538854165177,0.18934414462225685,0.1,-0.12422447717404766,False,0.9875775522825953,ratio
normcap-314380,11,0,256,5067,137,0.9701550602912903,0.17277792096138,0.48378275246280245,0.23943594455147407,0.20205101342200463,0.1,0.3176888570564581,False,1.0317688857056457,ratio
normcap-314380,11,1,112,892,57,0.9624189138412476,0.17979544401168823,0.4530676633412289,0.2668748396462119,0.16976784471021975,0.1,0.16949577551702727,False,1.0169495775517028,ratio
normcap-314380,12,0,256,2327,133,1.0008429288864136,0.1889755129814148,0.4581892732762115,0.2768746999576393,0.16548614710781182,0.1,0.11196863656382293,False,1.0111968636563824,ratio
normcap-314380,12,1,91,879,47,1.0164783000946045,0.1579553186893463,0.5223287088644919,0.24830270271399824,0.21035965503207762,0.1,-0.29551422970932856,False,0.9704485770290672,ratio
normcap-314380,13,0,256,6416,136,0.972011923789978,0.16386939585208893,0.5928324785177077,0.25711521832652323,0.23057074660000898,0.1,0.2542636294102475,False,1.0254263629410247,ratio
normcap-314380,13,1,94,390,59,0.9116921424865723,0.14670178294181824,0.8493557140442277,0.20774974540956326,0.40883598310543573,0.1,0.21958279107971276,False,1.0219582791079713,ratio
normcap-314380,14,0,256,3550,154,0.9929961562156677,0.13743436336517334,0.41305889832567744,0.20362351415921007,0.2028542234089493,0.10000000000000002,-0.09846264389183707,False,0.9901537356108163,ratio
normcap-314380,14,1,117,2000,59,0.98686683177948,0.16431376338005066,0.4994468691716213,0.2692293757856642,0.1855097972552725,0.1,-0.19457932773525152,False,0.9805420672264749,ratio
normcap-314380,15,0,256,5536,137,0.9791824817657471,0.16702236235141754,0.5971622370190404,0.26856402634064036,0.22235376984615718,0.1,0.07392673032779848,False,1.0073926730327798,ratio
normcap-314380,15,1,102,593,59,0.958920955657959,0.15603269636631012,0.7784312873673231,0.25940670027971613,0.30008141136213795,0.10000000000000002,-0.07487531886672841,False,0.9925124681133272,ratio
normcap-314380,16,0,256,4679,142,0.9743673801422119,0.1524287462234497,0.4376922791231602,0.24282474454788772,0.1802502788330299,0.1,-0.13096654572372302,False,0.9869033454276277,ratio
normcap-314380,16,1,123,2024,67,0.9835143685340881,0.1567012369632721,0.5312070497382587,0.2543106976867191,0.20888112634280268,0.1,-0.0003009287292939332,False,0.9999699071270706,ratio
normcap-314380,17,0,256,2374,141,0.9930554628372192,0.1557733714580536,0.5049311267188504,0.2486539884893104,0.20306576612204932,0.1,-0.0752199228697629,False,0.9924780077130237,ratio
normcap-314380,17,1,105,1769,59,1.0382317304611206,0.15125957131385803,0.6741516331605348,0.23373108508195295,0.28843045542023543,0.1,-0.35097877883768397,False,0.9649021221162316,ratio
normcap-314380,18,0,256,3746,147,0.993249773979187,0.13838733732700348,0.5956818444265508,0.22394792028930607,0.2659912374524497,0.1,-0.22436640747455552,False,0.9775633592525445,ratio
normcap-314380,18,1,100,1127,50,0.9702242612838745,0.16676490008831024,0.884887414990494,0.270366158164796,0.3272922251057507,0.1,-0.1297766716638288,False,0.9870223328336171,ratio
normcap-314380,19,0,256,4053,133,1.0097246170043945,0.15400579571723938,0.5518612099392532,0.2601942755770086,0.21209583059252252,0.1,-0.3707860771250407,False,0.962921392287496,ratio
normcap-314380,19,1,85,1920,51,1.0436276197433472,0.1307985931634903,0.9994146867395608,0.19066898553981299,0.5241621671768303,0.1,-0.6080930464200233,False,0.9391906953579977,ratio
normcap-314380,20,0,256,4412,134,1.0052173137664795,0.1651911437511444,0.4873733507307636,0.2773386495399766,0.17573221458284768,0.1,-0.2367933963354996,False,0.97632066036645,ratio
normcap-314380,20,1,104,901,58,1.0035138130187988,0.14949128031730652,0.7315883099292971,0.2006346818490739,0.3646370124979836,0.1,0.07704745309669281,False,1.0077047453096692,ratio
normcap-314380,21,0,256,3132,131,0.9900554418563843,0.17078816890716553,0.5417325087016863,0.2796341589465561,0.19372901749289606,0.1,-0.04211561070306998,False,0.995788438929693,ratio
normcap-314380,21,1,94,2087,50,0.9734089374542236,0.1745612919330597,0.5975701804628789,0.2597995882202546,0.23001198137245196,0.1,0.08755136356051134,False,1.0087551363560512,ratio
normcap-314380,22,0,256,4796,133,0.9181270599365234,0.1665400117635727,0.6001653335240553,0.24758065818257663,0.2424120437879552,0.1,0.39155062518797024,False,1.039155062518797,ratio
normcap-314380,22,1,109,424,62,0.93360835313797,0.17180903255939484,0.6702263812703457,0.2924702971386993,0.22916049521175877,0.1,0.2906190123967816,False,1.0290619012396782,ratio
normcap-314380,23,0,256,3676,131,0.9453248977661133,0.17575466632843018,0.5523353552691382,0.26913109906594185,0.2052291084850831,0.1,0.2347880788124751,False,1.0234788078812476,ratio
normcap-314380,23,1,100,715,51,0.9932823181152344,0.1998593807220459,0.6432418464904912,0.2915840853338453,0.22060252216921242,0.1,0.05300939275385953,False,1.005300939275386,ratio
normcap-314380,24,0,256,3209,148,0.8729122877120972,0.1574207842350006,0.6792385847655305,0.2256929317763843,0.3009569592717762,0.1,0.48126088658943283,False,1.0481260886589432,ratio
normcap-314380,24,1,147,2050,77,0.8789622783660889,0.1623084843158722,0.9642711916181859,0.25441567332571785,0.3790140674170138,0.1,0.21885513207079063,False,1.021885513207079,ratio
normcap-314380,25,0,256,2814,157,1.0505082607269287,0.12679702043533325,0.9844684328718256,0.1858721955338446,0.529648035869124,0.1,-0.3050572866901207,False,0.969494271330988,ratio
normcap-314380,25,1,134,1437,66,1.0015645027160645,0.173508882522583,0.8906994868326191,0.2729378313190995,0.3263378632884632,0.1,-0.27524786721688455,False,0.9724752132783115,ratio
normcap-314380,26,0,256,3261,152,0.9512314200401306,0.12965629994869232,0.6170974729093598,0.2192819632758718,0.2814173421700939,0.1,0.04817117436875232,False,1.0048171174368752,ratio
normcap-314380,26,1,106,632,61,0.9876034259796143,0.1429728865623474,1.0509234175551556,0.2376163938301577,0.4422773195970349,0.1,-0.1671644154905866,False,0.9832835584509413,ratio
normcap-314380,27,0,256,2220,142,1.0606034994125366,0.14964276552200317,0.6688745041985814,0.25715334505726745,0.26010725392260586,0.1,-0.38339285234674575,False,0.9616607147653254,ratio
normcap-314380,27,1,135,1445,72,1.0378553867340088,0.1490754932165146,0.7192402622147661,0.2457675258549988,0.29265065012662134,0.1,-0.325745927672021,False,0.9674254072327979,ratio
normcap-314380,28,0,256,3592,145,0.9279992580413818,0.13941645622253418,0.5253381407640735,0.2149092608813211,0.2444464880711585,0.1,-0.028314581334617197,False,0.9971685418665382,ratio
normcap-314380,28,1,124,1060,73,0.9210628867149353,0.1350979506969452,1.2132752496358583,0.19904902748153455,0.6095358841923566,0.10000000000000002,0.20431083444638717,False,1.0204310834446386,ratio
normcap-314380,29,0,256,5570,137,0.9119405746459961,0.15801258385181427,0.5799621385440723,0.2482491216826183,0.23362102335473423,0.1,0.1600881955226122,False,1.0160088195522612,ratio
normcap-314380,29,1,107,1548,67,0.9881842732429504,0.09921307861804962,1.0911815100588822,0.14077790963719058,0.7751084760890745,0.1,0.008500234660283806,False,1.0008500234660285,ratio
normcap-314380,30,0,256,4194,132,1.0704171657562256,0.16124874353408813,0.7718597654021694,0.24603901053001523,0.3137143836416166,0.1,-0.5590301065995773,False,0.9440969893400423,ratio
normcap-314380,30,1,131,1524,75,1.0426411628723145,0.1455899327993393,0.7183557995789607,0.2347947798693531,0.3059504985497018,0.09999999999999999,-0.33837316116035887,False,0.9661626838839641,ratio
normcap-314380,31,0,256,4809,139,0.9445489645004272,0.14153391122817993,1.0255331284985194,0.2139034315354325,0.4794374363875704,0.1,-0.07416780447088049,False,0.992583219552912,ratio
normcap-314380,31,1,103,1233,62,1.0263279676437378,0.1404176652431488,1.0549973042998375,0.24058377200377,0.4385155721489417,0.1,-0.17414691729910628,False,0.9825853082700894,ratio
normcap-314380,32,0,256,2259,139,0.9169377684593201,0.1572064757347107,0.8111785726900573,0.25387571598552644,0.3195179852240389,0.1,0.053798475554885,False,1.0053798475554885,ratio
normcap-314380,32,1,123,1539,70,0.9117706418037415,0.15380685031414032,0.7895585915917304,0.21156390510897574,0.3732009915325735,0.1,-0.00830336379257272,False,0.9991696636207428,ratio
normcap-314380,33,0,256,5151,136,0.9413861632347107,0.15803083777427673,0.6029022801368129,0.2732204101257786,0.2206651691428409,0.1,-0.01686213384319745,False,0.9983137866156803,ratio
normcap-314380,33,1,103,839,56,0.9651839137077332,0.1475663185119629,0.8608730701870174,0.241102164445774,0.3570573794581738,0.1,-0.1841216210747086,False,0.9815878378925291,ratio
normcap-314380,34,0,256,3439,144,0.926211416721344,0.1390533149242401,0.5311659657304793,0.2080330248546086,0.25532771352130457,0.10000000000000002,0.06994050681027916,False,1.006994050681028,ratio
normcap-314380,34,1,123,1003,72,0.9129939675331116,0.13594627380371094,0.6010933224659941,0.24810830102137063,0.24227054072415716,0.1,0.10376886658459848,False,1.01037688665846,ratio
normcap-314380,35,0,256,2391,135,0.8994848728179932,0.1553468555212021,0.5267046581296965,0.25832823167326036,0.2038897006022497,0.1,-0.014808605778119393,False,0.9985191394221881,ratio
normcap-314380,35,1,130,1622,80,0.8844889998435974,0.11970795691013336,0.9195152202063182,0.17897048839942353,0.5137803603430743,0.1,0.02736532517022449,False,1.0027365325170225,ratio
normcap-314380,36,0,256,4187,143,0.9207220077514648,0.14635935425758362,0.5035390514883666,0.20964954653097728,0.24018132155318783,0.1,-0.18063311073717217,False,0.9819366889262828,ratio
normcap-314380,36,1,96,1753,55,0.9340251684188843,0.14144647121429443,0.842173123395898,0.28592366350712023,0.2945447442390251,0.1,-0.028854500318228105,False,0.9971145499681772,ratio
normcap-314380,37,0,256,5750,142,0.9579132795333862,0.15035995841026306,0.7276841475920938,0.24890057125328274,0.2923593722296434,0.1,-0.1892501233149673,False,0.9810749876685033,ratio
normcap-314380,37,1,115,2953,66,0.962624192237854,0.1356784999370575,1.0016208525123196,0.2834596824511923,0.3533556673213251,0.1,0.021952166005727747,False,1.0021952166005728,ratio
normcap-314380,38,0,256,4486,136,0.9601049423217773,0.14704804122447968,0.6769017480604178,0.2558144274845915,0.26460655668108857,0.1,-0.24266195783935116,False,0.9757338042160649,ratio
normcap-314380,38,1,99,451,64,0.8997797966003418,0.12435171008110046,0.9853209042731494,0.23230530174974137,0.4241491248161952,0.1,0.2691537370670704,False,1.026915373706707,ratio
normcap-314380,39,0,256,3947,137,0.972545325756073,0.15260188281536102,0.7263804825699676,0.259282467125819,0.28015025104550756,0.09999999999999999,-0.17734294900060804,False,0.9822657050999392,ratio
normcap-314380,39,1,127,1074,75,1.0443888902664185,0.13468216359615326,1.5211381936189752,0.21223822228172287,0.7167126530111205,0.1,-0.23047816897484952,False,0.9769521831025151,ratio
normcap-314380,40,0,256,5004,140,0.9615292549133301,0.1404409408569336,0.6575017110992298,0.2473058389334935,0.26586582586755986,0.1,-0.3548499693889997,False,0.9645150030611,ratio
normcap-314380,40,1,109,735,73,0.9182702302932739,0.10007454454898834,0.7676393985285132,0.22597353722956282,0.33970322717419826,0.1,0.46834163772381165,False,1.0468341637723813,ratio
normcap-314380,41,0,256,3391,142,0.9692997336387634,0.14105626940727234,0.8259999559166846,0.27035986061712214,0.30551870903885703,0.10000000000000002,0.07728035975609449,False,1.0077280359756096,ratio
normcap-314380,41,1,103,1100,59,1.0346863269805908,0.13024717569351196,0.9556234081913112,0.2428097187166836,0.39356884610799137,0.1,-0.41989879422506654,False,0.9580101205774934,ratio
normcap-314380,42,0,256,4491,142,0.9344690442085266,0.1355762481689453,0.6770112021306509,0.26924988495560653,0.251443450845773,0.1,-0.11789059835195732,False,0.9882109401648043,ratio
normcap-314380,42,1,101,668,56,0.925095796585083,0.1451488882303238,0.7032114582876755,0.28471373109694026,0.2469889511750467,0.1,0.04194879006759332,False,1.0041948790067594,ratio
normcap-314380,43,0,256,4456,152,0.9319535493850708,0.13205865025520325,0.7262903670408497,0.24522443675309832,0.29617373238055705,0.1,0.1138815449364178,False,1.0113881544936418,ratio
normcap-314380,43,1,99,929,53,0.9082741141319275,0.15277352929115295,1.0511249267575906,0.26938431622213843,0.39019529477388615,0.1,0.02369188728283785,False,1.0023691887282837,ratio
normcap-314380,44,0,256,3480,143,0.9533402323722839,0.1382334679365158,0.5794913824506507,0.2633681569304148,0.22003092143131017,0.1,0.013870432668850297,False,1.001387043266885,ratio
normcap-314380,44,1,115,2079,60,0.9603015184402466,0.14149069786071777,0.6574946141670238,0.2602026737488514,0.25268557186373886,0.10000000000000002,0.03871827673468907,False,1.0038718276734688,ratio
normcap-314380,45,0,256,2741,159,1.0400629043579102,0.11648007482290268,0.7493086715724577,0.22536894362467122,0.3324808908987718,0.09999999999999999,-0.1303596853896763,False,0.9869640314610324,ratio
normcap-314380,45,1,157,1434,78,1.0217641592025757,0.15859320759773254,1.0057333540625881,0.316693152327909,0.3175734450428648,0.1,-0.22856060727767843,False,0.9771439392722322,ratio
normcap-314380,46,0,256,3248,138,1.0407594442367554,0.14096468687057495,0.7498896500330093,0.2834796400292959,0.2645303380360977,0.1,-0.3635770173038784,False,0.9636422982696121,ratio
normcap-314380,46,1,146,1624,87,1.0404928922653198,0.13000977039337158,0.9425851922518336,0.2278888356751508,0.4136162219001647,0.1,-0.4785063342604831,False,0.9521493665739517,ratio
normcap-314380,47,0,256,3511,143,0.9773427844047546,0.13125766813755035,0.6660720806528977,0.2753124785510881,0.24193312419338767,0.1,-0.3962847054831502,False,0.960371529451685,ratio
normcap-314380,47,1,138,1240,70,0.9364595413208008,0.14669087529182434,0.7131129306546511,0.27737434376028675,0.25709404878157716,0.1,-0.05566634484592995,False,0.994433365515407,ratio
normcap-314380,48,0,256,3171,135,0.8918852806091309,0.15630874037742615,0.6323982564508349,0.3000036562536869,0.21079684972774831,0.10000000000000002,0.20235445921625175,False,1.0202354459216252,ratio
normcap-314380,48,1,129,3401,70,0.8706851601600647,0.1501157283782959,0.6346166491719135,0.2654447201190765,0.23907676479201745,0.1,0.18489702999458096,False,1.0184897029994582,ratio
normcap-314380,49,0,256,7198,145,0.9389132857322693,0.13704654574394226,0.6415458502628891,0.24306187322428294,0.2639434320786745,0.1,0.24733082750836968,False,1.024733082750837,ratio
normcap-314380,49,1,117,1327,64,0.8768507838249207,0.15073253214359283,0.7916895950134468,0.25616827401425457,0.3090506027961109,0.1,0.33976512389802493,False,1.0339765123898026,ratio
normcap-314380,50,0,256,2848,140,0.9049193859100342,0.14752629399299622,0.6361842108273096,0.2752201080130014,0.23115469847764764,0.09999999999999999,0.18190682579151213,False,1.0181906825791511,ratio
normcap-314380,50,1,127,3936,78,0.8762472867965698,0.12006619572639465,1.113004268532891,0.25560496776181807,0.4354392163340223,0.1,0.03034470966585745,False,1.0030344709665857,ratio
normcap-314380,51,0,256,3323,126,0.8160487413406372,0.146427720785141,0.6875379719603628,0.2611433696933043,0.2632798882728024,0.1,0.3028809330023055,False,1.0302880933002305,ratio
normcap-314380,51,1,100,832,56,0.823118269443512,0.13038866221904755,1.505108599554984,0.23743182847714017,0.6339118934510902,0.1,0.2950778286107261,False,1.0295077828610726,ratio
normcap-314380,52,0,256,2815,148,1.0006864070892334,0.12231983244419098,0.8844004189804595,0.2149069255524389,0.41152718401560273,0.1,-0.19706412576142507,False,0.9802935874238575,ratio
normcap-314380,52,1,133,866,81,0.9928426146507263,0.11497446894645691,1.2529724742282935,0.22887351311326593,0.54745193412058,0.1,-0.13098301599640685,False,0.9869016984003594,ratio
normcap-314380,53,0,256,2976,138,0.9298375248908997,0.1271783709526062,1.1048981250238754,0.26321265961753587,0.41977392980617273,0.1,-0.007915677824999768,False,0.9992084322175,ratio
normcap-314380,53,1,110,1271,56,1.0055961608886719,0.12431303411722183,1.2308059062662668,0.26992057619899495,0.45598817385410195,0.1,-0.12349470444651878,False,0.9876505295553482,ratio
normcap-314380,54,0,256,3942,135,0.8240387439727783,0.12727385759353638,0.6416017720404656,0.24887403449781575,0.2578018126057649,0.1,0.124563376462004,False,1.0124563376462004,ratio
normcap-314380,54,1,73,1309,40,0.8437851667404175,0.10660996288061142,1.180604401382186,0.24574329622443622,0.4804218139500926,0.1,0.26477750820984836,False,1.0264777508209848,ratio
normcap-314380,55,0,256,2149,147,1.061107873916626,0.1140822023153305,1.035995674340802,0.2704156059215337,0.38311238392114705,0.1,-0.37847670990849663,False,0.9621523290091504,ratio
normcap-314380,55,1,136,4150,67,1.0298147201538086,0.13806921243667603,1.6668576456578306,0.27130076926002933,0.614394736219942,0.1,0.2790311754955569,False,1.0279031175495557,ratio
normcap-314380,56,0,256,5177,139,0.8750444054603577,0.12249412387609482,0.979223570046243,0.21824940986297975,0.4486718065634241,0.1,0.1355760081276062,False,1.0135576008127607,ratio
normcap-314380,56,1,110,719,73,0.8868923783302307,0.07884848117828369,0.8719278808215774,0.2432226519098914,0.3584895872053099,0.10000000000000002,0.06497900871394673,False,1.0064979008713946,ratio
normcap-314380,57,0,256,3099,133,0.8733487129211426,0.12617692351341248,0.7470227829073514,0.238716774473538,0.31293267285251447,0.1,0.0025644310543303764,False,1.000256443105433,ratio
normcap-314380,57,1,93,1910,46,0.9036350250244141,0.1362295150756836,1.570199751360405,0.26151126085709686,0.600432939757207,0.1,0.18008143107926067,False,1.018008143107926,ratio
normcap-314380,58,0,256,3244,141,0.8692378997802734,0.11763781309127808,0.8896372760772479,0.2302461119925372,0.3863853632004362,0.1,0.05950499590296415,False,1.0059504995902964,ratio
normcap-314380,58,1,84,1476,45,0.9713590145111084,0.13046687841415405,1.2584415940512812,0.222881405802072,0.5646238588286858,0.10000000000000002,-0.2042443023941515,False,0.9795755697605848,ratio
normcap-314380,59,0,256,2288,138,0.7286781668663025,0.11704742163419724,0.7159107976924328,0.19566359633752572,0.3658886022198348,0.1,0.060680174129816654,False,1.0060680174129817,ratio
normcap-314380,59,1,141,2810,82,0.7597843408584595,0.10146936029195786,1.5071623470565132,0.22998523498017973,0.6553300463772822,0.1,0.4538756518934277,False,1.0453875651893427,ratio
normcap-314380,60,0,256,3454,139,0.9876872301101685,0.11696568131446838,0.9122275531130342,0.22165041136077612,0.41156140767463717,0.1,-0.32232693376095234,False,0.9677673066239048,ratio
normcap-314380,60,1,94,677,49,0.8276717662811279,0.12533259391784668,0.9342745968410509,0.1982699791041826,0.47121334307002105,0.1,-0.04712676415582633,False,0.9952873235844174,ratio
normcap-314380,61,0,256,6691,128,0.8794323205947876,0.11555086821317673,0.898797918545287,0.24329648769194973,0.36942494611073123,0.1,-0.055924042902426196,False,0.9944075957097573,ratio
normcap-314380,61,1,98,674,46,0.9101554751396179,0.12793351709842682,1.1602240250070808,0.25268611053578177,0.4591562324288444,0.1,-0.22237113303296055,False,0.977762886696704,ratio
normcap-314380,62,0,256,3054,142,1.0142335891723633,0.1133408397436142,1.0404609515683294,0.1962503883330096,0.5301701364293925,0.10000000000000002,-0.4791031014584037,False,0.9520896898541596,ratio
normcap-314380,62,1,100,1373,53,1.0262423753738403,0.12540078163146973,1.1862403433612423,0.23418886978963718,0.5065314779591346,0.1,-0.12091768144464704,False,0.9879082318555353,ratio
normcap-314380,63,0,256,5277,144,0.9920487403869629,0.10173116624355316,0.9414923374698917,0.2150021479521808,0.43789903795718893,0.1,-0.26367810410977477,False,0.9736321895890225,ratio
normcap-314380,63,1,137,2420,74,0.9606461524963379,0.11224652081727982,1.0604374825873053,0.23780753210965216,0.44592257998722323,0.1,-0.24818726621212636,False,0.9751812733787873,ratio
normcap-314380,64,0,256,4062,137,1.1728336811065674,0.11487267911434174,1.356490912515017,0.2106720059911455,0.6438875949052434,0.1,-0.4206513834048755,False,0.9579348616595125,ratio
normcap-314380,64,1,102,719,55,1.0697295665740967,0.1262173056602478,1.7062559225062057,0.2531495374312715,0.6740110765438169,0.1,-0.5330440889416782,False,0.9466955911058322,ratio
normcap-314380,65,0,256,2947,141,0.8442800045013428,0.12180475890636444,0.809319802793779,0.22321810123950137,0.36256907405794175,0.1,-0.10363358559526711,False,0.9896366414404733,ratio
normcap-314380,65,1,114,1613,70,0.8962514996528625,0.10779266059398651,0.920041634254048,0.19287853483796166,0.4770057150356208,0.1,-0.20666437712151917,False,0.9793335622878481,ratio
normcap-314380,66,0,256,5168,136,0.9668300151824951,0.13572680950164795,0.7988315020938157,0.2483668539890754,0.3216337000141545,0.10000000000000002,-0.3142747836902257,False,0.9685725216309774,ratio
normcap-314380,66,1,85,851,45,0.8026579022407532,0.1384240835905075,1.468942602618133,0.30335912827116773,0.4842256143698664,0.1,0.3418861340284375,False,1.0341886134028437,ratio
normcap-314380,67,0,256,7145,135,0.9853134155273438,0.13560301065444946,0.7701541207365585,0.25380063280653614,0.3034484635519494,0.10000000000000002,-0.15935534253596695,False,0.9840644657464033,ratio
normcap-314380,67,1,108,355,64,0.9410061240196228,0.14332854747772217,0.844479469676389,0.22887475958343853,0.36897011763698906,0.10000000000000002,0.04659627487770063,False,1.0046596274877702,ratio
normcap-314380,68,0,256,2588,134,0.9547580480575562,0.14556884765625,0.924147519900616,0.2615205682649938,0.3533746986065719,0.09999999999999999,-0.14849577970820632,False,0.9851504220291794,ratio
normcap-314380,68,1,75,2292,41,0.8873983025550842,0.13260959088802338,1.3395591745191349,0.23102906689194067,0.579822787037307,0.1,0.26685270438418496,False,1.0266852704384184,ratio
normcap-314380,69,0,256,3799,146,0.9675917625427246,0.1311672329902649,0.7924273515521896,0.22167251156524936,0.3574765973267454,0.1,-0.3082051393888994,False,0.96917948606111,ratio
normcap-314380,69,1,113,738,58,0.9901910424232483,0.15291091799736023,0.8199201274805336,0.2913478677461403,0.2814230746987836,0.1,-0.4136154694660765,False,0.9586384530533923,ratio
normcap-314380,70,0,256,4468,141,0.8956559300422668,0.13557501137256622,0.6247943987575294,0.23228529851757326,0.2689771598740509,0.1,-0.2755079758293258,False,0.9724492024170674,ratio
normcap-314380,70,1,106,2137,57,0.9729353785514832,0.14489999413490295,1.2910661335896645,0.24388435007763726,0.5293763758021666,0.1,0.29814319612066875,False,1.0298143196120668,ratio
normcap-314380,71,0,256,4327,140,0.8329858779907227,0.15923117101192474,0.6361173871620591,0.2223672014425168,0.286066192781807,0.1,0.17523678308203167,False,1.0175236783082031,ratio
normcap-314380,71,1,114,1353,61,0.7513002157211304,0.13438570499420166,0.8468990988058624,0.25156270210230847,0.3366552719176294,0.1,0.601258142749564,False,1.0601258142749563,ratio
normcap-314380,72,0,256,3599,143,0.8330532312393188,0.13865552842617035,0.6988112348375131,0.21465056134954336,0.32555760881498375,0.1,0.08106711728947548,False,1.0081067117289475,ratio
normcap-314380,72,1,116,1898,56,0.869766116142273,0.17711812257766724,0.8176919710747574,0.26336583860708596,0.31047761372524385,0.1,-0.10109385874482439,False,0.9898906141255176,ratio
normcap-314380,73,0,256,2139,147,0.7698841094970703,0.13575641810894012,0.6401534484254465,0.18521308968941733,0.3456307810095474,0.10000000000000002,0.15109487110226763,False,1.0151094871102269,ratio
normcap-314380,73,1,102,1581,52,0.7782115340232849,0.15436652302742004,0.9178106155411245,0.23626664581450446,0.38846389526421254,0.1,-0.1896823341268815,False,0.9810317665873118,ratio
normcap-314380,74,0,256,3331,132,0.8693589568138123,0.13623163104057312,0.8017220030360918,0.22325842789249423,0.3591004427488603,0.1,-0.334783924046262,False,0.9665216075953738,ratio
normcap-314380,74,1,97,500,54,0.8268440365791321,0.1314009428024292,0.9474530525880781,0.1752886778630104,0.5405101254334982,0.09999999999999999,-0.09995080306182333,False,0.9900049196938177,ratio
normcap-314380,75,0,256,3632,141,0.81907057762146,0.12410318106412888,0.8896531938490386,0.21581087538278926,0.41223742421276877,0.1,0.1438731464559666,False,1.0143873146455966,ratio
normcap-314380,75,1,88,1326,46,0.7990782856941223,0.14002956449985504,1.0121159979585423,0.2570525348745336,0.39373896797110075,0.1,-0.09319884488029033,False,0.990680115511971,ratio
normcap-314380,76,0,256,4022,135,0.8752937316894531,0.13808366656303406,0.8621306987795282,0.2558033497495624,0.33702869787419704,0.1,-0.08309116222914503,False,0.9916908837770855,ratio
normcap-314380,76,1,93,1011,57,0.8817874789237976,0.1007162481546402,1.158394917684216,0.17570186070702426,0.659295759887138,0.1,-0.08920258118401546,False,0.9910797418815984,ratio
normcap-314380,77,0,256,5831,134,0.6643669009208679,0.14133423566818237,0.7211150459023398,0.21678689258170653,0.33263775190216033,0.1,0.36798660223124674,False,1.0367986602231247,ratio
normcap-314380,77,1,87,501,54,0.6573583483695984,0.1252042055130005,1.1168824960461925,0.1969202091834791,0.5671751521478147,0.09999999999999999,-0.19559764992933754,False,0.9804402350070662,ratio
normcap-314380,78,0,256,2828,136,0.8946962356567383,0.13270346820354462,0.7669469523680661,0.18545611565302267,0.4135463258612502,0.1,0.03774175090719418,False,1.0037741750907194,ratio
normcap-314380,78,1,61,2059,34,0.7556065917015076,0.13878826797008514,1.2123181173954611,0.15530144299922333,0.7806225711640837,0.09999999999999999,-0.1031596308041688,False,0.9896840369195832,ratio
normcap-314380,79,0,256,3108,142,0.9189225435256958,0.11940951645374298,0.9811094748602275,0.2096759292951074,0.46791707477274114,0.1,-0.2742130561297596,False,0.972578694387024,ratio
normcap-314380,79,1,90,874,45,0.8673422932624817,0.12892265617847443,1.034694743059007,0.2323561905467009,0.4453054341373553,0.1,-0.31869333203892564,False,0.9681306667961075,ratio
normcap-314380,80,0,256,4360,130,1.1718765497207642,0.12954123318195343,1.152604621933967,0.2336533398715567,0.4932968741502149,0.1,-0.3544457415997595,False,0.9645554258400241,ratio
normcap-314380,80,1,97,1252,47,1.1890308856964111,0.12849067151546478,1.3544951599491803,0.2402938714607743,0.5636827738115197,0.09999999999999999,-0.3322293239978906,False,0.966777067600211,ratio
normcap-314380,81,0,256,2422,141,0.9489745497703552,0.11464811861515045,0.9635229240558543,0.21670077887284842,0.44463288460131106,0.1,-0.25988785108196305,False,0.9740112148918036,ratio
normcap-314380,81,1,107,4778,56,0.887029230594635,0.12378908693790436,1.4798725059775022,0.24627949911989916,0.6008914713835106,0.1,-0.370238874584647,False,0.9629761125415353,ratio
normcap-314380,82,0,256,4498,147,0.7064312696456909,0.12120351940393448,0.7308146960398093,0.16221725404732518,0.450516007271706,0.1,-0.06930941472810119,False,0.9930690585271899,ratio
normcap-314380,82,1,118,797,68,0.6231671571731567,0.1214410737156868,0.8338351388588621,0.1645490801681541,0.5067394712913369,0.10000000000000002,0.17967410312325563,False,1.0179674103123255,ratio
normcap-314380,83,0,256,3488,133,0.8205321431159973,0.12891274690628052,0.9502411798537961,0.2636840733271283,0.36037109403832684,0.1,0.13968105591438204,False,1.0139681055914382,ratio
normcap-314380,83,1,79,917,37,1.068153977394104,0.14699670672416687,1.888188862103305,0.21391920433109726,0.8826644938248868,0.1,-0.19930077174859429,False,0.9800699228251406,ratio
normcap-314380,84,0,256,5583,133,1.043524146080017,0.12857210636138916,0.9653785814868022,0.22023703399196223,0.4383361708013352,0.1,-0.4051994385554338,False,0.9594800561444566,ratio
normcap-314380,84,1,87,2362,53,1.0325275659561157,0.10387229919433594,1.1271574716712505,0.19851477126902067,0.5677952650403852,0.09999999999999999,-0.12998819303264414,False,0.9870011806967356,ratio
normcap-314380,85,0,256,5555,141,0.8459733724594116,0.1315874457359314,1.1670377930299178,0.19835195581921694,0.588367171984725,0.1,-0.008889398170066048,False,0.9991110601829934,ratio
normcap-314380,85,1,86,1113,47,0.8029975891113281,0.12657052278518677,0.9569624946994435,0.262041452630719,0.3651950808134313,0.1,-0.38715557623887004,False,0.961284442376113,ratio
normcap-314380,86,0,256,3899,140,1.0808007717132568,0.1270613670349121,1.5349215771014202,0.20448310171455197,0.7506349249553602,0.1,-0.2557848804317801,False,0.974421511956822,ratio
normcap-314380,86,1,88,2147,44,1.0604922771453857,0.1253022998571396,1.2113003197419407,0.23101875492398888,0.5243298623700443,0.1,-0.390060871006031,False,0.960993912899397,ratio
normcap-314380,87,0,256,4944,128,0.9205300807952881,0.14503233134746552,0.8036598762344516,0.26135294362550815,0.3074998372262504,0.1,-0.1252738195124137,False,0.9874726180487586,ratio
normcap-314380,87,1,93,355,43,0.8444368243217468,0.17591872811317444,1.3804250194764454,0.256336664643602,0.5385203171757427,0.09999999999999999,-0.2659045734116196,False,0.9734095426588381,ratio
normcap-314380,88,0,256,2560,143,0.8432867527008057,0.1278523951768875,0.9261062803684516,0.22311919296330063,0.41507244090864953,0.1,0.06654870358233102,False,1.0066548703582332,ratio
normcap-314380,88,1,140,1039,73,0.8862800598144531,0.14613527059555054,1.2324769005782756,0.23113228347081335,0.533234424058251,0.10000000000000002,0.03352660264133216,False,1.0033526602641332,ratio
normcap-314380,89,0,256,5388,143,0.935088574886322,0.13173967599868774,0.9367934517086058,0.2208591542552334,0.424158760757551,0.1,-0.26930092256843235,False,0.9730699077431567,ratio
normcap-314380,89,1,123,1153,67,0.9717769026756287,0.13308806717395782,0.8435192470983396,0.21394730393489278,0.3942649575780747,0.1,-0.37195876532352745,False,0.9628041234676472,ratio
normcap-314380,90,0,256,2846,145,0.8475862145423889,0.13471202552318573,0.680296785133862,0.20420706786001866,0.3331406656307297,0.1,0.2526235375444863,False,1.0252623537544485,ratio
normcap-314380,90,1,114,878,65,0.7589423060417175,0.15822097659111023,0.8482693599882958,0.2204053791849616,0.3848678118134486,0.1,0.32868151874705726,False,1.0328681518747058,ratio
normcap-314380,91,0,256,4355,143,0.841401219367981,0.14039483666419983,0.7452199526943978,0.22129829283624397,0.3367490743572273,0.1,0.31505293223418357,False,1.0315052932234183,ratio
normcap-314380,91,1,116,839,66,0.8083323836326599,0.13935992121696472,0.6507519568979608,0.23038013574655047,0.28246877917194935,0.1,0.17214480650806527,False,1.0172144806508066,ratio
normcap-314380,92,0,256,5554,142,0.8292319178581238,0.14073365926742554,0.6411667137042146,0.2046671070676496,0.31327296451807807,0.10000000000000002,-0.027368645729898063,False,0.9972631354270102,ratio
normcap-314380,92,1,129,710,75,0.8253913521766663,0.1389068365097046,1.0128769711527548,0.2137764609279599,0.47380191755259815,0.1,-0.043586321488944854,False,0.9956413678511055,ratio
normcap-314380,93,0,256,2749,146,0.8863145112991333,0.1330079436302185,0.9506509517294325,0.19804012788696354,0.4800294576016639,0.1,-0.05804092144160152,False,0.9941959078558399,ratio
normcap-314380,93,1,97,1072,55,0.900687575340271,0.14537093043327332,0.8826150142864435,0.22499421971476527,0.39228341750529067,0.10000000000000002,0.05484290970139484,False,1.0054842909701396,ratio
normcap-314380,94,0,256,4650,132,1.0570341348648071,0.15540245175361633,1.0570420506909226,0.21835075235526605,0.4841027746820262,0.1,-0.6738866376811615,False,0.9326113362318839,ratio
normcap-314380,94,1,117,903,68,1.0226832628250122,0.14193308353424072,1.2175060502401294,0.17911888028092335,0.6797195518030476,0.10000000000000002,-0.41722705323330317,False,0.9582772946766697,ratio
normcap-314380,95,0,256,3459,148,0.9769959449768066,0.14802241325378418,0.8572738790968688,0.19448699871556188,0.44078724272496783,0.1,-0.23026055401862316,False,0.9769739445981377,ratio
normcap-314380,95,1,143,1676,85,0.9583098888397217,0.13297389447689056,1.025029101108795,0.2028664238711187,0.5052729187753601,0.1,-0.2620676862807187,False,0.9737932313719281,ratio
normcap-314380,96,0,256,1986,143,0.8502079844474792,0.15392237901687622,0.6326102799363086,0.2000238450860693,0.31626743284736847,0.09999999999999999,-0.1260503070570561,False,0.9873949692942944,ratio
normcap-314380,96,1,88,5614,42,0.8749572038650513,0.1799200475215912,0.8665176402487373,0.21941598519538763,0.3949200143631798,0.1,-0.028714838249854296,False,0.9971285161750145,ratio
normcap-314380,97,0,256,5022,150,0.9874085187911987,0.13915032148361206,0.7483144732043737,0.17883132304451932,0.41844709330819185,0.1,-0.17575985078835668,False,0.9824240149211644,ratio
normcap-314380,97,1,117,741,65,0.8750371932983398,0.15462878346443176,0.7318362314340658,0.22558374891420385,0.324418862155006,0.09999999999999999,-0.07594975761700802,False,0.9924050242382992,ratio
normcap-314380,98,0,256,2259,141,0.8973966836929321,0.16315825283527374,0.5624458913085643,0.2179372401559552,0.25807700001435263,0.09999999999999999,0.32722516841992044,False,1.032722516841992,ratio
normcap-314380,98,1,144,1372,87,0.9219949841499329,0.13401207327842712,0.8163436811845669,0.19454710893351568,0.41961234256302593,0.10000000000000002,0.2720082899237301,False,1.027200828992373,ratio
normcap-314380,99,0,256,1440,148,0.9378302693367004,0.1494850516319275,0.6422807967650099,0.2007816017005869,0.31989026450879865,0.10000000000000002,-0.19512533747275712,False,0.9804874662527243,ratio
normcap-314380,99,1,131,2295,65,0.8173627853393555,0.16037701070308685,0.8109042953153084,0.22755459610875298,0.3563559291624946,0.1,0.14239956774890888,False,1.014239956774891,ratio
normcap-314380,100,0,256,3263,147,0.8960112929344177,0.149995356798172,0.4773502916486506,0.20559624565344686,0.23217850604785487,0.1,0.06688465974400078,False,1.0066884659744,ratio
normcap-314380,100,1,92,1164,50,0.8985239267349243,0.15317252278327942,0.7094530826144031,0.21230299112500792,0.3341700834524107,0.1,-0.014418211550546626,False,0.9985581788449454,ratio
normcap-314380,101,0,256,5100,138,1.0265780687332153,0.1557857245206833,0.8243993324921727,0.21521518838748027,0.383058156196624,0.10000000000000002,-0.5876437606106624,False,0.9412356239389338,ratio
normcap-314380,101,1,123,898,78,1.1069164276123047,0.12303152680397034,1.098258097251781,0.19128628466641573,0.5741436711821938,0.1,-0.5899122331768692,False,0.9410087766823131,ratio
normcap-314380,102,0,256,1940,144,0.7935067415237427,0.14695465564727783,0.621474688322868,0.1838021000875129,0.3381216471558094,0.09999999999999999,0.1354334018372352,False,1.0135433401837235,ratio
normcap-314380,102,1,85,1470,45,0.9479068517684937,0.15178246796131134,0.8578331566200735,0.20780453931871457,0.4128077083553961,0.10000000000000002,-0.0038064983898517405,False,0.9996193501610148,ratio
normcap-314380,103,0,256,2905,153,0.8917853832244873,0.1423027515411377,0.6965725399432823,0.18065034715918132,0.3855915866740586,0.1,-0.4878628434469651,False,0.9512137156553034,ratio
normcap-314380,103,1,137,1842,72,0.9363151788711548,0.17115247249603271,0.7600957654442851,0.23425879116683251,0.3244684059275993,0.10000000000000002,-0.4224229263812678,False,0.9577577073618733,ratio
normcap-314380,104,0,256,3807,136,0.8996696472167969,0.1554957628250122,0.5671692829428838,0.2183703324894954,0.25972817666070425,0.1,0.05367248528465655,False,1.0053672485284657,ratio
normcap-314380,104,1,100,1001,59,0.8418067097663879,0.12561577558517456,0.6578242461925424,0.19814303871839206,0.3319946289546239,0.10000000000000002,-0.0821108140918007,False,0.99178891859082,ratio
normcap-314380,105,0,256,4946,131,0.7680661678314209,0.178806334733963,0.4364521875003218,0.1916151871032374,0.22777536274573706,0.1,0.5171679642470699,False,1.051716796424707,ratio
normcap-314380,105,1,98,508,62,0.7039478421211243,0.14314717054367065,0.6340883150537681,0.1579041641561423,0.40156529021410403,0.1,0.23639767940521497,False,1.0236397679405216,ratio
normcap-314380,106,0,256,3624,134,0.8163519501686096,0.15982608497142792,0.5151976040900429,0.19865589135741213,0.2593417192763361,0.10000000000000002,0.38392615082442855,False,1.038392615082443,ratio
normcap-314380,106,1,97,604,55,0.8112295866012573,0.14939680695533752,0.6456129427898454,0.18627668322910457,0.34658816744970494,0.09999999999999999,-0.053606174187423736,False,0.9946393825812576,ratio
normcap-314380,107,0,256,3129,150,0.8075512647628784,0.13711389899253845,0.6279011661456212,0.19742072554491052,0.31805230398810497,0.09999999999999999,0.24173015238106493,False,1.0241730152381066,ratio
normcap-314380,107,1,133,2682,84,0.7983174324035645,0.11781169474124908,0.7336560929056282,0.16614389519938846,0.4415787242890695,0.1,0.022266490430733553,False,1.0022266490430733,ratio
normcap-314380,108,0,256,1679,153,0.8013434410095215,0.14095385372638702,0.7303404580224916,0.20333970433254445,0.3591725779378941,0.1,0.3857427074265896,False,1.038574270742659,ratio
normcap-314380,108,1,139,2732,76,0.8076895475387573,0.1412423998117447,0.8749980456607126,0.18956839217742616,0.4615738075373662,0.1,0.07820967757660634,False,1.0078209677576606,ratio
normcap-314380,109,0,256,3403,148,0.8048246502876282,0.13035282492637634,0.610884440134978,0.1974467096571521,0.30939205884753523,0.1,0.4492871451455434,False,1.0449287145145543,ratio
normcap-314380,109,1,121,1105,72,0.7534449100494385,0.13380146026611328,0.7505551170217728,0.2027032006435924,0.37027294815213785,0.1,0.15049703200654468,False,1.0150497032006545,ratio
normcap-314380,110,0,256,5664,147,0.6319727897644043,0.14188772439956665,0.713462906884108,0.16504345866791942,0.43228790322411514,0.09999999999999999,0.5481675573932911,False,1.054816755739329,ratio
normcap-314380,110,1,95,843,50,0.6525441408157349,0.13851626217365265,0.9561372940276021,0.20858180491989187,0.45839918510380956,0.1,0.12205209696464923,False,1.0122052096964649,ratio
normcap-314380,111,0,256,3504,149,0.9365307092666626,0.12954416871070862,0.7183708180196771,0.1594496879374292,0.450531341460874,0.1,-0.3313124847670279,False,0.9668687515232972,ratio
normcap-314380,111,1,113,2168,60,1.1127737760543823,0.13006454706192017,1.3837392751575368,0.20590850926019869,0.6720165573191338,0.1,-0.40177827259667503,False,0.9598221727403324,ratio
normcap-314380,112,0,256,4385,138,0.9172612428665161,0.11609600484371185,0.8704956851827196,0.212215682283766,0.4101938536374182,0.1,-0.37059883372144914,False,0.9629401166278551,ratio
normcap-314380,112,1,91,1395,50,0.944639265537262,0.10497266054153442,1.090829255357228,0.24468660974855547,0.4458066816480823,0.1,-0.2754398438668382,False,0.9724560156133162,ratio
normcap-314380,113,0,256,3790,138,0.8983907699584961,0.1275927573442459,1.2763478292842196,0.22066063182677037,0.5784211794907832,0.10000000000000002,0.2292778907857826,False,1.0229277890785782,ratio
normcap-314380,113,1,100,932,59,0.8054477572441101,0.10816045105457306,2.0812328233801622,0.18755414463545322,1.0,0.09011684926765841,-0.17131092752720467,True,0.9845619989661282,cap
normcap-314380,114,0,256,2789,144,0.7511911392211914,0.12353749573230743,1.0965329501166101,0.2178884180566337,0.5032543537176899,0.10000000000000002,0.22289334466058439,False,1.0222893344660584,ratio
normcap-314380,114,1,99,2469,59,0.7331719994544983,0.11243385821580887,1.7295796211301055,0.20092510043217907,0.8608081406503583,0.1,0.29903378650172585,False,1.0299033786501726,ratio
normcap-314380,115,0,256,1519,147,1.083410620689392,0.11730687320232391,1.2356142711961533,0.20995484532537048,0.5885142918618056,0.1,0.11386643481342162,False,1.011386643481342,ratio
normcap-314380,115,1,129,3415,75,0.8492728471755981,0.10744299739599228,1.218707329998569,0.19518750498409304,0.6243777387788673,0.1,-0.3707669068086624,False,0.9629233093191337,ratio
normcap-314380,116,0,256,3751,151,0.9928447008132935,0.121407151222229,1.5614354299286715,0.19442881458737388,0.8030884893488778,0.1,0.3141762074405889,False,1.0314176207440588,ratio
normcap-314380,116,1,156,2174,76,1.1465048789978027,0.1281827688217163,2.162077319387429,0.20541039031357497,1.0,0.09500603353619791,-0.34780948204507756,True,0.9669560006846177,cap
normcap-314380,117,0,256,6534,150,1.0272808074951172,0.11446277797222137,1.1525120368660593,0.15831553388460173,0.7279841772861914,0.10000000000000002,-0.27429253186151475,False,0.9725707468138485,ratio
normcap-314380,117,1,121,656,63,0.8687859177589417,0.13234533369541168,0.9710284388451803,0.18439192928882142,0.526611138887871,0.1,-0.03775467019825069,False,0.9962245329801749,ratio
normcap-314380,118,0,256,4865,141,0.8876438140869141,0.12262783199548721,0.9221801218341249,0.2018886522758891,0.45677660009039445,0.1,-0.3484461596107789,False,0.9651553840389221,ratio
normcap-314380,118,1,96,790,52,0.8885766863822937,0.14173820614814758,1.529915564964768,0.19727691489139126,0.7755167733675514,0.1,-0.15286120630930206,False,0.9847138793690698,ratio
normcap-314380,119,0,256,6040,145,0.9062776565551758,0.11296675354242325,0.7689590968926789,0.1826592638826879,0.42098006996597753,0.10000000000000002,-0.34416119656038513,False,0.9655838803439615,ratio
normcap-314380,119,1,110,1093,55,0.9458237886428833,0.15140987932682037,1.531024856082388,0.1987123900481712,0.7704727700729894,0.1,0.0077357856641926135,False,1.0007735785664194,ratio
normcap-314380,120,0,256,6386,145,0.6915053725242615,0.13133220374584198,0.6349620627305648,0.18397067313588092,0.3451430882473215,0.1,0.28455273497737094,False,1.028455273497737,ratio
normcap-314380,120,1,89,571,48,0.7461944818496704,0.12057946622371674,1.309764229795756,0.22618212059030976,0.5790750508384215,0.1,0.3292967112905551,False,1.0329296711290554,ratio
normcap-314380,121,0,256,3560,136,0.8376579284667969,0.13740988075733185,0.7931835472977341,0.196269802883729,0.4041291811800612,0.1,0.2445732343138919,False,1.0244573234313892,ratio
normcap-314380,121,1,114,1820,65,0.8356173634529114,0.12929347157478333,0.903424681966192,0.21119136427279203,0.4277753899062155,0.1,0.01271414311704056,False,1.001271414311704,ratio
normcap-314380,122,0,256,4685,143,0.8586075901985168,0.11990977823734283,0.6791380798385867,0.17928952205564672,0.37879407120500896,0.1,-0.18371243089967954,False,0.981628756910032,ratio
normcap-314380,122,1,97,1047,55,0.860043466091156,0.10951501131057739,1.2456404791645177,0.21830632022497082,0.5705929530033075,0.1,-0.20628575721440157,False,0.9793714242785598,ratio
normcap-314380,123,0,256,4437,144,0.9557349681854248,0.13333570957183838,0.9566661167411348,0.19564035170951188,0.48899222904771666,0.1,-0.44573943734551796,False,0.9554260562654482,ratio
normcap-314380,123,1,141,679,85,0.9075682759284973,0.12176889181137085,0.9653374247372218,0.20650872698284167,0.4674559951248111,0.1,-0.29056917057820275,False,0.9709430829421797,ratio
normcap-314380,124,0,256,3008,146,0.7465515732765198,0.12913377583026886,0.6890413831439853,0.2200834085457399,0.31308193002689794,0.1,-0.23461431902826696,False,0.9765385680971733,ratio
normcap-314380,124,1,158,2685,87,0.7276426553726196,0.13054463267326355,0.7662018720587949,0.1676243269790435,0.4570946746617428,0.1,-0.04813995758443382,False,0.9951860042415566,ratio
normcap-314380,125,0,256,5076,143,0.7800501585006714,0.12443096190690994,0.6858129955229804,0.1884025123820422,0.3640147824208895,0.1,0.03302262399282626,False,1.0033022623992827,ratio
normcap-314380,125,1,95,893,50,0.709692120552063,0.13818064332008362,0.7456522928525638,0.19465284448411183,0.38306776087899724,0.1,0.09749169102982773,False,1.0097491691029827,ratio
normcap-314380,126,0,256,3588,136,1.1433534622192383,0.12834122776985168,1.2160759450964813,0.2300475722504537,0.5286193343403489,0.10000000000000002,-0.5053273821121993,False,0.94946726178878,ratio
normcap-314380,126,1,105,651,57,1.1162967681884766,0.1407543122768402,1.2120639471191317,0.2335347601378063,0.5190079397190834,0.1,-0.41749482523961545,False,0.9582505174760384,ratio
normcap-314380,127,0,256,4367,148,0.9433030486106873,0.12396956235170364,0.8373954142654193,0.22496968461661623,0.3722258915428863,0.10000000000000002,-0.29518252127031663,False,0.9704817478729684,ratio
normcap-314380,127,1,108,1443,53,0.8943514227867126,0.15403562784194946,0.8088645191756075,0.2642283526812205,0.3061232872883501,0.1,-0.33680293700652675,False,0.9663197062993474,ratio
normcap-314380,128,0,256,2724,147,0.8770128488540649,0.13310617208480835,0.6906261891247134,0.20643207462841262,0.33455372202593653,0.1,-0.12744398030003434,False,0.9872556019699965,ratio
normcap-314380,128,1,92,2620,44,0.8193117380142212,0.15000072121620178,0.794544881811435,0.20946497346249224,0.37932111926756573,0.1,-0.33391380913197355,False,0.9666086190868026,ratio
normcap-314380,129,0,256,3620,137,0.696103572845459,0.15193620324134827,0.5406047805778962,0.18124539127241,0.29827229083324536,0.1,0.4479893154663009,False,1.0447989315466302,ratio
normcap-314380,129,1,103,3257,62,0.607991635799408,0.14032062888145447,0.6696004585217048,0.1835595819522833,0.3647864368615575,0.1,0.5227311635708518,False,1.052273116357085,ratio
normcap-314380,130,0,256,3200,132,0.7751767635345459,0.14726325869560242,0.7657495491560692,0.2207862078743509,0.3468285254447851,0.1,-0.09485644870435274,False,0.9905143551295648,ratio
normcap-314380,130,1,125,790,71,0.8019715547561646,0.1307065784931183,0.8730899010548147,0.24465828661750244,0.3568609562037027,0.1,0.0499950057007013,False,1.00499950057007,ratio
normcap-314380,131,0,256,2831,139,0.9829882383346558,0.13791179656982422,0.9397734125665133,0.25285884574844875,0.37165929860386493,0.1,-0.5549059824415301,False,0.944509401755847,ratio
normcap-314380,131,1,108,910,64,1.0462862253189087,0.13814520835876465,1.311307708372188,0.19252779437505563,0.6811004679239624,0.1,0.06304633704755881,False,1.0063046337047559,ratio
normcap-314380,132,0,256,2072,153,1.0739465951919556,0.12152799218893051,0.9805679930053942,0.1764164892723244,0.5558255903685656,0.1,-0.479516386693329,False,0.9520483613306671,ratio
normcap-314380,132,1,112,3195,55,1.0673221349716187,0.16571342945098877,1.2783047136456174,0.2382366655378149,0.5365692601346095,0.1,-0.45090125804832615,False,0.9549098741951674,ratio
normcap-314380,133,0,256,3372,144,0.7867224216461182,0.1357448697090149,0.7416285752549134,0.215911922147459,0.34348662541590064,0.1,0.08304268636694517,False,1.0083042686366945,ratio
normcap-314380,133,1,88,2822,48,0.8296095728874207,0.13981163501739502,0.992898487501366,0.23024365253847512,0.43123815860046205,0.1,-0.04443594795117633,False,0.9955564052048823,ratio
normcap-314380,134,0,256,4227,152,0.9189789295196533,0.1306416541337967,0.6415652757137441,0.21380787009108768,0.3000662582908762,0.1,-0.11935263405627346,False,0.9880647365943727,ratio
normcap-314380,134,1,142,3085,81,0.8961662650108337,0.1413879245519638,0.8106968675618978,0.19071182264745323,0.42508998986420415,0.1,-0.2105800530063108,False,0.9789419946993689,ratio
normcap-314380,135,0,256,3406,141,0.72223961353302,0.14876684546470642,0.6473616059020839,0.19194261954901665,0.33726829790231466,0.1,0.23311604763108293,False,1.0233116047631083,ratio
normcap-314380,135,1,82,1308,46,0.7413567304611206,0.1338731050491333,1.6097831413362087,0.17806171647442465,0.9040590943463275,0.1,0.2055535428126863,False,1.0205553542812686,ratio
normcap-314380,136,0,256,5475,143,0.806991696357727,0.14724452793598175,0.645147298749861,0.20849517687871033,0.30943032275761856,0.1,0.1215394344201833,False,1.0121539434420184,ratio
normcap-314380,136,1,104,3139,56,0.870278000831604,0.14773663878440857,0.8914580966582496,0.2576539092926349,0.3459905184849188,0.1,-0.033434638779096554,False,0.9966565361220904,ratio
normcap-314380,137,0,256,2264,149,1.0271556377410889,0.12795288860797882,0.8128322937739427,0.2166182010307522,0.37523730227015833,0.1,-0.11226143803653031,False,0.988773856196347,ratio
normcap-314380,137,1,133,2911,73,1.0334757566452026,0.14504365622997284,1.3097488493392182,0.23260236484010074,0.563084924024563,0.09999999999999999,-0.39997171065743237,False,0.9600028289342568,ratio
normcap-314380,138,0,256,5150,147,0.812673807144165,0.1325240135192871,0.5408255820635701,0.19474480307276457,0.27770989188425005,0.1,0.2306247955424348,False,1.0230624795542436,ratio
normcap-314380,138,1,118,2427,61,0.7474599480628967,0.15412697196006775,1.1493082979564904,0.2075492840615835,0.5537519934857836,0.09999999999999999,-0.06265790941670515,False,0.9937342090583294,ratio
normcap-314380,139,0,256,3479,135,0.750397801399231,0.15401022136211395,0.7088450392975434,0.23467328695892573,0.30205612597978004,0.1,0.38549156212181723,False,1.0385491562121818,ratio
normcap-314380,139,1,129,1807,83,0.7440404295921326,0.11195938289165497,1.1399590990858222,0.15836741200369225,0.7198192384802277,0.1,0.3459107206515262,False,1.0345910720651526,ratio
normcap-314380,140,0,256,6406,142,0.7707022428512573,0.1393093764781952,0.8397973693212897,0.20515550634968893,0.4093467361728276,0.1,0.1812903465624735,False,1.0181290346562473,ratio
normcap-314380,140,1,127,1774,75,0.703344464302063,0.12166071683168411,0.9304586059959773,0.21541088549144047,0.4319459547613948,0.1,0.1841664959189052,False,1.0184166495918905,ratio
normcap-314380,141,0,256,3866,142,1.0442237854003906,0.1265445053577423,1.1032020996063727,0.23411568848931896,0.4712209193348032,0.1,-0.2890881544914171,False,0.9710911845508583,ratio
normcap-314380,141,1,89,1805,45,1.0547250509262085,0.13647198677062988,1.8418877797013273,0.22251726343071468,0.8277505085688945,0.1,-0.13312624604869508,False,0.9866873753951305,ratio
normcap-314380,142,0,256,4647,146,1.0234403610229492,0.12553666532039642,0.855992711013811,0.16698386891989553,0.5126200012915275,0.1,-0.38039047268200776,False,0.9619609527317993,ratio
normcap-314380,142,1,96,1684,52,0.9046480059623718,0.1437874436378479,1.0003747410045742,0.23688091209779424,0.4223112500476941,0.1,0.12741821733444728,False,1.0127418217334447,ratio
normcap-314380,143,0,256,5922,144,0.6576900482177734,0.125374436378479,0.8380662031959472,0.2043180871084039,0.4101771972597312,0.1,0.2375890773278237,False,1.0237589077327824,ratio
normcap-314380,143,1,88,987,45,0.6947714686393738,0.13905103504657745,1.4701646915666187,0.25628628527672187,0.5736415781980791,0.09999999999999999,-0.03822041031148005,False,0.996177958968852,ratio
normcap-314380,144,0,256,3607,145,1.0809227228164673,0.11307201534509659,1.225770104685033,0.22324051100489886,0.5490804958147288,0.1,-0.381684656370886,False,0.9618315343629114,ratio
normcap-314380,144,1,97,1291,52,1.0212291479110718,0.11271748691797256,1.136119330581023,0.23412213027346793,0.4852678084100684,0.1,-0.36630066127484057,False,0.9633699338725159,ratio
normcap-314380,145,0,256,4630,135,0.7981300950050354,0.12236583977937698,0.8270823939653281,0.20612815148666894,0.40124669435014976,0.10000000000000002,0.37133117673946253,False,1.0371331176739462,ratio
normcap-314380,145,1,99,1771,51,0.9371411800384521,0.14502517879009247,0.9933167329943986,0.28556871082939655,0.3478380842598062,0.1,-0.014120283731943264,False,0.9985879716268057,ratio
normcap-314380,146,0,256,4903,137,0.991836667060852,0.12059269845485687,0.9560183491082137,0.19292857045019643,0.49552969105475503,0.1,-0.21661106287722903,False,0.9783388937122771,ratio
normcap-314380,146,1,102,555,62,1.0199830532073975,0.10765908658504486,1.2098007017628023,0.23660511440790166,0.511316378257629,0.1,0.02506422550063758,False,1.0025064225500637,ratio
normcap-314380,147,0,256,3649,149,0.8714324235916138,0.10996837913990021,0.8993864254304441,0.1864453713506162,0.4823860302432076,0.1,0.17588185720664137,False,1.0175881857206641,ratio
normcap-314380,147,1,97,2966,52,0.8738928437232971,0.12097533792257309,1.044525283236514,0.1844859778892412,0.5661813950237506,0.1,-0.0803758159756136,False,0.9919624184024386,ratio
normcap-314380,148,0,256,6068,130,0.9113500118255615,0.14187386631965637,0.9055621036531792,0.21359525585189906,0.42396171209021166,0.1,-0.06749457081012993,False,0.993250542918987,ratio
normcap-314380,148,1,118,1362,68,0.8645954728126526,0.12165982276201248,0.890161894085032,0.19762741044308169,0.45042430707829667,0.1,-0.20589027887477837,False,0.9794109721125221,ratio
normcap-314380,149,0,256,6439,153,0.7832484245300293,0.108925461769104,1.051425722226354,0.15176718849847082,0.6927885616309932,0.1,0.0005089135604725551,False,1.0000508913560473,ratio
normcap-314380,149,1,100,1409,53,0.728826105594635,0.12235915660858154,0.8014252427463293,0.21363388752784007,0.37513956798726056,0.1,-0.013267819303616025,False,0.9986732180696384,ratio
normcap-314380,150,0,256,5271,145,0.8132197856903076,0.12184761464595795,0.8227829566721421,0.18245908277006875,0.45094107905222597,0.1,-0.012313377424002568,False,0.9987686622575997,ratio
normcap-314380,150,1,93,1519,45,0.8132949471473694,0.13862325251102448,1.215776649873458,0.24168650941460645,0.503038689589342,0.1,-0.09380895941163093,False,0.9906191040588369,ratio
