source,model,subset,states,metric,valid,nulls,mean,median,minimum,maximum
teacher-314380,teacher-314380,all,26,absolute_conflict,26,0,0.5769230769230769,1.0,False,True
teacher-314380,teacher-314380,all,26,absolute_strong_conflict,26,0,0.5769230769230769,1.0,False,True
teacher-314380,teacher-314380,all,26,absolute_reverse_dmc,26,0,0.038461538461538464,0.0,False,True
teacher-314380,teacher-314380,all,26,centered_conflict,13,13,0.6923076923076923,True,False,True
teacher-314380,teacher-314380,all,26,centered_strong_conflict,13,13,0.6923076923076923,True,False,True
teacher-314380,teacher-314380,all,26,centered_reverse_dmc,26,0,0.038461538461538464,0.0,False,True
teacher-314380,teacher-314380,all,26,model_span,26,0,0.5024307404573147,0.31662558764219284,0.0,1.3568134307861328
teacher-314380,teacher-314380,all,26,model_top_gap,13,13,0.4768304331944539,0.5371256321668625,0.005318701267242432,1.0956671833992004
teacher-314380,teacher-314380,all,26,teacher_top_gap,13,13,1.0111173120184014,1.497600018978119,0.0,1.600000023841858
teacher-314380,teacher-314380,all,26,top1,26,0,1,1.0,1,1
teacher-314380,teacher-314380,all,26,teacher_regret,26,0,0.0,0.0,0.0,0.0
teacher-314380,teacher-314380,all,26,saturation_fraction,26,0,0.0,0.0,0.0,0.0
teacher-314380,teacher-314380,all,26,tanh_slope_mean,26,0,0.8409585578053614,0.9062618767756694,0.37430846187253647,0.9999660145079066
teacher-314380,teacher-314380,all,26,loss_dmc,26,0,1.0858461432642519,0.9630942940711975,0.0029485689010471106,3.4811666011810303
teacher-314380,teacher-314380,all,26,loss_absolute,26,0,0.07312750594554437,0.040901124477386475,3.39854923367966e-05,0.26891618967056274
teacher-314380,teacher-314380,all,26,loss_centered,26,0,0.03930133659965717,0.005450497381389141,0.0,0.2336508333683014
teacher-314380,teacher-314380,all,26,absolute_cosine,26,0,-0.13569020110933638,-0.5337282957448555,-0.9999999999999988,0.9999999999999992
teacher-314380,teacher-314380,all,26,absolute_weighted_norm_ratio,26,0,0.21752684022827856,0.010263556311915972,0.0005795919742591698,4.757615890315569
teacher-314380,teacher-314380,all,26,absolute_dmc_descent_factor,26,0,0.8529222012329594,0.9973850739622014,-2.3964654680584023,1.0186519930813978
teacher-314380,teacher-314380,all,26,centered_cosine,13,13,-0.28190151696474824,-0.5580209501621474,-0.9230459120420331,0.8604489794301484
teacher-314380,teacher-314380,all,26,centered_weighted_norm_ratio,26,0,0.07614491726977392,0.0013774483390553245,0.0,1.6547139439399887
teacher-314380,teacher-314380,all,26,centered_dmc_descent_factor,26,0,0.9588490206899226,1.0,-0.033349249908772416,1.0101110116477328
teacher-314380,teacher-314380,multi,13,absolute_conflict,13,0,0.6153846153846154,True,False,True
teacher-314380,teacher-314380,multi,13,absolute_strong_conflict,13,0,0.6153846153846154,True,False,True
teacher-314380,teacher-314380,multi,13,absolute_reverse_dmc,13,0,0.07692307692307693,False,False,True
teacher-314380,teacher-314380,multi,13,centered_conflict,13,0,0.6923076923076923,True,False,True
teacher-314380,teacher-314380,multi,13,centered_strong_conflict,13,0,0.6923076923076923,True,False,True
teacher-314380,teacher-314380,multi,13,centered_reverse_dmc,13,0,0.07692307692307693,False,False,True
teacher-314380,teacher-314380,multi,13,model_span,13,0,1.0048614809146295,1.009791910648346,0.6332511752843857,1.3568134307861328
teacher-314380,teacher-314380,multi,13,model_top_gap,13,0,0.4768304331944539,0.5371256321668625,0.005318701267242432,1.0956671833992004
teacher-314380,teacher-314380,multi,13,teacher_top_gap,13,0,1.0111173120184014,1.497600018978119,0.0,1.600000023841858
teacher-314380,teacher-314380,multi,13,top1,13,0,1,1,1,1
teacher-314380,teacher-314380,multi,13,teacher_regret,13,0,0.0,0.0,0.0,0.0
teacher-314380,teacher-314380,multi,13,saturation_fraction,13,0,0.0,0.0,0.0,0.0
teacher-314380,teacher-314380,multi,13,tanh_slope_mean,13,0,0.6931006721094483,0.7405566039569693,0.37430846187253647,0.8650960147394497
teacher-314380,teacher-314380,multi,13,loss_dmc,13,0,1.1141670460705286,0.5153153538703918,0.0029485689010471106,3.4811666011810303
teacher-314380,teacher-314380,multi,13,loss_absolute,13,0,0.13507145528609937,0.11793448776006699,0.020046114921569824,0.26891618967056274
teacher-314380,teacher-314380,multi,13,loss_centered,13,0,0.07860267319931434,0.07208990305662155,0.010900994762778282,0.2336508333683014
teacher-314380,teacher-314380,multi,13,absolute_cosine,13,0,-0.19445732529559603,-0.513568756544691,-0.8583610007267369,0.9051472059438195
teacher-314380,teacher-314380,multi,13,absolute_weighted_norm_ratio,13,0,0.427887097161108,0.01809590761692533,0.005899840819365027,4.757615890315569
teacher-314380,teacher-314380,multi,13,absolute_dmc_descent_factor,13,0,0.7045274629173046,0.9959012205486797,-2.3964654680584023,1.0163794602184775
teacher-314380,teacher-314380,multi,13,centered_cosine,13,0,-0.28190151696474824,-0.5580209501621474,-0.9230459120420331,0.8604489794301484
teacher-314380,teacher-314380,multi,13,centered_weighted_norm_ratio,13,0,0.15228983453954784,0.010968503783386943,0.002754896678110649,1.6547139439399887
teacher-314380,teacher-314380,multi,13,centered_dmc_descent_factor,13,0,0.9176980413798453,0.9960584941377061,-0.033349249908772416,1.0101110116477328
teacher-314380,teacher-314380,singleton,13,absolute_conflict,13,0,0.5384615384615384,True,False,True
teacher-314380,teacher-314380,singleton,13,absolute_strong_conflict,13,0,0.5384615384615384,True,False,True
teacher-314380,teacher-314380,singleton,13,absolute_reverse_dmc,13,0,0,False,False,False
teacher-314380,teacher-314380,singleton,13,centered_conflict,0,13,,,,
teacher-314380,teacher-314380,singleton,13,centered_strong_conflict,0,13,,,,
teacher-314380,teacher-314380,singleton,13,centered_reverse_dmc,13,0,0,False,False,False
teacher-314380,teacher-314380,singleton,13,model_span,13,0,0.0,0.0,0.0,0.0
teacher-314380,teacher-314380,singleton,13,model_top_gap,0,13,,,,
teacher-314380,teacher-314380,singleton,13,teacher_top_gap,0,13,,,,
teacher-314380,teacher-314380,singleton,13,top1,13,0,1,1,1,1
teacher-314380,teacher-314380,singleton,13,teacher_regret,13,0,0.0,0.0,0.0,0.0
teacher-314380,teacher-314380,singleton,13,saturation_fraction,13,0,0.0,0.0,0.0,0.0
teacher-314380,teacher-314380,singleton,13,tanh_slope_mean,13,0,0.9888164435012745,0.9987726430578702,0.947427738811889,0.9999660145079066
teacher-314380,teacher-314380,singleton,13,loss_dmc,13,0,1.057525240457975,0.969844400882721,0.7351512312889099,1.5111451148986816
teacher-314380,teacher-314380,singleton,13,loss_absolute,13,0,0.011183556604989393,0.0012273569591343403,3.39854923367966e-05,0.05257226154208183
teacher-314380,teacher-314380,singleton,13,loss_centered,13,0,0.0,0.0,0.0,0.0
teacher-314380,teacher-314380,singleton,13,absolute_cosine,13,0,-0.0769230769230767,-0.9999999999999977,-0.9999999999999988,0.9999999999999992
teacher-314380,teacher-314380,singleton,13,absolute_weighted_norm_ratio,13,0,0.007166583295449111,0.003630556973428525,0.0005795919742591698,0.018651993081397873
teacher-314380,teacher-314380,singleton,13,absolute_dmc_descent_factor,13,0,1.0013169395486141,0.9984572387800466,0.98336962677055,1.0186519930813978
teacher-314380,teacher-314380,singleton,13,centered_cosine,0,13,,,,
teacher-314380,teacher-314380,singleton,13,centered_weighted_norm_ratio,13,0,0.0,0.0,0.0,0.0
teacher-314380,teacher-314380,singleton,13,centered_dmc_descent_factor,13,0,1.0,1.0,1.0,1.0
teacher-314380,absolute-314380,all,26,absolute_conflict,26,0,0.5769230769230769,1.0,False,True
teacher-314380,absolute-314380,all,26,absolute_strong_conflict,26,0,0.5769230769230769,1.0,False,True
teacher-314380,absolute-314380,all,26,absolute_reverse_dmc,26,0,0,0.0,False,False
teacher-314380,absolute-314380,all,26,centered_conflict,13,13,0.46153846153846156,False,False,True
teacher-314380,absolute-314380,all,26,centered_strong_conflict,13,13,0.38461538461538464,False,False,True
teacher-314380,absolute-314380,all,26,centered_reverse_dmc,26,0,0,0.0,False,False
teacher-314380,absolute-314380,all,26,model_span,26,0,0.10372667630704549,0.02542819082736969,0.0,0.41881804168224335
teacher-314380,absolute-314380,all,26,model_top_gap,13,13,0.08048455585510685,0.04073500633239746,0.00011043623089790344,0.2976224645972252
teacher-314380,absolute-314380,all,26,teacher_top_gap,13,13,1.0111173120184014,1.497600018978119,0.0,1.600000023841858
teacher-314380,absolute-314380,all,26,top1,26,0,0.9230769230769231,1.0,0,1
teacher-314380,absolute-314380,all,26,teacher_regret,26,0,0.00010017248300405649,0.0,0.0,0.0016137361526489258
teacher-314380,absolute-314380,all,26,saturation_fraction,26,0,0.0,0.0,0.0,0.0
teacher-314380,absolute-314380,all,26,tanh_slope_mean,26,0,0.9574335563429145,0.9789424548465735,0.8198616192821219,0.9999995704148464
teacher-314380,absolute-314380,all,26,loss_dmc,26,0,0.9746089554750003,0.9283594787120819,0.4688996374607086,2.00567626953125
teacher-314380,absolute-314380,all,26,loss_absolute,26,0,0.2509780650305078,0.13590995594859123,4.2958515678037656e-07,1.077662467956543
teacher-314380,absolute-314380,all,26,loss_centered,26,0,0.15923173381732061,0.07335048168897629,0.0,0.5688869953155518
teacher-314380,absolute-314380,all,26,absolute_cosine,26,0,-0.03777925857435926,-0.17164852099682906,-0.9999999999999989,0.9999999999999992
teacher-314380,absolute-314380,all,26,absolute_weighted_norm_ratio,26,0,0.02541047733743984,0.022205952059741907,6.5499819675941e-05,0.06890803116934655
teacher-314380,absolute-314380,all,26,absolute_dmc_descent_factor,26,0,0.9945238414719901,0.9973787357382795,0.9411258569776058,1.0639509032157373
teacher-314380,absolute-314380,all,26,centered_cosine,13,13,-0.0011723589644391736,0.026916470780309686,-0.45579890610742796,0.5155232492570525
teacher-314380,absolute-314380,all,26,centered_weighted_norm_ratio,26,0,0.00619172969824427,0.0025215696148024277,0.0,0.02670252212733229
teacher-314380,absolute-314380,all,26,centered_dmc_descent_factor,26,0,0.9999639541296885,1.0,0.992750979412873,1.0101701261455982
teacher-314380,absolute-314380,multi,13,absolute_conflict,13,0,0.6923076923076923,True,False,True
teacher-314380,absolute-314380,multi,13,absolute_strong_conflict,13,0,0.6923076923076923,True,False,True
teacher-314380,absolute-314380,multi,13,absolute_reverse_dmc,13,0,0,False,False,False
teacher-314380,absolute-314380,multi,13,centered_conflict,13,0,0.46153846153846156,False,False,True
teacher-314380,absolute-314380,multi,13,centered_strong_conflict,13,0,0.38461538461538464,False,False,True
teacher-314380,absolute-314380,multi,13,centered_reverse_dmc,13,0,0,False,False,False
teacher-314380,absolute-314380,multi,13,model_span,13,0,0.20745335261409098,0.2394392415881157,0.05085638165473938,0.41881804168224335
teacher-314380,absolute-314380,multi,13,model_top_gap,13,0,0.08048455585510685,0.04073500633239746,0.00011043623089790344,0.2976224645972252
teacher-314380,absolute-314380,multi,13,teacher_top_gap,13,0,1.0111173120184014,1.497600018978119,0.0,1.600000023841858
teacher-314380,absolute-314380,multi,13,top1,13,0,0.8461538461538461,1,0,1
teacher-314380,absolute-314380,multi,13,teacher_regret,13,0,0.00020034496600811297,0.0,0.0,0.0016137361526489258
teacher-314380,absolute-314380,multi,13,saturation_fraction,13,0,0.0,0.0,0.0,0.0
teacher-314380,absolute-314380,multi,13,tanh_slope_mean,13,0,0.9436719190861597,0.9766124928732142,0.8198616192821219,0.9978618317955765
teacher-314380,absolute-314380,multi,13,loss_dmc,13,0,0.9578215181827545,0.869847297668457,0.4725746214389801,2.00567626953125
teacher-314380,absolute-314380,multi,13,loss_absolute,13,0,0.4731513238870181,0.4509485363960266,0.17169667780399323,1.077662467956543
teacher-314380,absolute-314380,multi,13,loss_centered,13,0,0.31846346763464123,0.2745893895626068,0.14670096337795258,0.5688869953155518
teacher-314380,absolute-314380,multi,13,absolute_cosine,13,0,-0.1524815940717954,-0.20032169458739346,-0.9874178404967172,0.9618146110167017
teacher-314380,absolute-314380,multi,13,absolute_weighted_norm_ratio,13,0,0.03603375279095704,0.028490712890550062,0.00881886769491197,0.06890803116934655
teacher-314380,absolute-314380,multi,13,absolute_dmc_descent_factor,13,0,0.9941220861486464,0.9948515044249175,0.9411258569776058,1.0639509032157373
teacher-314380,absolute-314380,multi,13,centered_cosine,13,0,-0.0011723589644391736,0.026916470780309686,-0.45579890610742796,0.5155232492570525
teacher-314380,absolute-314380,multi,13,centered_weighted_norm_ratio,13,0,0.01238345939648854,0.00878185548860086,0.005043139229604855,0.02670252212733229
teacher-314380,absolute-314380,multi,13,centered_dmc_descent_factor,13,0,0.999927908259377,1.0001357435097147,0.992750979412873,1.0101701261455982
teacher-314380,absolute-314380,singleton,13,absolute_conflict,13,0,0.46153846153846156,False,False,True
teacher-314380,absolute-314380,singleton,13,absolute_strong_conflict,13,0,0.46153846153846156,False,False,True
teacher-314380,absolute-314380,singleton,13,absolute_reverse_dmc,13,0,0,False,False,False
teacher-314380,absolute-314380,singleton,13,centered_conflict,0,13,,,,
teacher-314380,absolute-314380,singleton,13,centered_strong_conflict,0,13,,,,
teacher-314380,absolute-314380,singleton,13,centered_reverse_dmc,13,0,0,False,False,False
teacher-314380,absolute-314380,singleton,13,model_span,13,0,0.0,0.0,0.0,0.0
teacher-314380,absolute-314380,singleton,13,model_top_gap,0,13,,,,
teacher-314380,absolute-314380,singleton,13,teacher_top_gap,0,13,,,,
teacher-314380,absolute-314380,singleton,13,top1,13,0,1,1,1,1
teacher-314380,absolute-314380,singleton,13,teacher_regret,13,0,0.0,0.0,0.0,0.0
teacher-314380,absolute-314380,singleton,13,saturation_fraction,13,0,0.0,0.0,0.0,0.0
teacher-314380,absolute-314380,singleton,13,tanh_slope_mean,13,0,0.9711951935996693,0.9816893706068244,0.8998767686678582,0.9999995704148464
teacher-314380,absolute-314380,singleton,13,loss_dmc,13,0,0.991396392767246,1.0013113021850586,0.4688996374607086,1.7329684495925903
teacher-314380,absolute-314380,singleton,13,loss_absolute,13,0,0.028804806173997558,0.018310628831386566,4.2958515678037656e-07,0.10012323409318924
teacher-314380,absolute-314380,singleton,13,loss_centered,13,0,0.0,0.0,0.0,0.0
teacher-314380,absolute-314380,singleton,13,absolute_cosine,13,0,0.07692307692307689,0.9999999999999983,-0.9999999999999989,0.9999999999999992
teacher-314380,absolute-314380,singleton,13,absolute_weighted_norm_ratio,13,0,0.014787201883922641,0.011918856094612913,6.5499819675941e-05,0.04603603556187066
teacher-314380,absolute-314380,singleton,13,absolute_dmc_descent_factor,13,0,0.994925596795334,1.0000654998196759,0.9539639644381294,1.0240365489986927
teacher-314380,absolute-314380,singleton,13,centered_cosine,0,13,,,,
teacher-314380,absolute-314380,singleton,13,centered_weighted_norm_ratio,13,0,0.0,0.0,0.0,0.0
teacher-314380,absolute-314380,singleton,13,centered_dmc_descent_factor,13,0,1.0,1.0,1.0,1.0
teacher-314380,centered-314380,all,26,absolute_conflict,26,0,0.4230769230769231,0.0,False,True
teacher-314380,centered-314380,all,26,absolute_strong_conflict,26,0,0.4230769230769231,0.0,False,True
teacher-314380,centered-314380,all,26,absolute_reverse_dmc,26,0,0,0.0,False,False
teacher-314380,centered-314380,all,26,centered_conflict,13,13,0.46153846153846156,False,False,True
teacher-314380,centered-314380,all,26,centered_strong_conflict,13,13,0.38461538461538464,False,False,True
teacher-314380,centered-314380,all,26,centered_reverse_dmc,26,0,0,0.0,False,False
teacher-314380,centered-314380,all,26,model_span,26,0,0.07130464223714975,0.002647317945957184,0.0,0.24982129782438278
teacher-314380,centered-314380,all,26,model_top_gap,13,13,0.06214656960219145,0.023680567741394043,0.0002891272306442261,0.20717511884868145
teacher-314380,centered-314380,all,26,teacher_top_gap,13,13,1.0111173120184014,1.497600018978119,0.0,1.600000023841858
teacher-314380,centered-314380,all,26,top1,26,0,0.9615384615384616,1.0,0,1
teacher-314380,centered-314380,all,26,teacher_regret,26,0,0.0006803251229799711,0.0,0.0,0.017688453197479248
teacher-314380,centered-314380,all,26,saturation_fraction,26,0,0.0,0.0,0.0,0.0
teacher-314380,centered-314380,all,26,tanh_slope_mean,26,0,0.9736274426908406,0.9908339877074472,0.81937187402088,0.999879907986903
teacher-314380,centered-314380,all,26,loss_dmc,26,0,1.0343044572151625,1.0709826350212097,0.33062079548835754,1.8203644752502441
teacher-314380,centered-314380,all,26,loss_absolute,26,0,0.3023293830631771,0.29853537678718567,0.0001200920160044916,0.9251387715339661
teacher-314380,centered-314380,all,26,loss_centered,26,0,0.17299785980811486,0.08731289207935333,0.0,0.6357712745666504
teacher-314380,centered-314380,all,26,absolute_cosine,26,0,0.14266180399282516,0.6247782419106175,-0.9999999999999993,0.999999999999999
teacher-314380,centered-314380,all,26,absolute_weighted_norm_ratio,26,0,0.032562295394091174,0.021241785360288118,0.0010839860425134757,0.15590644481488375
teacher-314380,centered-314380,all,26,absolute_dmc_descent_factor,26,0,0.9939428464188254,1.0037075986944384,0.8624116619438533,1.0542855781765217
teacher-314380,centered-314380,all,26,centered_cosine,13,13,0.002460688781306727,0.023795034761286263,-0.38053306446318114,0.47231940407036604
teacher-314380,centered-314380,all,26,centered_weighted_norm_ratio,26,0,0.00588097953948398,0.0019514328596766245,0.0,0.02089502473677847
teacher-314380,centered-314380,all,26,centered_dmc_descent_factor,26,0,1.0002618518900337,1.0,0.9956183457006365,1.0094260566944173
teacher-314380,centered-314380,multi,13,absolute_conflict,13,0,0.46153846153846156,False,False,True
teacher-314380,centered-314380,multi,13,absolute_strong_conflict,13,0,0.46153846153846156,False,False,True
teacher-314380,centered-314380,multi,13,absolute_reverse_dmc,13,0,0,False,False,False
teacher-314380,centered-314380,multi,13,centered_conflict,13,0,0.46153846153846156,False,False,True
teacher-314380,centered-314380,multi,13,centered_strong_conflict,13,0,0.38461538461538464,False,False,True
teacher-314380,centered-314380,multi,13,centered_reverse_dmc,13,0,0,False,False,False
teacher-314380,centered-314380,multi,13,model_span,13,0,0.1426092844742995,0.13088399171829224,0.005294635891914368,0.24982129782438278
teacher-314380,centered-314380,multi,13,model_top_gap,13,0,0.06214656960219145,0.023680567741394043,0.0002891272306442261,0.20717511884868145
teacher-314380,centered-314380,multi,13,teacher_top_gap,13,0,1.0111173120184014,1.497600018978119,0.0,1.600000023841858
teacher-314380,centered-314380,multi,13,top1,13,0,0.9230769230769231,1,0,1
teacher-314380,centered-314380,multi,13,teacher_regret,13,0,0.0013606502459599422,0.0,0.0,0.017688453197479248
teacher-314380,centered-314380,multi,13,saturation_fraction,13,0,0.0,0.0,0.0,0.0
teacher-314380,centered-314380,multi,13,tanh_slope_mean,13,0,0.9740958932627992,0.9852683631618494,0.9037516076206307,0.999469227578171
teacher-314380,centered-314380,multi,13,loss_dmc,13,0,1.0318724788152254,1.0798310041427612,0.36451512575149536,1.8203644752502441
teacher-314380,centered-314380,multi,13,loss_absolute,13,0,0.5778177586885599,0.5129821300506592,0.4164426326751709,0.9251387715339661
teacher-314380,centered-314380,multi,13,loss_centered,13,0,0.3459957196162297,0.2760356664657593,0.17462578415870667,0.6357712745666504
teacher-314380,centered-314380,multi,13,absolute_cosine,13,0,0.05455437721641998,0.37443857167511224,-0.9785395503276213,0.9841758954374078
teacher-314380,centered-314380,multi,13,absolute_weighted_norm_ratio,13,0,0.05249790572395643,0.04707289850432087,0.016122317444069195,0.15590644481488375
teacher-314380,centered-314380,multi,13,absolute_dmc_descent_factor,13,0,0.9908570694233443,1.0065356830986543,0.8624116619438533,1.0542855781765217
teacher-314380,centered-314380,multi,13,centered_cosine,13,0,0.002460688781306727,0.023795034761286263,-0.38053306446318114,0.47231940407036604
teacher-314380,centered-314380,multi,13,centered_weighted_norm_ratio,13,0,0.01176195907896796,0.011514516630886722,0.003902865719353249,0.02089502473677847
teacher-314380,centered-314380,multi,13,centered_dmc_descent_factor,13,0,1.0005237037800676,1.0002725770468348,0.9956183457006365,1.0094260566944173
teacher-314380,centered-314380,singleton,13,absolute_conflict,13,0,0.38461538461538464,False,False,True
teacher-314380,centered-314380,singleton,13,absolute_strong_conflict,13,0,0.38461538461538464,False,False,True
teacher-314380,centered-314380,singleton,13,absolute_reverse_dmc,13,0,0,False,False,False
teacher-314380,centered-314380,singleton,13,centered_conflict,0,13,,,,
teacher-314380,centered-314380,singleton,13,centered_strong_conflict,0,13,,,,
teacher-314380,centered-314380,singleton,13,centered_reverse_dmc,13,0,0,False,False,False
teacher-314380,centered-314380,singleton,13,model_span,13,0,0.0,0.0,0.0,0.0
teacher-314380,centered-314380,singleton,13,model_top_gap,0,13,,,,
teacher-314380,centered-314380,singleton,13,teacher_top_gap,0,13,,,,
teacher-314380,centered-314380,singleton,13,top1,13,0,1,1,1,1
teacher-314380,centered-314380,singleton,13,teacher_regret,13,0,0.0,0.0,0.0,0.0
teacher-314380,centered-314380,singleton,13,saturation_fraction,13,0,0.0,0.0,0.0,0.0
teacher-314380,centered-314380,singleton,13,tanh_slope_mean,13,0,0.973158992118882,0.9955244029627206,0.81937187402088,0.999879907986903
teacher-314380,centered-314380,singleton,13,loss_dmc,13,0,1.0367364356150994,1.0621342658996582,0.33062079548835754,1.8142340183258057
teacher-314380,centered-314380,singleton,13,loss_absolute,13,0,0.02684100743779429,0.004475596826523542,0.0001200920160044916,0.18062812089920044
teacher-314380,centered-314380,singleton,13,loss_centered,13,0,0.0,0.0,0.0,0.0
teacher-314380,centered-314380,singleton,13,absolute_cosine,13,0,0.23076923076923037,0.9999999999999982,-0.9999999999999993,0.999999999999999
teacher-314380,centered-314380,singleton,13,absolute_weighted_norm_ratio,13,0,0.012626685064225927,0.007169638579982646,0.0010839860425134757,0.07391414914426105
teacher-314380,centered-314380,singleton,13,absolute_dmc_descent_factor,13,0,0.9970286234143064,1.002969054607357,0.926085850855739,1.0257573727421048
teacher-314380,centered-314380,singleton,13,centered_cosine,0,13,,,,
teacher-314380,centered-314380,singleton,13,centered_weighted_norm_ratio,13,0,0.0,0.0,0.0,0.0
teacher-314380,centered-314380,singleton,13,centered_dmc_descent_factor,13,0,1.0,1.0,1.0,1.0
teacher-314380,teacher-314381,all,26,absolute_conflict,26,0,0.7307692307692307,1.0,False,True
teacher-314380,teacher-314381,all,26,absolute_strong_conflict,26,0,0.6923076923076923,1.0,False,True
teacher-314380,teacher-314381,all,26,absolute_reverse_dmc,26,0,0.038461538461538464,0.0,False,True
teacher-314380,teacher-314381,all,26,centered_conflict,13,13,0.7692307692307693,True,False,True
teacher-314380,teacher-314381,all,26,centered_strong_conflict,13,13,0.7692307692307693,True,False,True
teacher-314380,teacher-314381,all,26,centered_reverse_dmc,26,0,0,0.0,False,False
teacher-314380,teacher-314381,all,26,model_span,26,0,0.5271132393525197,0.3342635855078697,0.0,1.529237985610962
teacher-314380,teacher-314381,all,26,model_top_gap,13,13,0.4884712489751669,0.5600061044096947,0.002271115779876709,1.1388829350471497
teacher-314380,teacher-314381,all,26,teacher_top_gap,13,13,1.0111173120184014,1.497600018978119,0.0,1.600000023841858
teacher-314380,teacher-314381,all,26,top1,26,0,0.9230769230769231,1.0,0,1
teacher-314380,teacher-314381,all,26,teacher_regret,26,0,0.00028549707852877106,0.0,0.0,0.006432175636291504
teacher-314380,teacher-314381,all,26,saturation_fraction,26,0,0.0,0.0,0.0,0.0
teacher-314380,teacher-314381,all,26,tanh_slope_mean,26,0,0.8302766796423077,0.8861769883173103,0.4412235898118524,0.9994557621483353
teacher-314380,teacher-314381,all,26,loss_dmc,26,0,1.0560421186785858,0.9451818764209747,0.008027064613997936,3.147779703140259
teacher-314380,teacher-314381,all,26,loss_absolute,26,0,0.0637683313622032,0.0322476951405406,0.0005442378460429609,0.23881317675113678
teacher-314380,teacher-314381,all,26,loss_centered,26,0,0.036988502726531945,0.004685308784246445,0.0,0.2169104367494583
teacher-314380,teacher-314381,all,26,absolute_cosine,26,0,-0.24842952386419348,-0.4550074154537955,-0.9999999999999986,0.9999999999999983
teacher-314380,teacher-314381,all,26,absolute_weighted_norm_ratio,26,0,0.09610032791740779,0.009057012787910105,0.0017690537732595495,1.7730656493902077
teacher-314380,teacher-314381,all,26,absolute_dmc_descent_factor,26,0,0.9377289987384975,0.9958357648864593,-0.264550781098317,1.0234662043614118
teacher-314380,teacher-314381,all,26,centered_cosine,13,13,-0.3595229594309672,-0.5796023121375086,-0.9046491210103309,0.8474630921346625
teacher-314380,teacher-314381,all,26,centered_weighted_norm_ratio,26,0,0.03244312564297159,0.0010311696422514655,0.0,0.6152641775101284
teacher-314380,teacher-314381,all,26,centered_dmc_descent_factor,26,0,0.9838332842295964,1.0,0.6433914601397471,1.0165614506038638
teacher-314380,teacher-314381,multi,13,absolute_conflict,13,0,0.9230769230769231,True,False,True
teacher-314380,teacher-314381,multi,13,absolute_strong_conflict,13,0,0.8461538461538461,True,False,True
teacher-314380,teacher-314381,multi,13,absolute_reverse_dmc,13,0,0.07692307692307693,False,False,True
teacher-314380,teacher-314381,multi,13,centered_conflict,13,0,0.7692307692307693,True,False,True
teacher-314380,teacher-314381,multi,13,centered_strong_conflict,13,0,0.7692307692307693,True,False,True
teacher-314380,teacher-314381,multi,13,centered_reverse_dmc,13,0,0,False,False,False
teacher-314380,teacher-314381,multi,13,model_span,13,0,1.0542264787050395,1.0219973027706146,0.6685271710157394,1.529237985610962
teacher-314380,teacher-314381,multi,13,model_top_gap,13,0,0.4884712489751669,0.5600061044096947,0.002271115779876709,1.1388829350471497
teacher-314380,teacher-314381,multi,13,teacher_top_gap,13,0,1.0111173120184014,1.497600018978119,0.0,1.600000023841858
teacher-314380,teacher-314381,multi,13,top1,13,0,0.8461538461538461,1,0,1
teacher-314380,teacher-314381,multi,13,teacher_regret,13,0,0.0005709941570575421,0.0,0.0,0.006432175636291504
teacher-314380,teacher-314381,multi,13,saturation_fraction,13,0,0.0,0.0,0.0,0.0
teacher-314380,teacher-314381,multi,13,tanh_slope_mean,13,0,0.6773469678867949,0.7064181750510367,0.4412235898118524,0.8663651052668605
teacher-314380,teacher-314381,multi,13,loss_dmc,13,0,1.0390939849357193,0.5485324859619141,0.008027064613997936,3.147779703140259
teacher-314380,teacher-314381,multi,13,loss_absolute,13,0,0.11074305440370853,0.09461312741041183,0.009754190221428871,0.23881317675113678
teacher-314380,teacher-314381,multi,13,loss_centered,13,0,0.07397700545306389,0.06692244112491608,0.00937061756849289,0.2169104367494583
teacher-314380,teacher-314381,multi,13,absolute_cosine,13,0,-0.41993597080531014,-0.4362664855052633,-0.8264031012614473,0.30706277453626984
teacher-314380,teacher-314381,multi,13,absolute_weighted_norm_ratio,13,0,0.18283657712331908,0.015922003765074084,0.0017690537732595495,1.7730656493902077
teacher-314380,teacher-314381,multi,13,absolute_dmc_descent_factor,13,0,0.874076749152273,0.9934282831958745,-0.264550781098317,1.0066958556451036
teacher-314380,teacher-314381,multi,13,centered_cosine,13,0,-0.3595229594309672,-0.5796023121375086,-0.9046491210103309,0.8474630921346625
teacher-314380,teacher-314381,multi,13,centered_weighted_norm_ratio,13,0,0.06488625128594318,0.011875253656542942,0.002062339284502931,0.6152641775101284
teacher-314380,teacher-314381,multi,13,centered_dmc_descent_factor,13,0,0.9676665684591927,0.995557179611381,0.6433914601397471,1.0165614506038638
teacher-314380,teacher-314381,singleton,13,absolute_conflict,13,0,0.5384615384615384,True,False,True
teacher-314380,teacher-314381,singleton,13,absolute_strong_conflict,13,0,0.5384615384615384,True,False,True
teacher-314380,teacher-314381,singleton,13,absolute_reverse_dmc,13,0,0,False,False,False
teacher-314380,teacher-314381,singleton,13,centered_conflict,0,13,,,,
teacher-314380,teacher-314381,singleton,13,centered_strong_conflict,0,13,,,,
teacher-314380,teacher-314381,singleton,13,centered_reverse_dmc,13,0,0,False,False,False
teacher-314380,teacher-314381,singleton,13,model_span,13,0,0.0,0.0,0.0,0.0
teacher-314380,teacher-314381,singleton,13,model_top_gap,0,13,,,,
teacher-314380,teacher-314381,singleton,13,teacher_top_gap,0,13,,,,
teacher-314380,teacher-314381,singleton,13,top1,13,0,1,1,1,1
teacher-314380,teacher-314381,singleton,13,teacher_regret,13,0,0.0,0.0,0.0,0.0
teacher-314380,teacher-314381,singleton,13,saturation_fraction,13,0,0.0,0.0,0.0,0.0
teacher-314380,teacher-314381,singleton,13,tanh_slope_mean,13,0,0.9832063913978203,0.9951273644349159,0.90598887136776,0.9994557621483353
teacher-314380,teacher-314381,singleton,13,loss_dmc,13,0,1.0729902524214525,0.9538864493370056,0.7684854865074158,1.7072359323501587
teacher-314380,teacher-314381,singleton,13,loss_absolute,13,0,0.016793608320697855,0.004872635472565889,0.0005442378460429609,0.09401112794876099
teacher-314380,teacher-314381,singleton,13,loss_centered,13,0,0.0,0.0,0.0,0.0
teacher-314380,teacher-314381,singleton,13,absolute_cosine,13,0,-0.07692307692307679,-0.9999999999999971,-0.9999999999999986,0.9999999999999983
teacher-314380,teacher-314381,singleton,13,absolute_weighted_norm_ratio,13,0,0.009364078711496509,0.007504256056536266,0.0023886142320032637,0.023466204361411763
teacher-314380,teacher-314381,singleton,13,absolute_dmc_descent_factor,13,0,1.001381248324722,0.9976113857679968,0.985927187633221,1.0234662043614118
teacher-314380,teacher-314381,singleton,13,centered_cosine,0,13,,,,
teacher-314380,teacher-314381,singleton,13,centered_weighted_norm_ratio,13,0,0.0,0.0,0.0,0.0
teacher-314380,teacher-314381,singleton,13,centered_dmc_descent_factor,13,0,1.0,1.0,1.0,1.0
teacher-314380,absolute-314381,all,26,absolute_conflict,26,0,0.5384615384615384,1.0,False,True
teacher-314380,absolute-314381,all,26,absolute_strong_conflict,26,0,0.5384615384615384,1.0,False,True
teacher-314380,absolute-314381,all,26,absolute_reverse_dmc,26,0,0,0.0,False,False
teacher-314380,absolute-314381,all,26,centered_conflict,13,13,0.46153846153846156,False,False,True
teacher-314380,absolute-314381,all,26,centered_strong_conflict,13,13,0.46153846153846156,False,False,True
teacher-314380,absolute-314381,all,26,centered_reverse_dmc,26,0,0,0.0,False,False
teacher-314380,absolute-314381,all,26,model_span,26,0,0.2248498652703487,0.10830924473702908,0.0,0.7945063188672066
teacher-314380,absolute-314381,all,26,model_top_gap,13,13,0.19553933278299296,0.13739996030926704,0.0014462172985076904,0.6026081815361977
teacher-314380,absolute-314381,all,26,teacher_top_gap,13,13,1.0111173120184014,1.497600018978119,0.0,1.600000023841858
teacher-314380,absolute-314381,all,26,top1,26,0,0.8846153846153846,1.0,0,1
teacher-314380,absolute-314381,all,26,teacher_regret,26,0,0.00044022615139301005,0.0,0.0,0.009648263454437256
teacher-314380,absolute-314381,all,26,saturation_fraction,26,0,0.0,0.0,0.0,0.0
teacher-314380,absolute-314381,all,26,tanh_slope_mean,26,0,0.9128469024752751,0.9594763396485412,0.6568815944162765,0.9999990978804854
teacher-314380,absolute-314381,all,26,loss_dmc,26,0,1.062416304475986,0.9667027294635773,0.1243300661444664,2.5146446228027344
teacher-314380,absolute-314381,all,26,loss_absolute,26,0,0.27115166646073546,0.24866361171007156,9.021194955494138e-07,1.0964810848236084
teacher-314380,absolute-314381,all,26,loss_centered,26,0,0.11227084610324639,0.044813308864831924,0.0,0.4522477686405182
teacher-314380,absolute-314381,all,26,absolute_cosine,26,0,-0.027077983228962512,-0.3343283786353378,-0.9999999999999993,0.999999999999999
teacher-314380,absolute-314381,all,26,absolute_weighted_norm_ratio,26,0,0.0463707665913264,0.027766318547417783,9.488985487188082e-05,0.34881122293454636
teacher-314380,absolute-314381,all,26,absolute_dmc_descent_factor,26,0,0.9832057578575034,0.9981698407662577,0.6908614871202997,1.0767997436747232
teacher-314380,absolute-314381,all,26,centered_cosine,13,13,-0.009589562443628633,0.044656176618768986,-0.6076862771202015,0.8972996960560017
teacher-314380,absolute-314381,all,26,centered_weighted_norm_ratio,26,0,0.005803237079443675,0.0020421170355914425,0.0,0.022450862886792728
teacher-314380,absolute-314381,all,26,centered_dmc_descent_factor,26,0,0.9997185656697477,1.0,0.9877652068175529,1.0111311219195664
teacher-314380,absolute-314381,multi,13,absolute_conflict,13,0,0.5384615384615384,True,False,True
teacher-314380,absolute-314381,multi,13,absolute_strong_conflict,13,0,0.5384615384615384,True,False,True
teacher-314380,absolute-314381,multi,13,absolute_reverse_dmc,13,0,0,False,False,False
teacher-314380,absolute-314381,multi,13,centered_conflict,13,0,0.46153846153846156,False,False,True
teacher-314380,absolute-314381,multi,13,centered_strong_conflict,13,0,0.46153846153846156,False,False,True
teacher-314380,absolute-314381,multi,13,centered_reverse_dmc,13,0,0,False,False,False
teacher-314380,absolute-314381,multi,13,model_span,13,0,0.4496997305406974,0.44134049117565155,0.21661848947405815,0.7945063188672066
teacher-314380,absolute-314381,multi,13,model_top_gap,13,0,0.19553933278299296,0.13739996030926704,0.0014462172985076904,0.6026081815361977
teacher-314380,absolute-314381,multi,13,teacher_top_gap,13,0,1.0111173120184014,1.497600018978119,0.0,1.600000023841858
teacher-314380,absolute-314381,multi,13,top1,13,0,0.7692307692307693,1,0,1
teacher-314380,absolute-314381,multi,13,teacher_regret,13,0,0.0008804523027860201,0.0,0.0,0.009648263454437256
teacher-314380,absolute-314381,multi,13,saturation_fraction,13,0,0.0,0.0,0.0,0.0
teacher-314380,absolute-314381,multi,13,tanh_slope_mean,13,0,0.9139301963438343,0.9314052689214641,0.7048505483498658,0.9845065507535576
teacher-314380,absolute-314381,multi,13,loss_dmc,13,0,1.0123163845676642,0.9681881666183472,0.1243300661444664,2.4123733043670654
teacher-314380,absolute-314381,multi,13,loss_absolute,13,0,0.4540669419444524,0.3721132278442383,0.09287654608488083,1.0964810848236084
teacher-314380,absolute-314381,multi,13,loss_centered,13,0,0.22454169220649278,0.22263193130493164,0.08962661772966385,0.4522477686405182
teacher-314380,absolute-314381,multi,13,absolute_cosine,13,0,0.022767110465151827,-0.25349635759169775,-0.9942559100218562,0.985496685017868
teacher-314380,absolute-314381,multi,13,absolute_weighted_norm_ratio,13,0,0.06766938694796229,0.038462767387534076,0.009889560372850064,0.34881122293454636
teacher-314380,absolute-314381,multi,13,absolute_dmc_descent_factor,13,0,0.9752404014324669,0.994375945901414,0.6908614871202997,1.0767997436747232
teacher-314380,absolute-314381,multi,13,centered_cosine,13,0,-0.009589562443628633,0.044656176618768986,-0.6076862771202015,0.8972996960560017
teacher-314380,absolute-314381,multi,13,centered_weighted_norm_ratio,13,0,0.01160647415888735,0.008272580916873006,0.004084234071182885,0.022450862886792728
teacher-314380,absolute-314381,multi,13,centered_dmc_descent_factor,13,0,0.9994371313394954,1.0005282361085095,0.9877652068175529,1.0111311219195664
teacher-314380,absolute-314381,singleton,13,absolute_conflict,13,0,0.5384615384615384,True,False,True
teacher-314380,absolute-314381,singleton,13,absolute_strong_conflict,13,0,0.5384615384615384,True,False,True
teacher-314380,absolute-314381,singleton,13,absolute_reverse_dmc,13,0,0,False,False,False
teacher-314380,absolute-314381,singleton,13,centered_conflict,0,13,,,,
teacher-314380,absolute-314381,singleton,13,centered_strong_conflict,0,13,,,,
teacher-314380,absolute-314381,singleton,13,centered_reverse_dmc,13,0,0,False,False,False
teacher-314380,absolute-314381,singleton,13,model_span,13,0,0.0,0.0,0.0,0.0
teacher-314380,absolute-314381,singleton,13,model_top_gap,0,13,,,,
teacher-314380,absolute-314381,singleton,13,teacher_top_gap,0,13,,,,
teacher-314380,absolute-314381,singleton,13,top1,13,0,1,1,1,1
teacher-314380,absolute-314381,singleton,13,teacher_regret,13,0,0.0,0.0,0.0,0.0
teacher-314380,absolute-314381,singleton,13,saturation_fraction,13,0,0.0,0.0,0.0,0.0
teacher-314380,absolute-314381,singleton,13,tanh_slope_mean,13,0,0.9117636086067159,0.969950886031034,0.6568815944162765,0.9999990978804854
teacher-314380,absolute-314381,singleton,13,loss_dmc,13,0,1.1125162243843079,0.9652172923088074,0.23303046822547913,2.5146446228027344
teacher-314380,absolute-314381,singleton,13,loss_absolute,13,0,0.08823639097701849,0.030049113556742668,9.021194955494138e-07,0.3431183993816376
teacher-314380,absolute-314381,singleton,13,loss_centered,13,0,0.0,0.0,0.0,0.0
teacher-314380,absolute-314381,singleton,13,absolute_cosine,13,0,-0.07692307692307686,-0.9999999999999974,-0.9999999999999993,0.999999999999999
teacher-314380,absolute-314381,singleton,13,absolute_weighted_norm_ratio,13,0,0.02507214623469051,0.020969713345465737,9.488985487188082e-05,0.10715415034929077
teacher-314380,absolute-314381,singleton,13,absolute_dmc_descent_factor,13,0,0.9911711142825398,0.998214137398016,0.8928458496507095,1.0369388785732871
teacher-314380,absolute-314381,singleton,13,centered_cosine,0,13,,,,
teacher-314380,absolute-314381,singleton,13,centered_weighted_norm_ratio,13,0,0.0,0.0,0.0,0.0
teacher-314380,absolute-314381,singleton,13,centered_dmc_descent_factor,13,0,1.0,1.0,1.0,1.0
teacher-314380,centered-314381,all,26,absolute_conflict,26,0,0.5,0.5,False,True
teacher-314380,centered-314381,all,26,absolute_strong_conflict,26,0,0.46153846153846156,0.0,False,True
teacher-314380,centered-314381,all,26,absolute_reverse_dmc,26,0,0,0.0,False,False
teacher-314380,centered-314381,all,26,centered_conflict,13,13,0.5384615384615384,True,False,True
teacher-314380,centered-314381,all,26,centered_strong_conflict,13,13,0.38461538461538464,False,False,True
teacher-314380,centered-314381,all,26,centered_reverse_dmc,26,0,0,0.0,False,False
teacher-314380,centered-314381,all,26,model_span,26,0,0.09186545603622037,0.01815081387758255,0.0,0.4971871078014374
teacher-314380,centered-314381,all,26,model_top_gap,13,13,0.07034067820327786,0.019229933619499207,0.0005110949277877808,0.33198264986276627
teacher-314380,centered-314381,all,26,teacher_top_gap,13,13,1.0111173120184014,1.497600018978119,0.0,1.600000023841858
teacher-314380,centered-314381,all,26,top1,26,0,0.8846153846153846,1.0,0,1
teacher-314380,centered-314381,all,26,teacher_regret,26,0,0.05782612470480112,0.0,0.0,1.4848000407218933
teacher-314380,centered-314381,all,26,saturation_fraction,26,0,0.0,0.0,0.0,0.0
teacher-314380,centered-314381,all,26,tanh_slope_mean,26,0,0.9812852229089408,0.9919475150660582,0.8743914125002554,0.999873379522443
teacher-314380,centered-314381,all,26,loss_dmc,26,0,1.0388796627521515,1.0036315321922302,0.504755437374115,2.1177518367767334
teacher-314380,centered-314381,all,26,loss_absolute,26,0,0.27888063483092435,0.18463523499667645,0.0001266204781131819,0.887748658657074
teacher-314380,centered-314381,all,26,loss_centered,26,0,0.1654334876399774,0.08775690943002701,0.0,0.5821775794029236
teacher-314380,centered-314381,all,26,absolute_cosine,26,0,0.05807354831094213,0.3214875542053041,-0.9999999999999991,0.999999999999999
teacher-314380,centered-314381,all,26,absolute_weighted_norm_ratio,26,0,0.027230753106828785,0.016954122411086646,0.0011127365313312483,0.10700948524938143
teacher-314380,centered-314381,all,26,absolute_dmc_descent_factor,26,0,0.9988502975752256,1.000175147840654,0.901739655829094,1.0526012272949574
teacher-314380,centered-314381,all,26,centered_cosine,13,13,0.049840588876197106,-0.01606049472165651,-0.35050100299424053,0.5648929329445949
teacher-314380,centered-314381,all,26,centered_weighted_norm_ratio,26,0,0.006679763574983387,0.002211780602158959,0.0,0.025388985248140577
teacher-314380,centered-314381,all,26,centered_dmc_descent_factor,26,0,1.0005619584685899,1.0,0.9949205858273077,1.0116646634145037
teacher-314380,centered-314381,multi,13,absolute_conflict,13,0,0.5384615384615384,True,False,True
teacher-314380,centered-314381,multi,13,absolute_strong_conflict,13,0,0.46153846153846156,False,False,True
teacher-314380,centered-314381,multi,13,absolute_reverse_dmc,13,0,0,False,False,False
teacher-314380,centered-314381,multi,13,centered_conflict,13,0,0.5384615384615384,True,False,True
teacher-314380,centered-314381,multi,13,centered_strong_conflict,13,0,0.38461538461538464,False,False,True
teacher-314380,centered-314381,multi,13,centered_reverse_dmc,13,0,0,False,False,False
teacher-314380,centered-314381,multi,13,model_span,13,0,0.18373091207244074,0.1193578727543354,0.0363016277551651,0.4971871078014374
teacher-314380,centered-314381,multi,13,model_top_gap,13,0,0.07034067820327786,0.019229933619499207,0.0005110949277877808,0.33198264986276627
teacher-314380,centered-314381,multi,13,teacher_top_gap,13,0,1.0111173120184014,1.497600018978119,0.0,1.600000023841858
teacher-314380,centered-314381,multi,13,top1,13,0,0.7692307692307693,1,0,1
teacher-314380,centered-314381,multi,13,teacher_regret,13,0,0.11565224940960224,0.0,0.0,1.4848000407218933
teacher-314380,centered-314381,multi,13,saturation_fraction,13,0,0.0,0.0,0.0,0.0
teacher-314380,centered-314381,multi,13,tanh_slope_mean,13,0,0.9682839974730414,0.9820820491954776,0.8743914125002554,0.9988445406558732
teacher-314380,centered-314381,multi,13,loss_dmc,13,0,1.070391677893125,0.9846314191818237,0.504755437374115,2.1177518367767334
teacher-314380,centered-314381,multi,13,loss_absolute,13,0,0.5520477180297558,0.5134105682373047,0.3402152955532074,0.887748658657074
teacher-314380,centered-314381,multi,13,loss_centered,13,0,0.3308669752799548,0.2855411469936371,0.17551381886005402,0.5821775794029236
teacher-314380,centered-314381,multi,13,absolute_cosine,13,0,0.03922401969880737,-0.039412713899208154,-0.9636690271025624,0.9852240506320736
teacher-314380,centered-314381,multi,13,absolute_weighted_norm_ratio,13,0,0.048179900470272825,0.047327009717281966,0.019345048198743952,0.10700948524938143
teacher-314380,centered-314381,multi,13,absolute_dmc_descent_factor,13,0,0.9981684409288096,0.9992375591499765,0.901739655829094,1.0526012272949574
teacher-314380,centered-314381,multi,13,centered_cosine,13,0,0.049840588876197106,-0.01606049472165651,-0.35050100299424053,0.5648929329445949
teacher-314380,centered-314381,multi,13,centered_weighted_norm_ratio,13,0,0.013359527149966775,0.011966404239574046,0.004423561204317918,0.025388985248140577
teacher-314380,centered-314381,multi,13,centered_dmc_descent_factor,13,0,1.00112391693718,0.9997922221510207,0.9949205858273077,1.0116646634145037
teacher-314380,centered-314381,singleton,13,absolute_conflict,13,0,0.46153846153846156,False,False,True
teacher-314380,centered-314381,singleton,13,absolute_strong_conflict,13,0,0.46153846153846156,False,False,True
teacher-314380,centered-314381,singleton,13,absolute_reverse_dmc,13,0,0,False,False,False
teacher-314380,centered-314381,singleton,13,centered_conflict,0,13,,,,
teacher-314380,centered-314381,singleton,13,centered_strong_conflict,0,13,,,,
teacher-314380,centered-314381,singleton,13,centered_reverse_dmc,13,0,0,False,False,False
teacher-314380,centered-314381,singleton,13,model_span,13,0,0.0,0.0,0.0,0.0
teacher-314380,centered-314381,singleton,13,model_top_gap,0,13,,,,
teacher-314380,centered-314381,singleton,13,teacher_top_gap,0,13,,,,
teacher-314380,centered-314381,singleton,13,top1,13,0,1,1,1,1
teacher-314380,centered-314381,singleton,13,teacher_regret,13,0,0.0,0.0,0.0,0.0
teacher-314380,centered-314381,singleton,13,saturation_fraction,13,0,0.0,0.0,0.0,0.0
teacher-314380,centered-314381,singleton,13,tanh_slope_mean,13,0,0.9942864483448404,0.9967664426157556,0.9709448258354092,0.999873379522443
teacher-314380,centered-314381,singleton,13,loss_dmc,13,0,1.007367647611178,1.0226316452026367,0.8222998976707458,1.3699668645858765
teacher-314380,centered-314381,singleton,13,loss_absolute,13,0,0.005713551632092835,0.0032335573341697454,0.0001266204781131819,0.029055174440145493
teacher-314380,centered-314381,singleton,13,loss_centered,13,0,0.0,0.0,0.0,0.0
teacher-314380,centered-314381,singleton,13,absolute_cosine,13,0,0.07692307692307689,0.9999999999999982,-0.9999999999999991,0.999999999999999
teacher-314380,centered-314381,singleton,13,absolute_weighted_norm_ratio,13,0,0.006281605743384745,0.0053804798054833776,0.0011127365313312483,0.014563196623429338
teacher-314380,centered-314381,singleton,13,absolute_dmc_descent_factor,13,0,0.9995321542216415,1.0011127365313313,0.9897230183103914,1.0145631966234294
teacher-314380,centered-314381,singleton,13,centered_cosine,0,13,,,,
teacher-314380,centered-314381,singleton,13,centered_weighted_norm_ratio,13,0,0.0,0.0,0.0,0.0
teacher-314380,centered-314381,singleton,13,centered_dmc_descent_factor,13,0,1.0,1.0,1.0,1.0
teacher-314380,teacher-314382,all,26,absolute_conflict,26,0,0.6923076923076923,1.0,False,True
teacher-314380,teacher-314382,all,26,absolute_strong_conflict,26,0,0.6923076923076923,1.0,False,True
teacher-314380,teacher-314382,all,26,absolute_reverse_dmc,26,0,0,0.0,False,False
teacher-314380,teacher-314382,all,26,centered_conflict,13,13,0.7692307692307693,True,False,True
teacher-314380,teacher-314382,all,26,centered_strong_conflict,13,13,0.7692307692307693,True,False,True
teacher-314380,teacher-314382,all,26,centered_reverse_dmc,26,0,0,0.0,False,False
teacher-314380,teacher-314382,all,26,model_span,26,0,0.5630682549448326,0.3805347944726236,0.0,1.5853896737098694
teacher-314380,teacher-314382,all,26,model_top_gap,13,13,0.556648601177865,0.6353723406791687,0.0012984871864318848,1.248675286769867
teacher-314380,teacher-314382,all,26,teacher_top_gap,13,13,1.0111173120184014,1.497600018978119,0.0,1.600000023841858
teacher-314380,teacher-314382,all,26,top1,26,0,0.9615384615384616,1.0,0,1
teacher-314380,teacher-314382,all,26,teacher_regret,26,0,3.810570790217473e-05,0.0,0.0,0.000990748405456543
teacher-314380,teacher-314382,all,26,saturation_fraction,26,0,0.0,0.0,0.0,0.0
teacher-314380,teacher-314382,all,26,tanh_slope_mean,26,0,0.8073940246640131,0.8363453866704973,0.47039398821874356,0.9983718151634604
teacher-314380,teacher-314382,all,26,loss_dmc,26,0,1.0566091583683515,0.9078531563282013,0.012880315072834492,3.14477276802063
teacher-314380,teacher-314382,all,26,loss_absolute,26,0,0.051833056105981365,0.036615077406167984,0.0016281848074868321,0.16779808700084686
teacher-314380,teacher-314382,all,26,loss_centered,26,0,0.02923977794125676,0.007634384091943502,0.0,0.1453516036272049
teacher-314380,teacher-314382,all,26,absolute_cosine,26,0,-0.2865687698682588,-0.5867214066218158,-0.9999999999999988,0.9999999999999991
teacher-314380,teacher-314382,all,26,absolute_weighted_norm_ratio,26,0,0.05291968417663289,0.012722011313419402,0.003071991979451742,0.7507213969803883
teacher-314380,teacher-314382,all,26,absolute_dmc_descent_factor,26,0,0.9735871102654245,0.9944410405301691,0.5836637034481076,1.0264639214413511
teacher-314380,teacher-314382,all,26,centered_cosine,13,13,-0.3634972250148163,-0.5370507579256762,-0.9555170710298101,0.6781811828520228
teacher-314380,teacher-314382,all,26,centered_weighted_norm_ratio,26,0,0.019605956210893657,0.0014975278186521467,0.0,0.26143104588432714
teacher-314380,teacher-314382,all,26,centered_dmc_descent_factor,26,0,0.9944247993268994,1.0,0.9256434906692299,1.016544290295102
teacher-314380,teacher-314382,multi,13,absolute_conflict,13,0,0.8461538461538461,True,False,True
teacher-314380,teacher-314382,multi,13,absolute_strong_conflict,13,0,0.8461538461538461,True,False,True
teacher-314380,teacher-314382,multi,13,absolute_reverse_dmc,13,0,0,False,False,False
teacher-314380,teacher-314382,multi,13,centered_conflict,13,0,0.7692307692307693,True,False,True
teacher-314380,teacher-314382,multi,13,centered_strong_conflict,13,0,0.7692307692307693,True,False,True
teacher-314380,teacher-314382,multi,13,centered_reverse_dmc,13,0,0,False,False,False
teacher-314380,teacher-314382,multi,13,model_span,13,0,1.1261365098896652,1.1569325029850006,0.7610695889452472,1.5853896737098694
teacher-314380,teacher-314382,multi,13,model_top_gap,13,0,0.556648601177865,0.6353723406791687,0.0012984871864318848,1.248675286769867
teacher-314380,teacher-314382,multi,13,teacher_top_gap,13,0,1.0111173120184014,1.497600018978119,0.0,1.600000023841858
teacher-314380,teacher-314382,multi,13,top1,13,0,0.9230769230769231,1,0,1
teacher-314380,teacher-314382,multi,13,teacher_regret,13,0,7.621141580434945e-05,0.0,0.0,0.000990748405456543
teacher-314380,teacher-314382,multi,13,saturation_fraction,13,0,0.0,0.0,0.0,0.0
teacher-314380,teacher-314382,multi,13,tanh_slope_mean,13,0,0.639088734474997,0.6170277194286564,0.47039398821874356,0.8022019855479168
teacher-314380,teacher-314382,multi,13,loss_dmc,13,0,1.0408113507840495,0.374651163816452,0.012880315072834492,3.14477276802063
teacher-314380,teacher-314382,multi,13,loss_absolute,13,0,0.07936542724760678,0.07939183712005615,0.015276027843356133,0.16779808700084686
teacher-314380,teacher-314382,multi,13,loss_centered,13,0,0.05847955588251352,0.05133838951587677,0.015268768183887005,0.1453516036272049
teacher-314380,teacher-314382,multi,13,absolute_cosine,13,0,-0.4962144628134409,-0.5545816307174853,-0.9787349647895793,0.23356411954909054
teacher-314380,teacher-314382,multi,13,absolute_weighted_norm_ratio,13,0,0.09410805405214723,0.018668155907787726,0.003071991979451742,0.7507213969803883
teacher-314380,teacher-314382,multi,13,absolute_dmc_descent_factor,13,0,0.9468457741079428,0.9936978362503907,0.5836637034481076,1.0043602113982075
teacher-314380,teacher-314382,multi,13,centered_cosine,13,0,-0.3634972250148163,-0.5370507579256762,-0.9555170710298101,0.6781811828520228
teacher-314380,teacher-314382,multi,13,centered_weighted_norm_ratio,13,0,0.039211912421787315,0.011136314433380123,0.0029950556373042935,0.26143104588432714
teacher-314380,teacher-314382,multi,13,centered_dmc_descent_factor,13,0,0.9888495986537988,0.9949800961854586,0.9256434906692299,1.016544290295102
teacher-314380,teacher-314382,singleton,13,absolute_conflict,13,0,0.5384615384615384,True,False,True
teacher-314380,teacher-314382,singleton,13,absolute_strong_conflict,13,0,0.5384615384615384,True,False,True
teacher-314380,teacher-314382,singleton,13,absolute_reverse_dmc,13,0,0,False,False,False
teacher-314380,teacher-314382,singleton,13,centered_conflict,0,13,,,,
teacher-314380,teacher-314382,singleton,13,centered_strong_conflict,0,13,,,,
teacher-314380,teacher-314382,singleton,13,centered_reverse_dmc,13,0,0,False,False,False
teacher-314380,teacher-314382,singleton,13,model_span,13,0,0.0,0.0,0.0,0.0
teacher-314380,teacher-314382,singleton,13,model_top_gap,0,13,,,,
teacher-314380,teacher-314382,singleton,13,teacher_top_gap,0,13,,,,
teacher-314380,teacher-314382,singleton,13,top1,13,0,1,1,1,1
teacher-314380,teacher-314382,singleton,13,teacher_regret,13,0,0.0,0.0,0.0,0.0
teacher-314380,teacher-314382,singleton,13,saturation_fraction,13,0,0.0,0.0,0.0,0.0
teacher-314380,teacher-314382,singleton,13,tanh_slope_mean,13,0,0.9756993148530293,0.9929012477338537,0.8704887877930778,0.9983718151634604
teacher-314380,teacher-314382,singleton,13,loss_dmc,13,0,1.0724069659526532,0.920926570892334,0.7215960621833801,1.8492645025253296
teacher-314380,teacher-314382,singleton,13,loss_absolute,13,0,0.024300684964355942,0.007098752073943615,0.0016281848074868321,0.12951120734214783
teacher-314380,teacher-314382,singleton,13,loss_centered,13,0,0.0,0.0,0.0,0.0
teacher-314380,teacher-314382,singleton,13,absolute_cosine,13,0,-0.0769230769230767,-0.9999999999999978,-0.9999999999999988,0.9999999999999991
teacher-314380,teacher-314382,singleton,13,absolute_weighted_norm_ratio,13,0,0.01173131430111856,0.009200597681148457,0.004204741844640316,0.02646392144135126
teacher-314380,teacher-314382,singleton,13,absolute_dmc_descent_factor,13,0,1.0003284464229063,0.9957952581553597,0.9822792791804186,1.0264639214413511
teacher-314380,teacher-314382,singleton,13,centered_cosine,0,13,,,,
teacher-314380,teacher-314382,singleton,13,centered_weighted_norm_ratio,13,0,0.0,0.0,0.0,0.0
teacher-314380,teacher-314382,singleton,13,centered_dmc_descent_factor,13,0,1.0,1.0,1.0,1.0
teacher-314380,absolute-314382,all,26,absolute_conflict,26,0,0.5,0.5,False,True
teacher-314380,absolute-314382,all,26,absolute_strong_conflict,26,0,0.5,0.5,False,True
teacher-314380,absolute-314382,all,26,absolute_reverse_dmc,26,0,0,0.0,False,False
teacher-314380,absolute-314382,all,26,centered_conflict,13,13,0.6153846153846154,True,False,True
teacher-314380,absolute-314382,all,26,centered_strong_conflict,13,13,0.23076923076923078,False,False,True
teacher-314380,absolute-314382,all,26,centered_reverse_dmc,26,0,0,0.0,False,False
teacher-314380,absolute-314382,all,26,model_span,26,0,0.10251962364866184,0.027205464895814657,0.0,0.3793507367372513
teacher-314380,absolute-314382,all,26,model_top_gap,13,13,0.08726205211132765,0.05100107192993164,0.0021714121103286743,0.23895999789237976
teacher-314380,absolute-314382,all,26,teacher_top_gap,13,13,1.0111173120184014,1.497600018978119,0.0,1.600000023841858
teacher-314380,absolute-314382,all,26,top1,26,0,0.8846153846153846,1.0,0,1
teacher-314380,absolute-314382,all,26,teacher_regret,26,0,0.09164552046702458,0.0,0.0,1.192460536956787
teacher-314380,absolute-314382,all,26,saturation_fraction,26,0,0.0,0.0,0.0,0.0
teacher-314380,absolute-314382,all,26,tanh_slope_mean,26,0,0.9724507071955698,0.9893180047097838,0.8088382222944084,0.9998989547648708
teacher-314380,absolute-314382,all,26,loss_dmc,26,0,1.1021183671859593,1.0230806469917297,0.4939028322696686,2.065603017807007
teacher-314380,absolute-314382,all,26,loss_absolute,26,0,0.27427824467052303,0.2584138512611389,0.00010104523244081065,0.7994224429130554
teacher-314380,absolute-314382,all,26,loss_centered,26,0,0.16397485366234413,0.07547509670257568,0.0,0.5972114205360413
teacher-314380,absolute-314382,all,26,absolute_cosine,26,0,0.05037809391688009,0.27664482847380856,-0.9999999999999989,0.999999999999999
teacher-314380,absolute-314382,all,26,absolute_weighted_norm_ratio,26,0,0.03079360000336927,0.02270373810411721,0.0009952086940590481,0.11581573031795897
teacher-314380,absolute-314382,all,26,absolute_dmc_descent_factor,26,0,0.9972985424685308,0.99988315937821,0.9092631062703538,1.0546847650854707
teacher-314380,absolute-314382,all,26,centered_cosine,13,13,0.005081975163618246,-0.010467199701012134,-0.3869095233118764,0.4738015810927419
teacher-314380,absolute-314382,all,26,centered_weighted_norm_ratio,26,0,0.006653695759620596,0.002915652515208751,0.0,0.023319597210958703
teacher-314380,absolute-314382,all,26,centered_dmc_descent_factor,26,0,1.0001491380173393,1.0,0.9967669426735929,1.0074891130124837
teacher-314380,absolute-314382,multi,13,absolute_conflict,13,0,0.5384615384615384,True,False,True
teacher-314380,absolute-314382,multi,13,absolute_strong_conflict,13,0,0.5384615384615384,True,False,True
teacher-314380,absolute-314382,multi,13,absolute_reverse_dmc,13,0,0,False,False,False
teacher-314380,absolute-314382,multi,13,centered_conflict,13,0,0.6153846153846154,True,False,True
teacher-314380,absolute-314382,multi,13,centered_strong_conflict,13,0,0.23076923076923078,False,False,True
teacher-314380,absolute-314382,multi,13,centered_reverse_dmc,13,0,0,False,False,False
teacher-314380,absolute-314382,multi,13,model_span,13,0,0.20503924729732367,0.23895999789237976,0.054410929791629314,0.3793507367372513
teacher-314380,absolute-314382,multi,13,model_top_gap,13,0,0.08726205211132765,0.05100107192993164,0.0021714121103286743,0.23895999789237976
teacher-314380,absolute-314382,multi,13,teacher_top_gap,13,0,1.0111173120184014,1.497600018978119,0.0,1.600000023841858
teacher-314380,absolute-314382,multi,13,top1,13,0,0.7692307692307693,1,0,1
teacher-314380,absolute-314382,multi,13,teacher_regret,13,0,0.18329104093404916,0.0,0.0,1.192460536956787
teacher-314380,absolute-314382,multi,13,saturation_fraction,13,0,0.0,0.0,0.0,0.0
teacher-314380,absolute-314382,multi,13,tanh_slope_mean,13,0,0.9699304026898472,0.9853454952226555,0.9169201631800329,0.9990621975043776
teacher-314380,absolute-314382,multi,13,loss_dmc,13,0,1.1306102848969972,1.0264651775360107,0.4939028322696686,1.817865252494812
teacher-314380,absolute-314382,multi,13,loss_absolute,13,0,0.5235275007211245,0.539154589176178,0.3256659209728241,0.7994224429130554
teacher-314380,absolute-314382,multi,13,loss_centered,13,0,0.32794970732468826,0.26466572284698486,0.15095019340515137,0.5972114205360413
teacher-314380,absolute-314382,multi,13,absolute_cosine,13,0,0.023833110910683162,-0.1972420650042476,-0.9641076524156784,0.9598219943138199
teacher-314380,absolute-314382,multi,13,absolute_weighted_norm_ratio,13,0,0.05117467559749794,0.046445809020907204,0.020519854967680114,0.11581573031795897
teacher-314380,absolute-314382,multi,13,absolute_dmc_descent_factor,13,0,0.9942783917410634,0.9954380666261613,0.9092631062703538,1.0546847650854707
teacher-314380,absolute-314382,multi,13,centered_cosine,13,0,0.005081975163618246,-0.010467199701012134,-0.3869095233118764,0.4738015810927419
teacher-314380,absolute-314382,multi,13,centered_weighted_norm_ratio,13,0,0.013307391519241192,0.011799197462109251,0.005831305030417502,0.023319597210958703
teacher-314380,absolute-314382,multi,13,centered_dmc_descent_factor,13,0,1.0002982760346788,0.9998289518443404,0.9967669426735929,1.0074891130124837
teacher-314380,absolute-314382,singleton,13,absolute_conflict,13,0,0.46153846153846156,False,False,True
teacher-314380,absolute-314382,singleton,13,absolute_strong_conflict,13,0,0.46153846153846156,False,False,True
teacher-314380,absolute-314382,singleton,13,absolute_reverse_dmc,13,0,0,False,False,False
teacher-314380,absolute-314382,singleton,13,centered_conflict,0,13,,,,
teacher-314380,absolute-314382,singleton,13,centered_strong_conflict,0,13,,,,
teacher-314380,absolute-314382,singleton,13,centered_reverse_dmc,13,0,0,False,False,False
teacher-314380,absolute-314382,singleton,13,model_span,13,0,0.0,0.0,0.0,0.0
teacher-314380,absolute-314382,singleton,13,model_top_gap,0,13,,,,
teacher-314380,absolute-314382,singleton,13,teacher_top_gap,0,13,,,,
teacher-314380,absolute-314382,singleton,13,top1,13,0,1,1,1,1
teacher-314380,absolute-314382,singleton,13,teacher_regret,13,0,0.0,0.0,0.0,0.0
teacher-314380,absolute-314382,singleton,13,saturation_fraction,13,0,0.0,0.0,0.0,0.0
teacher-314380,absolute-314382,singleton,13,tanh_slope_mean,13,0,0.9749710117012924,0.9937967476871028,0.8088382222944084,0.9998989547648708
teacher-314380,absolute-314382,singleton,13,loss_dmc,13,0,1.0736264494749217,1.0202052593231201,0.6688014268875122,2.065603017807007
teacher-314380,absolute-314382,singleton,13,loss_absolute,13,0,0.02502898861992155,0.0062032523564994335,0.00010104523244081065,0.19116178154945374
teacher-314380,absolute-314382,singleton,13,loss_centered,13,0,0.0,0.0,0.0,0.0
teacher-314380,absolute-314382,singleton,13,absolute_cosine,13,0,0.07692307692307701,0.9999999999999981,-0.9999999999999989,0.999999999999999
teacher-314380,absolute-314382,singleton,13,absolute_weighted_norm_ratio,13,0,0.0104125244092406,0.007301037662900179,0.0009952086940590481,0.030421255032833952
teacher-314380,absolute-314382,singleton,13,absolute_dmc_descent_factor,13,0,1.0003186931959982,1.000995208694059,0.9777211265760672,1.030421255032834
teacher-314380,absolute-314382,singleton,13,centered_cosine,0,13,,,,
teacher-314380,absolute-314382,singleton,13,centered_weighted_norm_ratio,13,0,0.0,0.0,0.0,0.0
teacher-314380,absolute-314382,singleton,13,centered_dmc_descent_factor,13,0,1.0,1.0,1.0,1.0
teacher-314380,centered-314382,all,26,absolute_conflict,26,0,0.4230769230769231,0.0,False,True
teacher-314380,centered-314382,all,26,absolute_strong_conflict,26,0,0.38461538461538464,0.0,False,True
teacher-314380,centered-314382,all,26,absolute_reverse_dmc,26,0,0,0.0,False,False
teacher-314380,centered-314382,all,26,centered_conflict,13,13,0.6153846153846154,True,False,True
teacher-314380,centered-314382,all,26,centered_strong_conflict,13,13,0.3076923076923077,False,False,True
teacher-314380,centered-314382,all,26,centered_reverse_dmc,26,0,0,0.0,False,False
teacher-314380,centered-314382,all,26,model_span,26,0,0.08331299660942303,0.0038614668883383274,0.0,0.522160429507494
teacher-314380,centered-314382,all,26,model_top_gap,13,13,0.06485679451949321,0.02799077332019806,0.003359951078891754,0.2831692658364773
teacher-314380,centered-314382,all,26,teacher_top_gap,13,13,1.0111173120184014,1.497600018978119,0.0,1.600000023841858
teacher-314380,centered-314382,all,26,top1,26,0,0.8076923076923077,1.0,0,1
teacher-314380,centered-314382,all,26,teacher_regret,26,0,0.16156261013104364,0.0,0.0,1.5135999917984009
teacher-314380,centered-314382,all,26,saturation_fraction,26,0,0.0,0.0,0.0,0.0
teacher-314380,centered-314382,all,26,tanh_slope_mean,26,0,0.9767323211613601,0.9938390752387438,0.8693344736182089,0.9999436937528752
teacher-314380,centered-314382,all,26,loss_dmc,26,0,1.088832791034992,1.0410982966423035,0.4077117443084717,1.8230215311050415
teacher-314380,centered-314382,all,26,loss_absolute,26,0,0.2753314998835077,0.16272395104169846,5.6306245824089274e-05,0.8590259552001953
teacher-314380,centered-314382,all,26,loss_centered,26,0,0.17099042924550864,0.07771454751491547,0.0,0.633836567401886
teacher-314380,centered-314382,all,26,absolute_cosine,26,0,0.1319172323620041,0.44543292242571086,-0.999999999999999,0.9999999999999994
teacher-314380,centered-314382,all,26,absolute_weighted_norm_ratio,26,0,0.02619227940381464,0.023501101601925034,0.0007560480781749788,0.06942923445853336
teacher-314380,centered-314382,all,26,absolute_dmc_descent_factor,26,0,0.999526939726875,1.001283341952342,0.9433885987260532,1.0561274654572192
teacher-314380,centered-314382,all,26,centered_cosine,13,13,-0.06666270617444563,-0.028846552894786073,-0.6295036014567054,0.29253512999564657
teacher-314380,centered-314382,all,26,centered_weighted_norm_ratio,26,0,0.006162443134589703,0.00293088060055638,0.0,0.02306475268674607
teacher-314380,centered-314382,all,26,centered_dmc_descent_factor,26,0,0.999718181823741,1.0,0.988999358072625,1.0067472504255348
teacher-314380,centered-314382,multi,13,absolute_conflict,13,0,0.46153846153846156,False,False,True
teacher-314380,centered-314382,multi,13,absolute_strong_conflict,13,0,0.38461538461538464,False,False,True
teacher-314380,centered-314382,multi,13,absolute_reverse_dmc,13,0,0,False,False,False
teacher-314380,centered-314382,multi,13,centered_conflict,13,0,0.6153846153846154,True,False,True
teacher-314380,centered-314382,multi,13,centered_strong_conflict,13,0,0.3076923076923077,False,False,True
teacher-314380,centered-314382,multi,13,centered_reverse_dmc,13,0,0,False,False,False
teacher-314380,centered-314382,multi,13,model_span,13,0,0.16662599321884605,0.146078210324049,0.007722933776676655,0.522160429507494
teacher-314380,centered-314382,multi,13,model_top_gap,13,0,0.06485679451949321,0.02799077332019806,0.003359951078891754,0.2831692658364773
teacher-314380,centered-314382,multi,13,teacher_top_gap,13,0,1.0111173120184014,1.497600018978119,0.0,1.600000023841858
teacher-314380,centered-314382,multi,13,top1,13,0,0.6153846153846154,1,0,1
teacher-314380,centered-314382,multi,13,teacher_regret,13,0,0.3231252202620873,0.0,0.0,1.5135999917984009
teacher-314380,centered-314382,multi,13,saturation_fraction,13,0,0.0,0.0,0.0,0.0
teacher-314380,centered-314382,multi,13,tanh_slope_mean,13,0,0.9743789362386488,0.9881790914740856,0.9183643525896911,0.9997456441520338
teacher-314380,centered-314382,multi,13,loss_dmc,13,0,1.1637793733523443,1.1017102003097534,0.8061336278915405,1.8230215311050415
teacher-314380,centered-314382,multi,13,loss_absolute,13,0,0.5297487057172335,0.4916573762893677,0.19478237628936768,0.8590259552001953
teacher-314380,centered-314382,multi,13,loss_centered,13,0,0.3419808584910173,0.2918272018432617,0.15542909502983093,0.633836567401886
teacher-314380,centered-314382,multi,13,absolute_cosine,13,0,0.033065233954777506,0.011690908001324772,-0.9644178904397438,0.9714783519894916
teacher-314380,centered-314382,multi,13,absolute_weighted_norm_ratio,13,0,0.041854223671428534,0.04315554529697275,0.016018066975451595,0.06942923445853336
teacher-314380,centered-314382,multi,13,absolute_dmc_descent_factor,13,0,1.0020036759443323,1.000293780035792,0.9484125056959046,1.0561274654572192
teacher-314380,centered-314382,multi,13,centered_cosine,13,0,-0.06666270617444563,-0.028846552894786073,-0.6295036014567054,0.29253512999564657
teacher-314380,centered-314382,multi,13,centered_weighted_norm_ratio,13,0,0.012324886269179406,0.012389636271720739,0.00586176120111276,0.02306475268674607
teacher-314380,centered-314382,multi,13,centered_dmc_descent_factor,13,0,0.9994363636474819,0.9998075300541049,0.988999358072625,1.0067472504255348
teacher-314380,centered-314382,singleton,13,absolute_conflict,13,0,0.38461538461538464,False,False,True
teacher-314380,centered-314382,singleton,13,absolute_strong_conflict,13,0,0.38461538461538464,False,False,True
teacher-314380,centered-314382,singleton,13,absolute_reverse_dmc,13,0,0,False,False,False
teacher-314380,centered-314382,singleton,13,centered_conflict,0,13,,,,
teacher-314380,centered-314382,singleton,13,centered_strong_conflict,0,13,,,,
teacher-314380,centered-314382,singleton,13,centered_reverse_dmc,13,0,0,False,False,False
teacher-314380,centered-314382,singleton,13,model_span,13,0,0.0,0.0,0.0,0.0
teacher-314380,centered-314382,singleton,13,model_top_gap,0,13,,,,
teacher-314380,centered-314382,singleton,13,teacher_top_gap,0,13,,,,
teacher-314380,centered-314382,singleton,13,top1,13,0,1,1,1,1
teacher-314380,centered-314382,singleton,13,teacher_regret,13,0,0.0,0.0,0.0,0.0
teacher-314380,centered-314382,singleton,13,saturation_fraction,13,0,0.0,0.0,0.0,0.0
teacher-314380,centered-314382,singleton,13,tanh_slope_mean,13,0,0.9790857060840714,0.999301688843214,0.8693344736182089,0.9999436937528752
teacher-314380,centered-314382,singleton,13,loss_dmc,13,0,1.0138862087176397,1.0356025695800781,0.4077117443084717,1.6383272409439087
teacher-314380,centered-314382,singleton,13,loss_absolute,13,0,0.02091429404978184,0.0006983111379668117,5.6306245824089274e-05,0.13066552579402924
teacher-314380,centered-314382,singleton,13,loss_centered,13,0,0.0,0.0,0.0,0.0
teacher-314380,centered-314382,singleton,13,absolute_cosine,13,0,0.23076923076923064,0.9999999999999984,-0.999999999999999,0.9999999999999994
teacher-314380,centered-314382,singleton,13,absolute_weighted_norm_ratio,13,0,0.01053033513620075,0.002714284327806021,0.0007560480781749788,0.0566114012739469
teacher-314380,centered-314382,singleton,13,absolute_dmc_descent_factor,13,0,0.9970502035094179,1.0017339623300507,0.9433885987260532,1.0218732708951832
teacher-314380,centered-314382,singleton,13,centered_cosine,0,13,,,,
teacher-314380,centered-314382,singleton,13,centered_weighted_norm_ratio,13,0,0.0,0.0,0.0,0.0
teacher-314380,centered-314382,singleton,13,centered_dmc_descent_factor,13,0,1.0,1.0,1.0,1.0
absolute-314380,teacher-314380,all,26,absolute_conflict,26,0,0.5769230769230769,1.0,False,True
absolute-314380,teacher-314380,all,26,absolute_strong_conflict,26,0,0.5769230769230769,1.0,False,True
absolute-314380,teacher-314380,all,26,absolute_reverse_dmc,26,0,0,0.0,False,False
absolute-314380,teacher-314380,all,26,centered_conflict,8,18,0.625,1.0,False,True
absolute-314380,teacher-314380,all,26,centered_strong_conflict,8,18,0.5,0.5,False,True
absolute-314380,teacher-314380,all,26,centered_reverse_dmc,26,0,0,0.0,False,False
absolute-314380,teacher-314380,all,26,model_span,26,0,0.28137943664422405,0.0,0.0,1.3216711282730103
absolute-314380,teacher-314380,all,26,model_top_gap,8,18,0.5138276154175401,0.5816285237669945,0.011683642864227295,1.0548970848321915
absolute-314380,teacher-314380,all,26,teacher_top_gap,8,18,0.9790476560592651,1.5104000270366669,0.0,1.600000023841858
absolute-314380,teacher-314380,all,26,top1,26,0,0.9230769230769231,1.0,0,1
absolute-314380,teacher-314380,all,26,teacher_regret,26,0,0.0005668057845189021,0.0,0.0,0.012623310089111328
absolute-314380,teacher-314380,all,26,saturation_fraction,26,0,0.0,0.0,0.0,0.0
absolute-314380,teacher-314380,all,26,tanh_slope_mean,26,0,0.8798539636702881,0.9826458713102162,0.4985332517635041,0.9998650917811823
absolute-314380,teacher-314380,all,26,loss_dmc,26,0,1.2563873718564327,0.9691950678825378,0.02893209457397461,3.60316801071167
absolute-314380,teacher-314380,all,26,loss_absolute,26,0,0.07126219337134479,0.01735412934795022,0.00013490821584127843,0.269342839717865
absolute-314380,teacher-314380,all,26,loss_centered,26,0,0.030853414764771096,0.0,0.0,0.16745567321777344
absolute-314380,teacher-314380,all,26,absolute_cosine,26,0,-0.17024234274976768,-0.5861155835466232,-0.9999999999999987,0.9999999999999987
absolute-314380,teacher-314380,all,26,absolute_weighted_norm_ratio,26,0,0.026387590054985664,0.012423924330622076,0.0011751493580560855,0.2573659519346807
absolute-314380,teacher-314380,all,26,absolute_dmc_descent_factor,26,0,0.9931059629116087,0.9977818263224141,0.9127574628400258,1.0251117486228818
absolute-314380,teacher-314380,all,26,centered_cosine,8,18,-0.12906739590379043,-0.1665552978384664,-0.9160401312755537,0.5105515602516898
absolute-314380,teacher-314380,all,26,centered_weighted_norm_ratio,26,0,0.009442322823263185,0.0,0.0,0.12253470923046414
absolute-314380,teacher-314380,all,26,centered_dmc_descent_factor,26,0,1.0001222695567766,1.0,0.975861988181579,1.042931998489225
absolute-314380,teacher-314380,multi,8,absolute_conflict,8,0,0.5,0.5,False,True
absolute-314380,teacher-314380,multi,8,absolute_strong_conflict,8,0,0.5,0.5,False,True
absolute-314380,teacher-314380,multi,8,absolute_reverse_dmc,8,0,0,0.0,False,False
absolute-314380,teacher-314380,multi,8,centered_conflict,8,0,0.625,1.0,False,True
absolute-314380,teacher-314380,multi,8,centered_strong_conflict,8,0,0.5,0.5,False,True
absolute-314380,teacher-314380,multi,8,centered_reverse_dmc,8,0,0,0.0,False,False
absolute-314380,teacher-314380,multi,8,model_span,8,0,0.9144831690937281,0.8834171406924725,0.5728878825902939,1.3216711282730103
absolute-314380,teacher-314380,multi,8,model_top_gap,8,0,0.5138276154175401,0.5816285237669945,0.011683642864227295,1.0548970848321915
absolute-314380,teacher-314380,multi,8,teacher_top_gap,8,0,0.9790476560592651,1.5104000270366669,0.0,1.600000023841858
absolute-314380,teacher-314380,multi,8,top1,8,0,0.75,1.0,0,1
absolute-314380,teacher-314380,multi,8,teacher_regret,8,0,0.0018421187996864319,0.0,0.0,0.012623310089111328
absolute-314380,teacher-314380,multi,8,saturation_fraction,8,0,0.0,0.0,0.0,0.0
absolute-314380,teacher-314380,multi,8,tanh_slope_mean,8,0,0.6577293678929659,0.6178072299777875,0.4985332517635041,0.8846369379456587
absolute-314380,teacher-314380,multi,8,loss_dmc,8,0,1.8344406578689814,2.0199825167655945,0.02893209457397461,3.60316801071167
absolute-314380,teacher-314380,multi,8,loss_absolute,8,0,0.18339814338833094,0.1840900480747223,0.10291052609682083,0.269342839717865
absolute-314380,teacher-314380,multi,8,loss_centered,8,0,0.10027359798550606,0.0999799408018589,0.025509774684906006,0.16745567321777344
absolute-314380,teacher-314380,multi,8,absolute_cosine,8,0,-0.053287613936746026,-0.003914060673105374,-0.9523663395570706,0.9063803591247653
absolute-314380,teacher-314380,multi,8,absolute_weighted_norm_ratio,8,0,0.060970621489840934,0.0359000475586165,0.015673504384031194,0.2573659519346807
absolute-314380,teacher-314380,multi,8,absolute_dmc_descent_factor,8,0,0.9853919384028632,0.995140310333591,0.9127574628400258,1.0194218290474968
absolute-314380,teacher-314380,multi,8,centered_cosine,8,0,-0.12906739590379043,-0.1665552978384664,-0.9160401312755537,0.5105515602516898
absolute-314380,teacher-314380,multi,8,centered_weighted_norm_ratio,8,0,0.03068754917560535,0.012951065377625205,0.0029484078029779126,0.12253470923046414
absolute-314380,teacher-314380,multi,8,centered_dmc_descent_factor,8,0,1.0003973760595244,0.9976634606161564,0.975861988181579,1.042931998489225
absolute-314380,teacher-314380,singleton,18,absolute_conflict,18,0,0.6111111111111112,1.0,False,True
absolute-314380,teacher-314380,singleton,18,absolute_strong_conflict,18,0,0.6111111111111112,1.0,False,True
absolute-314380,teacher-314380,singleton,18,absolute_reverse_dmc,18,0,0,0.0,False,False
absolute-314380,teacher-314380,singleton,18,centered_conflict,0,18,,,,
absolute-314380,teacher-314380,singleton,18,centered_strong_conflict,0,18,,,,
absolute-314380,teacher-314380,singleton,18,centered_reverse_dmc,18,0,0,0.0,False,False
absolute-314380,teacher-314380,singleton,18,model_span,18,0,0.0,0.0,0.0,0.0
absolute-314380,teacher-314380,singleton,18,model_top_gap,0,18,,,,
absolute-314380,teacher-314380,singleton,18,teacher_top_gap,0,18,,,,
absolute-314380,teacher-314380,singleton,18,top1,18,0,1,1.0,1,1
absolute-314380,teacher-314380,singleton,18,teacher_regret,18,0,0.0,0.0,0.0,0.0
absolute-314380,teacher-314380,singleton,18,saturation_fraction,18,0,0.0,0.0,0.0,0.0
absolute-314380,teacher-314380,singleton,18,tanh_slope_mean,18,0,0.9785760062379868,0.9964509188823878,0.8737783366555867,0.9998650917811823
absolute-314380,teacher-314380,singleton,18,loss_dmc,18,0,0.9994748002953,0.9570853114128113,0.41566789150238037,1.783087134361267
absolute-314380,teacher-314380,singleton,18,loss_absolute,18,0,0.02142399336379539,0.00354908115696162,0.00013490821584127843,0.1262216567993164
absolute-314380,teacher-314380,singleton,18,loss_centered,18,0,0.0,0.0,0.0,0.0
absolute-314380,teacher-314380,singleton,18,absolute_cosine,18,0,-0.22222222222222177,-0.9999999999999978,-0.9999999999999987,0.9999999999999987
absolute-314380,teacher-314380,singleton,18,absolute_weighted_norm_ratio,18,0,0.011017353861716655,0.00596306811483106,0.0011751493580560855,0.055105343865120615
absolute-314380,teacher-314380,singleton,18,absolute_dmc_descent_factor,18,0,0.9965344182488289,0.9977818263224141,0.9448946561348794,1.0251117486228818
absolute-314380,teacher-314380,singleton,18,centered_cosine,0,18,,,,
absolute-314380,teacher-314380,singleton,18,centered_weighted_norm_ratio,18,0,0.0,0.0,0.0,0.0
absolute-314380,teacher-314380,singleton,18,centered_dmc_descent_factor,18,0,1.0,1.0,1.0,1.0
absolute-314380,absolute-314380,all,26,absolute_conflict,26,0,0.5,0.5,False,True
absolute-314380,absolute-314380,all,26,absolute_strong_conflict,26,0,0.5,0.5,False,True
absolute-314380,absolute-314380,all,26,absolute_reverse_dmc,26,0,0,0.0,False,False
absolute-314380,absolute-314380,all,26,centered_conflict,8,18,0.25,0.0,False,True
absolute-314380,absolute-314380,all,26,centered_strong_conflict,8,18,0.125,0.0,False,True
absolute-314380,absolute-314380,all,26,centered_reverse_dmc,26,0,0,0.0,False,False
absolute-314380,absolute-314380,all,26,model_span,26,0,0.05443162836420994,0.0,0.0,0.37548339180648327
absolute-314380,absolute-314380,all,26,model_top_gap,8,18,0.08629247080534697,0.04838522523641586,0.0019758939743041992,0.21695136278867722
absolute-314380,absolute-314380,all,26,teacher_top_gap,8,18,0.9790476560592651,1.5104000270366669,0.0,1.600000023841858
absolute-314380,absolute-314380,all,26,top1,26,0,0.8846153846153846,1.0,0,1
absolute-314380,absolute-314380,all,26,teacher_regret,26,0,0.06991042655247909,0.0,0.0,1.497600018978119
absolute-314380,absolute-314380,all,26,saturation_fraction,26,0,0.0,0.0,0.0,0.0
absolute-314380,absolute-314380,all,26,tanh_slope_mean,26,0,0.935507540948683,0.946044248089033,0.6124172350309891,0.9989984956561933
absolute-314380,absolute-314380,all,26,loss_dmc,26,0,1.1584619782291925,1.1310659050941467,0.14245985448360443,1.9325218200683594
absolute-314380,absolute-314380,all,26,loss_absolute,26,0,0.2100609118441263,0.08769424632191658,0.001001504366286099,0.9620866775512695
absolute-314380,absolute-314380,all,26,loss_centered,26,0,0.12051771638485101,0.0,0.0,0.550085723400116
absolute-314380,absolute-314380,all,26,absolute_cosine,26,0,-0.04523142179162858,-0.2826163922193653,-0.9999999999999989,0.999999999999999
absolute-314380,absolute-314380,all,26,absolute_weighted_norm_ratio,26,0,0.028049440112420294,0.019277850299783916,0.003268078484242779,0.16494379630805903
absolute-314380,absolute-314380,all,26,absolute_dmc_descent_factor,26,0,0.9941393517010582,0.9994251812033355,0.8350562036919413,1.0624934585483288
absolute-314380,absolute-314380,all,26,centered_cosine,8,18,0.08839224300861566,0.08861667118184441,-0.5016745040273402,0.526363914722308
absolute-314380,absolute-314380,all,26,centered_weighted_norm_ratio,26,0,0.0031307987132575977,0.0,0.0,0.01822251273159071
absolute-314380,absolute-314380,all,26,centered_dmc_descent_factor,26,0,1.0001264122869684,1.0,0.991714110235358,1.0059303073594403
absolute-314380,absolute-314380,multi,8,absolute_conflict,8,0,0.25,0.0,False,True
absolute-314380,absolute-314380,multi,8,absolute_strong_conflict,8,0,0.25,0.0,False,True
absolute-314380,absolute-314380,multi,8,absolute_reverse_dmc,8,0,0,0.0,False,False
absolute-314380,absolute-314380,multi,8,centered_conflict,8,0,0.25,0.0,False,True
absolute-314380,absolute-314380,multi,8,centered_strong_conflict,8,0,0.125,0.0,False,True
absolute-314380,absolute-314380,multi,8,centered_reverse_dmc,8,0,0,0.0,False,False
absolute-314380,absolute-314380,multi,8,model_span,8,0,0.17690279218368232,0.15072409808635712,0.06846803426742554,0.37548339180648327
absolute-314380,absolute-314380,multi,8,model_top_gap,8,0,0.08629247080534697,0.04838522523641586,0.0019758939743041992,0.21695136278867722
absolute-314380,absolute-314380,multi,8,teacher_top_gap,8,0,0.9790476560592651,1.5104000270366669,0.0,1.600000023841858
absolute-314380,absolute-314380,multi,8,top1,8,0,0.625,1.0,0,1
absolute-314380,absolute-314380,multi,8,teacher_regret,8,0,0.22720888629555702,0.0,0.0,1.497600018978119
absolute-314380,absolute-314380,multi,8,saturation_fraction,8,0,0.0,0.0,0.0,0.0
absolute-314380,absolute-314380,multi,8,tanh_slope_mean,8,0,0.9376431551520826,0.9356709276134858,0.9034070494055454,0.9824422372751255
absolute-314380,absolute-314380,multi,8,loss_dmc,8,0,1.5902093052864075,1.6203718185424805,1.0507009029388428,1.9325218200683594
absolute-314380,absolute-314380,multi,8,loss_absolute,8,0,0.5354543142020702,0.5062804818153381,0.23777753114700317,0.9620866775512695
absolute-314380,absolute-314380,multi,8,loss_centered,8,0,0.3916825782507658,0.46014121174812317,0.21076615154743195,0.550085723400116
absolute-314380,absolute-314380,multi,8,absolute_cosine,8,0,0.35299787917720615,0.7522366078966769,-0.8727097383521861,0.9680801512978112
absolute-314380,absolute-314380,multi,8,absolute_weighted_norm_ratio,8,0,0.028004112929575144,0.023034435041187053,0.01043328071462254,0.0645540128723329
absolute-314380,absolute-314380,multi,8,absolute_dmc_descent_factor,8,0,1.0162848172346974,1.0159088479793867,0.9848349303450796,1.0624934585483288
absolute-314380,absolute-314380,multi,8,centered_cosine,8,0,0.08839224300861566,0.08861667118184441,-0.5016745040273402,0.526363914722308
absolute-314380,absolute-314380,multi,8,centered_weighted_norm_ratio,8,0,0.010175095818087192,0.008801324972625618,0.002953291047744493,0.01822251273159071
absolute-314380,absolute-314380,multi,8,centered_dmc_descent_factor,8,0,1.0004108399326472,1.0006120063657014,0.991714110235358,1.0059303073594403
absolute-314380,absolute-314380,singleton,18,absolute_conflict,18,0,0.6111111111111112,1.0,False,True
absolute-314380,absolute-314380,singleton,18,absolute_strong_conflict,18,0,0.6111111111111112,1.0,False,True
absolute-314380,absolute-314380,singleton,18,absolute_reverse_dmc,18,0,0,0.0,False,False
absolute-314380,absolute-314380,singleton,18,centered_conflict,0,18,,,,
absolute-314380,absolute-314380,singleton,18,centered_strong_conflict,0,18,,,,
absolute-314380,absolute-314380,singleton,18,centered_reverse_dmc,18,0,0,0.0,False,False
absolute-314380,absolute-314380,singleton,18,model_span,18,0,0.0,0.0,0.0,0.0
absolute-314380,absolute-314380,singleton,18,model_top_gap,0,18,,,,
absolute-314380,absolute-314380,singleton,18,teacher_top_gap,0,18,,,,
absolute-314380,absolute-314380,singleton,18,top1,18,0,1,1.0,1,1
absolute-314380,absolute-314380,singleton,18,teacher_regret,18,0,0.0,0.0,0.0,0.0
absolute-314380,absolute-314380,singleton,18,saturation_fraction,18,0,0.0,0.0,0.0,0.0
absolute-314380,absolute-314380,singleton,18,tanh_slope_mean,18,0,0.9345583790805055,0.9672787554328213,0.6124172350309891,0.9989984956561933
absolute-314380,absolute-314380,singleton,18,loss_dmc,18,0,0.9665742773148749,0.9111527800559998,0.14245985448360443,1.7803791761398315
absolute-314380,absolute-314380,singleton,18,loss_absolute,18,0,0.06544162190726234,0.03272124379873276,0.001001504366286099,0.38758277893066406
absolute-314380,absolute-314380,singleton,18,loss_centered,18,0,0.0,0.0,0.0,0.0
absolute-314380,absolute-314380,singleton,18,absolute_cosine,18,0,-0.2222222222222218,-0.9999999999999976,-0.9999999999999989,0.999999999999999
absolute-314380,absolute-314380,singleton,18,absolute_weighted_norm_ratio,18,0,0.02806958552701814,0.01868849929904588,0.003268078484242779,0.16494379630805903
absolute-314380,absolute-314380,singleton,18,absolute_dmc_descent_factor,18,0,0.9842969225749962,0.99522759633487,0.8350562036919413,1.0250548174733694
absolute-314380,absolute-314380,singleton,18,centered_cosine,0,18,,,,
absolute-314380,absolute-314380,singleton,18,centered_weighted_norm_ratio,18,0,0.0,0.0,0.0,0.0
absolute-314380,absolute-314380,singleton,18,centered_dmc_descent_factor,18,0,1.0,1.0,1.0,1.0
absolute-314380,centered-314380,all,26,absolute_conflict,26,0,0.46153846153846156,0.0,False,True
absolute-314380,centered-314380,all,26,absolute_strong_conflict,26,0,0.46153846153846156,0.0,False,True
absolute-314380,centered-314380,all,26,absolute_reverse_dmc,26,0,0,0.0,False,False
absolute-314380,centered-314380,all,26,centered_conflict,8,18,0.5,0.5,False,True
absolute-314380,centered-314380,all,26,centered_strong_conflict,8,18,0.25,0.0,False,True
absolute-314380,centered-314380,all,26,centered_reverse_dmc,26,0,0,0.0,False,False
absolute-314380,centered-314380,all,26,model_span,26,0,0.04098721591827388,0.0,0.0,0.362771175801754
absolute-314380,centered-314380,all,26,model_top_gap,8,18,0.0668258013902232,0.04133204370737076,0.0021995827555656433,0.19013544917106628
absolute-314380,centered-314380,all,26,teacher_top_gap,8,18,0.9790476560592651,1.5104000270366669,0.0,1.600000023841858
absolute-314380,centered-314380,all,26,top1,26,0,0.8846153846153846,1.0,0,1
absolute-314380,centered-314380,all,26,teacher_regret,26,0,0.012391719680566054,0.0,0.0,0.3106035888195038
absolute-314380,centered-314380,all,26,saturation_fraction,26,0,0.0,0.0,0.0,0.0
absolute-314380,centered-314380,all,26,tanh_slope_mean,26,0,0.9857917575777264,0.994827161447866,0.8428802909584192,0.9999908361123148
absolute-314380,centered-314380,all,26,loss_dmc,26,0,0.9682610115179648,1.0100224018096924,0.36435315012931824,1.1869994401931763
absolute-314380,centered-314380,all,26,loss_absolute,26,0,0.1701938528793177,0.007936304900795221,9.163887625618372e-06,0.6165493726730347
absolute-314380,centered-314380,all,26,loss_centered,26,0,0.12708588861502135,0.0,0.0,0.5789434313774109
absolute-314380,centered-314380,all,26,absolute_cosine,26,0,0.0794268600238373,0.65037267719397,-0.9999999999999991,0.999999999999999
absolute-314380,centered-314380,all,26,absolute_weighted_norm_ratio,26,0,0.017590648201592705,0.008179788963287854,0.0003018055167755656,0.06566804023783789
absolute-314380,centered-314380,all,26,absolute_dmc_descent_factor,26,0,0.9953361691304633,1.0004968102468164,0.9343319597621622,1.0493448391933338
absolute-314380,centered-314380,all,26,centered_cosine,8,18,-0.0016367767113607524,-0.010522556957160962,-0.45823044175899913,0.4191132281963902
absolute-314380,centered-314380,all,26,centered_weighted_norm_ratio,26,0,0.00476478492944313,0.0,0.0,0.03214205577232855
absolute-314380,centered-314380,all,26,centered_dmc_descent_factor,26,0,0.9995831148425244,1.0,0.9910524743873516,1.0041706169538085
absolute-314380,centered-314380,multi,8,absolute_conflict,8,0,0.625,1.0,False,True
absolute-314380,centered-314380,multi,8,absolute_strong_conflict,8,0,0.625,1.0,False,True
absolute-314380,centered-314380,multi,8,absolute_reverse_dmc,8,0,0,0.0,False,False
absolute-314380,centered-314380,multi,8,centered_conflict,8,0,0.5,0.5,False,True
absolute-314380,centered-314380,multi,8,centered_strong_conflict,8,0,0.25,0.0,False,True
absolute-314380,centered-314380,multi,8,centered_reverse_dmc,8,0,0,0.0,False,False
absolute-314380,centered-314380,multi,8,model_span,8,0,0.1332084517343901,0.0874718064442277,0.027625343296676874,0.362771175801754
absolute-314380,centered-314380,multi,8,model_top_gap,8,0,0.0668258013902232,0.04133204370737076,0.0021995827555656433,0.19013544917106628
absolute-314380,centered-314380,multi,8,teacher_top_gap,8,0,0.9790476560592651,1.5104000270366669,0.0,1.600000023841858
absolute-314380,centered-314380,multi,8,top1,8,0,0.625,1.0,0,1
absolute-314380,centered-314380,multi,8,teacher_regret,8,0,0.040273088961839676,0.0,0.0,0.3106035888195038
absolute-314380,centered-314380,multi,8,saturation_fraction,8,0,0.0,0.0,0.0,0.0
absolute-314380,centered-314380,multi,8,tanh_slope_mean,8,0,0.9854201548852989,0.9937162161417575,0.959141062417121,0.9995987017992317
absolute-314380,centered-314380,multi,8,loss_dmc,8,0,0.94865982234478,0.8997749090194702,0.8030399680137634,1.1834533214569092
absolute-314380,centered-314380,multi,8,loss_absolute,8,0,0.5215330794453621,0.5596723258495331,0.2577270269393921,0.6165493726730347
absolute-314380,centered-314380,multi,8,loss_centered,8,0,0.41302913799881935,0.4795731157064438,0.20499268174171448,0.5789434313774109
absolute-314380,centered-314380,multi,8,absolute_cosine,8,0,-0.24186270492252798,-0.772319644495079,-0.9239076905504864,0.9678499223628706
absolute-314380,centered-314380,multi,8,absolute_weighted_norm_ratio,8,0,0.03507017694611038,0.030729656521870742,0.02113710152796091,0.05795937399331635
absolute-314380,centered-314380,multi,8,absolute_dmc_descent_factor,8,0,0.9935328462776662,0.9794043430531763,0.9464508886280831,1.0493448391933338
absolute-314380,centered-314380,multi,8,centered_cosine,8,0,-0.0016367767113607524,-0.010522556957160962,-0.45823044175899913,0.4191132281963902
absolute-314380,centered-314380,multi,8,centered_weighted_norm_ratio,8,0,0.015485551020690172,0.014296199966849905,0.0056357610626063875,0.03214205577232855
absolute-314380,centered-314380,multi,8,centered_dmc_descent_factor,8,0,0.9986451232382044,0.9998294935700232,0.9910524743873516,1.0041706169538085
absolute-314380,centered-314380,singleton,18,absolute_conflict,18,0,0.3888888888888889,0.0,False,True
absolute-314380,centered-314380,singleton,18,absolute_strong_conflict,18,0,0.3888888888888889,0.0,False,True
absolute-314380,centered-314380,singleton,18,absolute_reverse_dmc,18,0,0,0.0,False,False
absolute-314380,centered-314380,singleton,18,centered_conflict,0,18,,,,
absolute-314380,centered-314380,singleton,18,centered_strong_conflict,0,18,,,,
absolute-314380,centered-314380,singleton,18,centered_reverse_dmc,18,0,0,0.0,False,False
absolute-314380,centered-314380,singleton,18,model_span,18,0,0.0,0.0,0.0,0.0
absolute-314380,centered-314380,singleton,18,model_top_gap,0,18,,,,
absolute-314380,centered-314380,singleton,18,teacher_top_gap,0,18,,,,
absolute-314380,centered-314380,singleton,18,top1,18,0,1,1.0,1,1
absolute-314380,centered-314380,singleton,18,teacher_regret,18,0,0.0,0.0,0.0,0.0
absolute-314380,centered-314380,singleton,18,saturation_fraction,18,0,0.0,0.0,0.0,0.0
absolute-314380,centered-314380,singleton,18,tanh_slope_mean,18,0,0.9859569143299164,0.9956075211618239,0.8428802909584192,0.9999908361123148
absolute-314380,centered-314380,singleton,18,loss_dmc,18,0,0.9769726511504915,1.0286681652069092,0.36435315012931824,1.1869994401931763
absolute-314380,centered-314380,singleton,18,loss_absolute,18,0,0.014043085516631335,0.004392478847876191,9.163887625618372e-06,0.15711970627307892
absolute-314380,centered-314380,singleton,18,loss_centered,18,0,0.0,0.0,0.0,0.0
absolute-314380,centered-314380,singleton,18,absolute_cosine,18,0,0.22222222222222188,0.9999999999999981,-0.9999999999999991,0.999999999999999
absolute-314380,centered-314380,singleton,18,absolute_weighted_norm_ratio,18,0,0.009821968759584849,0.0064132411577966855,0.0003018055167755656,0.06566804023783789
absolute-314380,centered-314380,singleton,18,absolute_dmc_descent_factor,18,0,0.9961376459539287,1.0013957697559377,0.9343319597621622,1.00821435867458
absolute-314380,centered-314380,singleton,18,centered_cosine,0,18,,,,
absolute-314380,centered-314380,singleton,18,centered_weighted_norm_ratio,18,0,0.0,0.0,0.0,0.0
absolute-314380,centered-314380,singleton,18,centered_dmc_descent_factor,18,0,1.0,1.0,1.0,1.0
absolute-314380,teacher-314381,all,26,absolute_conflict,26,0,0.5769230769230769,1.0,False,True
absolute-314380,teacher-314381,all,26,absolute_strong_conflict,26,0,0.5769230769230769,1.0,False,True
absolute-314380,teacher-314381,all,26,absolute_reverse_dmc,26,0,0,0.0,False,False
absolute-314380,teacher-314381,all,26,centered_conflict,8,18,0.625,1.0,False,True
absolute-314380,teacher-314381,all,26,centered_strong_conflict,8,18,0.625,1.0,False,True
absolute-314380,teacher-314381,all,26,centered_reverse_dmc,26,0,0,0.0,False,False
absolute-314380,teacher-314381,all,26,model_span,26,0,0.2905414024224648,0.0,0.0,1.2778419852256775
absolute-314380,teacher-314381,all,26,model_top_gap,8,18,0.5439231600612402,0.6144554875791073,0.004415690898895264,1.1292203664779663
absolute-314380,teacher-314381,all,26,teacher_top_gap,8,18,0.9790476560592651,1.5104000270366669,0.0,1.600000023841858
absolute-314380,teacher-314381,all,26,top1,26,0,0.9615384615384616,1.0,0,1
absolute-314380,teacher-314381,all,26,teacher_regret,26,0,0.011896097889313331,0.0,0.0,0.3092985451221466
absolute-314380,teacher-314381,all,26,saturation_fraction,26,0,0.0,0.0,0.0,0.0
absolute-314380,teacher-314381,all,26,tanh_slope_mean,26,0,0.8644284373653361,0.9716223999233321,0.5194274200025235,0.9999641630714081
absolute-314380,teacher-314381,all,26,loss_dmc,26,0,1.1985616609454155,0.871414989233017,0.03665442764759064,3.3952064514160156
absolute-314380,teacher-314381,all,26,loss_absolute,26,0,0.07859127110826264,0.028377600945532322,3.5836928873322904e-05,0.24991747736930847
absolute-314380,teacher-314381,all,26,loss_centered,26,0,0.029339303477452353,0.0,0.0,0.19878870248794556
absolute-314380,teacher-314381,all,26,absolute_cosine,26,0,-0.18651622221178832,-0.6839061585263578,-0.9999999999999988,0.9999999999999987
absolute-314380,teacher-314381,all,26,absolute_weighted_norm_ratio,26,0,0.030885810968326117,0.018361149557268086,0.0005950770839949465,0.19553833466046233
absolute-314380,teacher-314381,all,26,absolute_dmc_descent_factor,26,0,0.9880988715812119,0.9928747018145285,0.912114843372624,1.031364849930886
absolute-314380,teacher-314381,all,26,centered_cosine,8,18,-0.21651253366073403,-0.3313599709381765,-0.9487611058248926,0.4398033040748731
absolute-314380,teacher-314381,all,26,centered_weighted_norm_ratio,26,0,0.009850376817375241,0.0,0.0,0.10221976984169143
absolute-314380,teacher-314381,all,26,centered_dmc_descent_factor,26,0,0.9986523229123482,1.0,0.951686251392851,1.041097429014632
absolute-314380,teacher-314381,multi,8,absolute_conflict,8,0,0.5,0.5,False,True
absolute-314380,teacher-314381,multi,8,absolute_strong_conflict,8,0,0.5,0.5,False,True
absolute-314380,teacher-314381,multi,8,absolute_reverse_dmc,8,0,0,0.0,False,False
absolute-314380,teacher-314381,multi,8,centered_conflict,8,0,0.625,1.0,False,True
absolute-314380,teacher-314381,multi,8,centered_strong_conflict,8,0,0.625,1.0,False,True
absolute-314380,teacher-314381,multi,8,centered_reverse_dmc,8,0,0,0.0,False,False
absolute-314380,teacher-314381,multi,8,model_span,8,0,0.9442595578730106,0.9165648855268955,0.6872059479355812,1.2778419852256775
absolute-314380,teacher-314381,multi,8,model_top_gap,8,0,0.5439231600612402,0.6144554875791073,0.004415690898895264,1.1292203664779663
absolute-314380,teacher-314381,multi,8,teacher_top_gap,8,0,0.9790476560592651,1.5104000270366669,0.0,1.600000023841858
absolute-314380,teacher-314381,multi,8,top1,8,0,0.875,1.0,0,1
absolute-314380,teacher-314381,multi,8,teacher_regret,8,0,0.038662318140268326,0.0,0.0,0.3092985451221466
absolute-314380,teacher-314381,multi,8,saturation_fraction,8,0,0.0,0.0,0.0,0.0
absolute-314380,teacher-314381,multi,8,tanh_slope_mean,8,0,0.6489864193415315,0.6197567780035409,0.5194274200025235,0.8952690013640395
absolute-314380,teacher-314381,multi,8,loss_dmc,8,0,1.7071456853300333,1.7308561205863953,0.03665442764759064,3.3952064514160156
absolute-314380,teacher-314381,multi,8,loss_absolute,8,0,0.165827632881701,0.15308666974306107,0.09088500589132309,0.24991747736930847
absolute-314380,teacher-314381,multi,8,loss_centered,8,0,0.09535273630172014,0.08498108014464378,0.04509109631180763,0.19878870248794556
absolute-314380,teacher-314381,multi,8,absolute_cosine,8,0,-0.10617772218831278,-0.008818829173007983,-0.9779610640610279,0.8930378387018647
absolute-314380,teacher-314381,multi,8,absolute_weighted_norm_ratio,8,0,0.062190625281266204,0.027991263847763726,0.0182611141009959,0.19553833466046233
absolute-314380,teacher-314381,multi,8,absolute_dmc_descent_factor,8,0,0.9795006134372047,0.9887544064469151,0.9185954842693435,1.0163078658690414
absolute-314380,teacher-314381,multi,8,centered_cosine,8,0,-0.21651253366073403,-0.3313599709381765,-0.9487611058248926,0.4398033040748731
absolute-314380,teacher-314381,multi,8,centered_weighted_norm_ratio,8,0,0.03201372465646954,0.01576677315239309,0.003226801663648873,0.10221976984169143
absolute-314380,teacher-314381,multi,8,centered_dmc_descent_factor,8,0,0.9956200494651316,0.9954319003945089,0.951686251392851,1.041097429014632
absolute-314380,teacher-314381,singleton,18,absolute_conflict,18,0,0.6111111111111112,1.0,False,True
absolute-314380,teacher-314381,singleton,18,absolute_strong_conflict,18,0,0.6111111111111112,1.0,False,True
absolute-314380,teacher-314381,singleton,18,absolute_reverse_dmc,18,0,0,0.0,False,False
absolute-314380,teacher-314381,singleton,18,centered_conflict,0,18,,,,
absolute-314380,teacher-314381,singleton,18,centered_strong_conflict,0,18,,,,
absolute-314380,teacher-314381,singleton,18,centered_reverse_dmc,18,0,0,0.0,False,False
absolute-314380,teacher-314381,singleton,18,model_span,18,0,0.0,0.0,0.0,0.0
absolute-314380,teacher-314381,singleton,18,model_top_gap,0,18,,,,
absolute-314380,teacher-314381,singleton,18,teacher_top_gap,0,18,,,,
absolute-314380,teacher-314381,singleton,18,top1,18,0,1,1.0,1,1
absolute-314380,teacher-314381,singleton,18,teacher_regret,18,0,0.0,0.0,0.0,0.0
absolute-314380,teacher-314381,singleton,18,saturation_fraction,18,0,0.0,0.0,0.0,0.0
absolute-314380,teacher-314381,singleton,18,tanh_slope_mean,18,0,0.960180445375916,0.9876899651366218,0.7812005855315567,0.9999641630714081
absolute-314380,teacher-314381,singleton,18,loss_dmc,18,0,0.9725243167744743,0.871414989233017,0.2832794487476349,2.1227893829345703
absolute-314380,teacher-314381,singleton,18,loss_absolute,18,0,0.03981955476451225,0.012310034595429897,3.5836928873322904e-05,0.2187994122505188
absolute-314380,teacher-314381,singleton,18,loss_centered,18,0,0.0,0.0,0.0,0.0
absolute-314380,teacher-314381,singleton,18,absolute_cosine,18,0,-0.2222222222222219,-0.999999999999998,-0.9999999999999988,0.9999999999999987
absolute-314380,teacher-314381,singleton,18,absolute_weighted_norm_ratio,18,0,0.01697256016257497,0.011056881961061304,0.0005950770839949465,0.08788515662737606
absolute-314380,teacher-314381,singleton,18,absolute_dmc_descent_factor,18,0,0.9919203196452151,0.9928747018145285,0.912114843372624,1.031364849930886
absolute-314380,teacher-314381,singleton,18,centered_cosine,0,18,,,,
absolute-314380,teacher-314381,singleton,18,centered_weighted_norm_ratio,18,0,0.0,0.0,0.0,0.0
absolute-314380,teacher-314381,singleton,18,centered_dmc_descent_factor,18,0,1.0,1.0,1.0,1.0
absolute-314380,absolute-314381,all,26,absolute_conflict,26,0,0.6538461538461539,1.0,False,True
absolute-314380,absolute-314381,all,26,absolute_strong_conflict,26,0,0.6538461538461539,1.0,False,True
absolute-314380,absolute-314381,all,26,absolute_reverse_dmc,26,0,0,0.0,False,False
absolute-314380,absolute-314381,all,26,centered_conflict,8,18,0.75,1.0,False,True
absolute-314380,absolute-314381,all,26,centered_strong_conflict,8,18,0.75,1.0,False,True
absolute-314380,absolute-314381,all,26,centered_reverse_dmc,26,0,0,0.0,False,False
absolute-314380,absolute-314381,all,26,model_span,26,0,0.12406703922897577,0.0,0.0,0.6848168522119522
absolute-314380,absolute-314381,all,26,model_top_gap,8,18,0.21152243216056377,0.15457412274554372,0.0014445483684539795,0.6848168522119522
absolute-314380,absolute-314381,all,26,teacher_top_gap,8,18,0.9790476560592651,1.5104000270366669,0.0,1.600000023841858
absolute-314380,absolute-314381,all,26,top1,26,0,0.9615384615384616,1.0,0,1
absolute-314380,absolute-314381,all,26,teacher_regret,26,0,0.012598820603810824,0.0,0.0,0.3275693356990814
absolute-314380,absolute-314381,all,26,saturation_fraction,26,0,0.0,0.0,0.0,0.0
absolute-314380,absolute-314381,all,26,tanh_slope_mean,26,0,0.8706585745012689,0.9506725134939357,0.20010813227031576,0.9999999950542495
absolute-314380,absolute-314381,all,26,loss_dmc,26,0,0.9801270182674321,0.8954492211341858,0.011158385314047337,2.2339348793029785
absolute-314380,absolute-314381,all,26,loss_absolute,26,0,0.24461693175733076,0.14830667525529861,4.945750475826571e-09,1.1777050495147705
absolute-314380,absolute-314381,all,26,loss_centered,26,0,0.0866665940445203,0.0,0.0,0.42079979181289673
absolute-314380,absolute-314381,all,26,absolute_cosine,26,0,-0.3205812173267028,-0.9882246638941533,-0.9999999999999993,0.9999999999999992
absolute-314380,absolute-314381,all,26,absolute_weighted_norm_ratio,26,0,0.07681050073501682,0.02474518885535984,7.033097524504308e-06,0.846671532760902
absolute-314380,absolute-314381,all,26,absolute_dmc_descent_factor,26,0,0.9412682750951532,0.9859704957600731,0.153328467239099,1.051619332248898
absolute-314380,absolute-314381,all,26,centered_cosine,8,18,-0.30761246888208904,-0.4783783274060748,-0.9310336936266576,0.5007573523442089
absolute-314380,absolute-314381,all,26,centered_weighted_norm_ratio,26,0,0.004673543131846786,0.0,0.0,0.028012480719541637
absolute-314380,absolute-314381,all,26,centered_dmc_descent_factor,26,0,0.9985955510732142,1.0,0.9756339849584034,1.014027455677711
absolute-314380,absolute-314381,multi,8,absolute_conflict,8,0,0.625,1.0,False,True
absolute-314380,absolute-314381,multi,8,absolute_strong_conflict,8,0,0.625,1.0,False,True
absolute-314380,absolute-314381,multi,8,absolute_reverse_dmc,8,0,0,0.0,False,False
absolute-314380,absolute-314381,multi,8,centered_conflict,8,0,0.75,1.0,False,True
absolute-314380,absolute-314381,multi,8,centered_strong_conflict,8,0,0.75,1.0,False,True
absolute-314380,absolute-314381,multi,8,centered_reverse_dmc,8,0,0,0.0,False,False
absolute-314380,absolute-314381,multi,8,model_span,8,0,0.40321787749417126,0.3330790773034096,0.22640717029571533,0.6848168522119522
absolute-314380,absolute-314381,multi,8,model_top_gap,8,0,0.21152243216056377,0.15457412274554372,0.0014445483684539795,0.6848168522119522
absolute-314380,absolute-314381,multi,8,teacher_top_gap,8,0,0.9790476560592651,1.5104000270366669,0.0,1.600000023841858
absolute-314380,absolute-314381,multi,8,top1,8,0,0.875,1.0,0,1
absolute-314380,absolute-314381,multi,8,teacher_regret,8,0,0.04094616696238518,0.0,0.0,0.3275693356990814
absolute-314380,absolute-314381,multi,8,saturation_fraction,8,0,0.0,0.0,0.0,0.0
absolute-314380,absolute-314381,multi,8,tanh_slope_mean,8,0,0.8999567532611616,0.9403752483841257,0.709922346385667,0.98904666035332
absolute-314380,absolute-314381,multi,8,loss_dmc,8,0,0.9898682963103056,1.064258635044098,0.17296527326107025,1.6351404190063477
absolute-314380,absolute-314381,multi,8,loss_absolute,8,0,0.4746886398643255,0.40365658700466156,0.1345798373222351,1.1777050495147705
absolute-314380,absolute-314381,multi,8,loss_centered,8,0,0.281666430644691,0.2878301441669464,0.11538874357938766,0.42079979181289673
absolute-314380,absolute-314381,multi,8,absolute_cosine,8,0,-0.291888956311785,-0.8128760358622478,-0.9997644767141499,0.9815564013545394
absolute-314380,absolute-314381,multi,8,absolute_weighted_norm_ratio,8,0,0.06806759017808928,0.02460583827196139,0.014441340695728803,0.31270216191277617
absolute-314380,absolute-314381,multi,8,absolute_dmc_descent_factor,8,0,0.9579891126170299,0.9859704957600731,0.7050168307243561,1.051619332248898
absolute-314380,absolute-314381,multi,8,centered_cosine,8,0,-0.30761246888208904,-0.4783783274060748,-0.9310336936266576,0.5007573523442089
absolute-314380,absolute-314381,multi,8,centered_weighted_norm_ratio,8,0,0.015189015178502054,0.013630125905677352,0.004728896463900457,0.028012480719541637
absolute-314380,absolute-314381,multi,8,centered_dmc_descent_factor,8,0,0.995435540987946,0.9954966710388297,0.9756339849584034,1.014027455677711
absolute-314380,absolute-314381,singleton,18,absolute_conflict,18,0,0.6666666666666666,1.0,False,True
absolute-314380,absolute-314381,singleton,18,absolute_strong_conflict,18,0,0.6666666666666666,1.0,False,True
absolute-314380,absolute-314381,singleton,18,absolute_reverse_dmc,18,0,0,0.0,False,False
absolute-314380,absolute-314381,singleton,18,centered_conflict,0,18,,,,
absolute-314380,absolute-314381,singleton,18,centered_strong_conflict,0,18,,,,
absolute-314380,absolute-314381,singleton,18,centered_reverse_dmc,18,0,0,0.0,False,False
absolute-314380,absolute-314381,singleton,18,model_span,18,0,0.0,0.0,0.0,0.0
absolute-314380,absolute-314381,singleton,18,model_top_gap,0,18,,,,
absolute-314380,absolute-314381,singleton,18,teacher_top_gap,0,18,,,,
absolute-314380,absolute-314381,singleton,18,top1,18,0,1,1.0,1,1
absolute-314380,absolute-314381,singleton,18,teacher_regret,18,0,0.0,0.0,0.0,0.0
absolute-314380,absolute-314381,singleton,18,saturation_fraction,18,0,0.0,0.0,0.0,0.0
absolute-314380,absolute-314381,singleton,18,tanh_slope_mean,18,0,0.8576371617190944,0.9563443548839661,0.20010813227031576,0.9999999950542495
absolute-314380,absolute-314381,singleton,18,loss_dmc,18,0,0.9757975613594883,0.7883988618850708,0.011158385314047337,2.2339348793029785
absolute-314380,absolute-314381,singleton,18,loss_absolute,18,0,0.1423628392653331,0.0436556451022625,4.945750475826571e-09,0.7998918890953064
absolute-314380,absolute-314381,singleton,18,loss_centered,18,0,0.0,0.0,0.0,0.0
absolute-314380,absolute-314381,singleton,18,absolute_cosine,18,0,-0.3333333333333329,-0.9999999999999984,-0.9999999999999993,0.9999999999999992
absolute-314380,absolute-314381,singleton,18,absolute_weighted_norm_ratio,18,0,0.08069623876031794,0.02474518885535984,7.033097524504308e-06,0.846671532760902
absolute-314380,absolute-314381,singleton,18,absolute_dmc_descent_factor,18,0,0.9338367917520969,0.9873384763947713,0.153328467239099,1.0330940499095782
absolute-314380,absolute-314381,singleton,18,centered_cosine,0,18,,,,
absolute-314380,absolute-314381,singleton,18,centered_weighted_norm_ratio,18,0,0.0,0.0,0.0,0.0
absolute-314380,absolute-314381,singleton,18,centered_dmc_descent_factor,18,0,1.0,1.0,1.0,1.0
absolute-314380,centered-314381,all,26,absolute_conflict,26,0,0.6538461538461539,1.0,False,True
absolute-314380,centered-314381,all,26,absolute_strong_conflict,26,0,0.6153846153846154,1.0,False,True
absolute-314380,centered-314381,all,26,absolute_reverse_dmc,26,0,0,0.0,False,False
absolute-314380,centered-314381,all,26,centered_conflict,8,18,0.625,1.0,False,True
absolute-314380,centered-314381,all,26,centered_strong_conflict,8,18,0.5,0.5,False,True
absolute-314380,centered-314381,all,26,centered_reverse_dmc,26,0,0,0.0,False,False
absolute-314380,centered-314381,all,26,model_span,26,0,0.04381722845853521,0.0,0.0,0.3385246591642499
absolute-314380,centered-314381,all,26,model_top_gap,8,18,0.07196304212266114,0.018349973892327398,0.0008219219744205475,0.23699527233839035
absolute-314380,centered-314381,all,26,teacher_top_gap,8,18,0.9790476560592651,1.5104000270366669,0.0,1.600000023841858
absolute-314380,centered-314381,all,26,top1,26,0,0.9615384615384616,1.0,0,1
absolute-314380,centered-314381,all,26,teacher_regret,26,0,8.129385801462027e-05,0.0,0.0,0.002113640308380127
absolute-314380,centered-314381,all,26,saturation_fraction,26,0,0.0,0.0,0.0,0.0
absolute-314380,centered-314381,all,26,tanh_slope_mean,26,0,0.9614943370326161,0.9836940538750456,0.6298701979612247,0.9997531877081391
absolute-314380,centered-314381,all,26,loss_dmc,26,0,0.9454620566505653,0.9084922075271606,0.1533639281988144,1.8201762437820435
absolute-314380,centered-314381,all,26,loss_absolute,26,0,0.19267531924616868,0.03923090361058712,0.00024681229842826724,0.6491660475730896
absolute-314380,centered-314381,all,26,loss_centered,26,0,0.1256550865677687,0.0,0.0,0.5891448855400085
absolute-314380,centered-314381,all,26,absolute_cosine,26,0,-0.27400393206634527,-0.9378590429858,-0.9999999999999989,0.9999999999999991
absolute-314380,centered-314381,all,26,absolute_weighted_norm_ratio,26,0,0.026700257256832775,0.019352512920584562,0.0015467265985618108,0.15535149602802986
absolute-314380,centered-314381,all,26,absolute_dmc_descent_factor,26,0,0.9877656984079961,0.9945957716606071,0.8446485039719703,1.0484514114070067
absolute-314380,centered-314381,all,26,centered_cosine,8,18,-0.05335115552827321,-0.0931984796348538,-0.36318113065084506,0.3257084685045562
absolute-314380,centered-314381,all,26,centered_weighted_norm_ratio,26,0,0.004679313263687905,0.0,0.0,0.025947682225229616
absolute-314380,centered-314381,all,26,centered_dmc_descent_factor,26,0,0.9993925022741118,1.0,0.9905762914316723,1.0024274066654
absolute-314380,centered-314381,multi,8,absolute_conflict,8,0,0.625,1.0,False,True
absolute-314380,centered-314381,multi,8,absolute_strong_conflict,8,0,0.5,0.5,False,True
absolute-314380,centered-314381,multi,8,absolute_reverse_dmc,8,0,0,0.0,False,False
absolute-314380,centered-314381,multi,8,centered_conflict,8,0,0.625,1.0,False,True
absolute-314380,centered-314381,multi,8,centered_strong_conflict,8,0,0.5,0.5,False,True
absolute-314380,centered-314381,multi,8,centered_reverse_dmc,8,0,0,0.0,False,False
absolute-314380,centered-314381,multi,8,model_span,8,0,0.14240599249023944,0.08077185973525047,0.041243210434913635,0.3385246591642499
absolute-314380,centered-314381,multi,8,model_top_gap,8,0,0.07196304212266114,0.018349973892327398,0.0008219219744205475,0.23699527233839035
absolute-314380,centered-314381,multi,8,teacher_top_gap,8,0,0.9790476560592651,1.5104000270366669,0.0,1.600000023841858
absolute-314380,centered-314381,multi,8,top1,8,0,0.875,1.0,0,1
absolute-314380,centered-314381,multi,8,teacher_regret,8,0,0.00026420503854751587,0.0,0.0,0.002113640308380127
absolute-314380,centered-314381,multi,8,saturation_fraction,8,0,0.0,0.0,0.0,0.0
absolute-314380,centered-314381,multi,8,tanh_slope_mean,8,0,0.9830187742217595,0.9836940538750456,0.9450099073866933,0.9996989433042932
absolute-314380,centered-314381,multi,8,loss_dmc,8,0,1.0010218992829323,0.9334761500358582,0.7966291308403015,1.3886306285858154
absolute-314380,centered-314381,multi,8,loss_absolute,8,0,0.5180326104164124,0.5484450459480286,0.251518189907074,0.6491660475730896
absolute-314380,centered-314381,multi,8,loss_centered,8,0,0.4083790313452482,0.4667398929595947,0.22222602367401123,0.5891448855400085
absolute-314380,centered-314381,multi,8,absolute_cosine,8,0,-0.14051277921562327,-0.4257158426721631,-0.9560710018448484,0.9684706345692704
absolute-314380,centered-314381,multi,8,absolute_weighted_norm_ratio,8,0,0.035662862766016025,0.03457469364609205,0.019534792442518666,0.06655740323543981
absolute-314380,centered-314381,multi,8,absolute_dmc_descent_factor,8,0,0.993351056160362,0.9911558822787889,0.9387906781874793,1.0484514114070067
absolute-314380,centered-314381,multi,8,centered_cosine,8,0,-0.05335115552827321,-0.0931984796348538,-0.36318113065084506,0.3257084685045562
absolute-314380,centered-314381,multi,8,centered_weighted_norm_ratio,8,0,0.015207768106985691,0.015686305390193382,0.0069959991592392756,0.025947682225229616
absolute-314380,centered-314381,multi,8,centered_dmc_descent_factor,8,0,0.9980256323908634,0.9985993080144896,0.9905762914316723,1.0024274066654
absolute-314380,centered-314381,singleton,18,absolute_conflict,18,0,0.6666666666666666,1.0,False,True
absolute-314380,centered-314381,singleton,18,absolute_strong_conflict,18,0,0.6666666666666666,1.0,False,True
absolute-314380,centered-314381,singleton,18,absolute_reverse_dmc,18,0,0,0.0,False,False
absolute-314380,centered-314381,singleton,18,centered_conflict,0,18,,,,
absolute-314380,centered-314381,singleton,18,centered_strong_conflict,0,18,,,,
absolute-314380,centered-314381,singleton,18,centered_reverse_dmc,18,0,0,0.0,False,False
absolute-314380,centered-314381,singleton,18,model_span,18,0,0.0,0.0,0.0,0.0
absolute-314380,centered-314381,singleton,18,model_top_gap,0,18,,,,
absolute-314380,centered-314381,singleton,18,teacher_top_gap,0,18,,,,
absolute-314380,centered-314381,singleton,18,top1,18,0,1,1.0,1,1
absolute-314380,centered-314381,singleton,18,teacher_regret,18,0,0.0,0.0,0.0,0.0
absolute-314380,centered-314381,singleton,18,saturation_fraction,18,0,0.0,0.0,0.0,0.0
absolute-314380,centered-314381,singleton,18,tanh_slope_mean,18,0,0.951927920504108,0.9837569967850917,0.6298701979612247,0.9997531877081391
absolute-314380,centered-314381,singleton,18,loss_dmc,18,0,0.9207687932584021,0.9003650844097137,0.1533639281988144,1.8201762437820435
absolute-314380,centered-314381,singleton,18,loss_absolute,18,0,0.048072078726060376,0.016243002843111753,0.00024681229842826724,0.37012979388237
absolute-314380,centered-314381,singleton,18,loss_centered,18,0,0.0,0.0,0.0,0.0
absolute-314380,centered-314381,singleton,18,absolute_cosine,18,0,-0.3333333333333328,-0.9999999999999981,-0.9999999999999989,0.9999999999999991
absolute-314380,centered-314381,singleton,18,absolute_weighted_norm_ratio,18,0,0.022716877030529107,0.013036958295198145,0.0015467265985618108,0.15535149602802986
absolute-314380,centered-314381,singleton,18,absolute_dmc_descent_factor,18,0,0.9852833171847223,0.9945957716606071,0.8446485039719703,1.0258786595710898
absolute-314380,centered-314381,singleton,18,centered_cosine,0,18,,,,
absolute-314380,centered-314381,singleton,18,centered_weighted_norm_ratio,18,0,0.0,0.0,0.0,0.0
absolute-314380,centered-314381,singleton,18,centered_dmc_descent_factor,18,0,1.0,1.0,1.0,1.0
absolute-314380,teacher-314382,all,26,absolute_conflict,26,0,0.6153846153846154,1.0,False,True
absolute-314380,teacher-314382,all,26,absolute_strong_conflict,26,0,0.5769230769230769,1.0,False,True
absolute-314380,teacher-314382,all,26,absolute_reverse_dmc,26,0,0,0.0,False,False
absolute-314380,teacher-314382,all,26,centered_conflict,8,18,0.5,0.5,False,True
absolute-314380,teacher-314382,all,26,centered_strong_conflict,8,18,0.5,0.5,False,True
absolute-314380,teacher-314382,all,26,centered_reverse_dmc,26,0,0,0.0,False,False
absolute-314380,teacher-314382,all,26,model_span,26,0,0.27612393635969895,0.0,0.0,1.412583589553833
absolute-314380,teacher-314382,all,26,model_top_gap,8,18,0.4954383336007595,0.5368124544620514,0.009635448455810547,1.0242919623851776
absolute-314380,teacher-314382,all,26,teacher_top_gap,8,18,0.9790476560592651,1.5104000270366669,0.0,1.600000023841858
absolute-314380,teacher-314382,all,26,top1,26,0,0.9230769230769231,1.0,0,1
absolute-314380,teacher-314382,all,26,teacher_regret,26,0,0.012381609815817613,0.0,0.0,0.3092985451221466
absolute-314380,teacher-314382,all,26,saturation_fraction,26,0,0.0,0.0,0.0,0.0
absolute-314380,teacher-314382,all,26,tanh_slope_mean,26,0,0.8532777037944287,0.9711847212575415,0.34763291291333004,0.9999951978704646
absolute-314380,teacher-314382,all,26,loss_dmc,26,0,1.1920660456212668,0.8613989651203156,0.032466448843479156,3.494262456893921
absolute-314380,teacher-314382,all,26,loss_absolute,26,0,0.08660327955117982,0.02881527878344059,4.802129751624307e-06,0.34400635957717896
absolute-314380,teacher-314382,all,26,loss_centered,26,0,0.03442958971628776,0.0,0.0,0.24513033032417297
absolute-314380,teacher-314382,all,26,absolute_cosine,26,0,-0.2582432418991722,-0.9020196344872448,-0.9999999999999987,0.9999999999999988
absolute-314380,teacher-314382,all,26,absolute_weighted_norm_ratio,26,0,0.03504971783601605,0.016906643050980226,0.00021865846725172702,0.3166789244584988
absolute-314380,teacher-314382,all,26,absolute_dmc_descent_factor,26,0,0.9838920691950054,0.9932043177549417,0.7389275854015078,1.0343461252193968
absolute-314380,teacher-314382,all,26,centered_cosine,8,18,-0.1535062973957909,-0.05291041691708985,-0.9512331496302379,0.5024073924418259
absolute-314380,teacher-314382,all,26,centered_weighted_norm_ratio,26,0,0.013307210693774971,0.0,0.0,0.18799149992759714
absolute-314380,teacher-314382,all,26,centered_dmc_descent_factor,26,0,0.9955630270471673,1.0,0.8764199410874123,1.0341084685145994
absolute-314380,teacher-314382,multi,8,absolute_conflict,8,0,0.5,0.5,False,True
absolute-314380,teacher-314382,multi,8,absolute_strong_conflict,8,0,0.375,0.0,False,True
absolute-314380,teacher-314382,multi,8,absolute_reverse_dmc,8,0,0,0.0,False,False
absolute-314380,teacher-314382,multi,8,centered_conflict,8,0,0.5,0.5,False,True
absolute-314380,teacher-314382,multi,8,centered_strong_conflict,8,0,0.5,0.5,False,True
absolute-314380,teacher-314382,multi,8,centered_reverse_dmc,8,0,0,0.0,False,False
absolute-314380,teacher-314382,multi,8,model_span,8,0,0.8974027931690216,0.9654762744903564,0.40484097599983215,1.412583589553833
absolute-314380,teacher-314382,multi,8,model_top_gap,8,0,0.4954383336007595,0.5368124544620514,0.009635448455810547,1.0242919623851776
absolute-314380,teacher-314382,multi,8,teacher_top_gap,8,0,0.9790476560592651,1.5104000270366669,0.0,1.600000023841858
absolute-314380,teacher-314382,multi,8,top1,8,0,0.75,1.0,0,1
absolute-314380,teacher-314382,multi,8,teacher_regret,8,0,0.04024023190140724,0.0,0.0,0.3092985451221466
absolute-314380,teacher-314382,multi,8,saturation_fraction,8,0,0.0,0.0,0.0,0.0
absolute-314380,teacher-314382,multi,8,tanh_slope_mean,8,0,0.6254145268889241,0.6332460441295951,0.34763291291333004,0.8263656770788257
absolute-314380,teacher-314382,multi,8,loss_dmc,8,0,1.6314907735213637,1.4910086393356323,0.032466448843479156,3.494262456893921
absolute-314380,teacher-314382,multi,8,loss_absolute,8,0,0.17919866787269711,0.16753758490085602,0.060847584158182144,0.34400635957717896
absolute-314380,teacher-314382,multi,8,loss_centered,8,0,0.11189616657793522,0.0963108129799366,0.025909781455993652,0.24513033032417297
absolute-314380,teacher-314382,multi,8,absolute_cosine,8,0,-0.08929053617231114,0.020416682585769938,-0.97963197680969,0.772284603542575
absolute-314380,teacher-314382,multi,8,absolute_weighted_norm_ratio,8,0,0.07570992882739477,0.04492294052078423,0.010610705609153687,0.3166789244584988
absolute-314380,teacher-314382,multi,8,absolute_dmc_descent_factor,8,0,0.963578321015023,0.9976062840505391,0.7389275854015078,1.022966997986361
absolute-314380,teacher-314382,multi,8,centered_cosine,8,0,-0.1535062973957909,-0.05291041691708985,-0.9512331496302379,0.5024073924418259
absolute-314380,teacher-314382,multi,8,centered_weighted_norm_ratio,8,0,0.04324843475476865,0.018306122995299903,0.00281551089051038,0.18799149992759714
absolute-314380,teacher-314382,multi,8,centered_dmc_descent_factor,8,0,0.9855798379032937,0.9988648112489018,0.8764199410874123,1.0341084685145994
absolute-314380,teacher-314382,singleton,18,absolute_conflict,18,0,0.6666666666666666,1.0,False,True
absolute-314380,teacher-314382,singleton,18,absolute_strong_conflict,18,0,0.6666666666666666,1.0,False,True
absolute-314380,teacher-314382,singleton,18,absolute_reverse_dmc,18,0,0,0.0,False,False
absolute-314380,teacher-314382,singleton,18,centered_conflict,0,18,,,,
absolute-314380,teacher-314382,singleton,18,centered_strong_conflict,0,18,,,,
absolute-314380,teacher-314382,singleton,18,centered_reverse_dmc,18,0,0,0.0,False,False
absolute-314380,teacher-314382,singleton,18,model_span,18,0,0.0,0.0,0.0,0.0
absolute-314380,teacher-314382,singleton,18,model_top_gap,0,18,,,,
absolute-314380,teacher-314382,singleton,18,teacher_top_gap,0,18,,,,
absolute-314380,teacher-314382,singleton,18,top1,18,0,1,1.0,1,1
absolute-314380,teacher-314382,singleton,18,teacher_regret,18,0,0.0,0.0,0.0,0.0
absolute-314380,teacher-314382,singleton,18,saturation_fraction,18,0,0.0,0.0,0.0,0.0
absolute-314380,teacher-314382,singleton,18,tanh_slope_mean,18,0,0.9545502268635419,0.9833611414981851,0.7263252749276283,0.9999951978704646
absolute-314380,teacher-314382,singleton,18,loss_dmc,18,0,0.996766166554557,0.8613989651203156,0.3350938558578491,2.319953203201294
absolute-314380,teacher-314382,singleton,18,loss_absolute,18,0,0.04544977363050546,0.01663885824382305,4.802129751624307e-06,0.27367472648620605
absolute-314380,teacher-314382,singleton,18,loss_centered,18,0,0.0,0.0,0.0,0.0
absolute-314380,teacher-314382,singleton,18,absolute_cosine,18,0,-0.33333333333333265,-0.9999999999999976,-0.9999999999999987,0.9999999999999988
absolute-314380,teacher-314382,singleton,18,absolute_weighted_norm_ratio,18,0,0.016978512950958834,0.013271923462182905,0.00021865846725172702,0.07274949506927225
absolute-314380,teacher-314382,singleton,18,absolute_dmc_descent_factor,18,0,0.9929204017194418,0.9922486316167904,0.9272505049307279,1.0343461252193968
absolute-314380,teacher-314382,singleton,18,centered_cosine,0,18,,,,
absolute-314380,teacher-314382,singleton,18,centered_weighted_norm_ratio,18,0,0.0,0.0,0.0,0.0
absolute-314380,teacher-314382,singleton,18,centered_dmc_descent_factor,18,0,1.0,1.0,1.0,1.0
absolute-314380,absolute-314382,all,26,absolute_conflict,26,0,0.6153846153846154,1.0,False,True
absolute-314380,absolute-314382,all,26,absolute_strong_conflict,26,0,0.6153846153846154,1.0,False,True
absolute-314380,absolute-314382,all,26,absolute_reverse_dmc,26,0,0,0.0,False,False
absolute-314380,absolute-314382,all,26,centered_conflict,8,18,0.625,1.0,False,True
absolute-314380,absolute-314382,all,26,centered_strong_conflict,8,18,0.5,0.5,False,True
absolute-314380,absolute-314382,all,26,centered_reverse_dmc,26,0,0,0.0,False,False
absolute-314380,absolute-314382,all,26,model_span,26,0,0.0610333034195579,0.0,0.0,0.3403267562389374
absolute-314380,absolute-314382,all,26,model_top_gap,8,18,0.11952352753723972,0.11856671795248985,0.005070307990536094,0.3403267562389374
absolute-314380,absolute-314382,all,26,teacher_top_gap,8,18,0.9790476560592651,1.5104000270366669,0.0,1.600000023841858
absolute-314380,absolute-314382,all,26,top1,26,0,0.9615384615384616,1.0,0,1
absolute-314380,absolute-314382,all,26,teacher_regret,26,0,8.129385801462027e-05,0.0,0.0,0.002113640308380127
absolute-314380,absolute-314382,all,26,saturation_fraction,26,0,0.0,0.0,0.0,0.0
absolute-314380,absolute-314382,all,26,tanh_slope_mean,26,0,0.9589287165988669,0.9866633093338528,0.6287543604590695,0.9995877304137203
absolute-314380,absolute-314382,all,26,loss_dmc,26,0,1.00743190657634,0.9611878097057343,0.15264703333377838,1.5945502519607544
absolute-314380,absolute-314382,all,26,loss_absolute,26,0,0.19208956427554277,0.038377197459340096,0.00041226958273909986,0.703397810459137
absolute-314380,absolute-314382,all,26,loss_centered,26,0,0.11701051203104165,0.0,0.0,0.5092202425003052
absolute-314380,absolute-314382,all,26,absolute_cosine,26,0,-0.23649101794284394,-0.8711785519235444,-0.9999999999999991,0.999999999999999
absolute-314380,absolute-314382,all,26,absolute_weighted_norm_ratio,26,0,0.02772321386058213,0.014618376358010516,0.0020725237905653915,0.15595040557037
absolute-314380,absolute-314382,all,26,absolute_dmc_descent_factor,26,0,0.9897160303044092,0.9940022994852122,0.8440495944296302,1.0618646567140688
absolute-314380,absolute-314382,all,26,centered_cosine,8,18,-0.09667728204656162,-0.10860988577364813,-0.6134519760110592,0.25964508421570104
absolute-314380,absolute-314382,all,26,centered_weighted_norm_ratio,26,0,0.004736250772113014,0.0,0.0,0.023013908324379898
absolute-314380,absolute-314382,all,26,centered_dmc_descent_factor,26,0,0.9992693131550461,1.0,0.9864398661298107,1.003061126936828
absolute-314380,absolute-314382,multi,8,absolute_conflict,8,0,0.5,0.5,False,True
absolute-314380,absolute-314382,multi,8,absolute_strong_conflict,8,0,0.5,0.5,False,True
absolute-314380,absolute-314382,multi,8,absolute_reverse_dmc,8,0,0,0.0,False,False
absolute-314380,absolute-314382,multi,8,centered_conflict,8,0,0.625,1.0,False,True
absolute-314380,absolute-314382,multi,8,centered_strong_conflict,8,0,0.5,0.5,False,True
absolute-314380,absolute-314382,multi,8,centered_reverse_dmc,8,0,0,0.0,False,False
absolute-314380,absolute-314382,multi,8,model_span,8,0,0.19835823611356318,0.1747941831126809,0.08772391825914383,0.3403267562389374
absolute-314380,absolute-314382,multi,8,model_top_gap,8,0,0.11952352753723972,0.11856671795248985,0.005070307990536094,0.3403267562389374
absolute-314380,absolute-314382,multi,8,teacher_top_gap,8,0,0.9790476560592651,1.5104000270366669,0.0,1.600000023841858
absolute-314380,absolute-314382,multi,8,top1,8,0,0.875,1.0,0,1
absolute-314380,absolute-314382,multi,8,teacher_regret,8,0,0.00026420503854751587,0.0,0.0,0.002113640308380127
absolute-314380,absolute-314382,multi,8,saturation_fraction,8,0,0.0,0.0,0.0,0.0
absolute-314380,absolute-314382,multi,8,tanh_slope_mean,8,0,0.9806186497418968,0.9830591942752873,0.9665372416617966,0.9978911099385592
absolute-314380,absolute-314382,multi,8,loss_dmc,8,0,1.146493211388588,1.1622302532196045,0.8676285743713379,1.510528564453125
absolute-314380,absolute-314382,multi,8,loss_absolute,8,0,0.5101907625794411,0.5232235193252563,0.25154930353164673,0.703397810459137
absolute-314380,absolute-314382,multi,8,loss_centered,8,0,0.3802841641008854,0.41768336296081543,0.1982937902212143,0.5092202425003052
absolute-314380,absolute-314382,multi,8,absolute_cosine,8,0,-0.018595808314243695,-0.08533401368384315,-0.9085752027047017,0.9856336931471991
absolute-314380,absolute-314382,multi,8,absolute_weighted_norm_ratio,8,0,0.03587916924444476,0.03201741362735509,0.01119597905561868,0.06688281079151391
absolute-314380,absolute-314382,multi,8,absolute_dmc_descent_factor,8,0,1.0000408668483576,0.9975707323015498,0.9474215695657787,1.0618646567140688
absolute-314380,absolute-314382,multi,8,centered_cosine,8,0,-0.09667728204656162,-0.10860988577364813,-0.6134519760110592,0.25964508421570104
absolute-314380,absolute-314382,multi,8,centered_weighted_norm_ratio,8,0,0.015392815009367296,0.015684107524676357,0.005395824414812804,0.023013908324379898
absolute-314380,absolute-314382,multi,8,centered_dmc_descent_factor,8,0,0.9976252677538997,0.998364905491123,0.9864398661298107,1.003061126936828
absolute-314380,absolute-314382,singleton,18,absolute_conflict,18,0,0.6666666666666666,1.0,False,True
absolute-314380,absolute-314382,singleton,18,absolute_strong_conflict,18,0,0.6666666666666666,1.0,False,True
absolute-314380,absolute-314382,singleton,18,absolute_reverse_dmc,18,0,0,0.0,False,False
absolute-314380,absolute-314382,singleton,18,centered_conflict,0,18,,,,
absolute-314380,absolute-314382,singleton,18,centered_strong_conflict,0,18,,,,
absolute-314380,absolute-314382,singleton,18,centered_reverse_dmc,18,0,0,0.0,False,False
absolute-314380,absolute-314382,singleton,18,model_span,18,0,0.0,0.0,0.0,0.0
absolute-314380,absolute-314382,singleton,18,model_top_gap,0,18,,,,
absolute-314380,absolute-314382,singleton,18,teacher_top_gap,0,18,,,,
absolute-314380,absolute-314382,singleton,18,top1,18,0,1,1.0,1,1
absolute-314380,absolute-314382,singleton,18,teacher_regret,18,0,0.0,0.0,0.0,0.0
absolute-314380,absolute-314382,singleton,18,saturation_fraction,18,0,0.0,0.0,0.0,0.0
absolute-314380,absolute-314382,singleton,18,tanh_slope_mean,18,0,0.9492887463130758,0.9893379117466445,0.6287543604590695,0.9995877304137203
absolute-314380,absolute-314382,singleton,18,loss_dmc,18,0,0.945626882215341,0.8900490403175354,0.15264703333377838,1.5945502519607544
absolute-314380,absolute-314382,singleton,18,loss_absolute,18,0,0.050711253918254644,0.010662088170647621,0.00041226958273909986,0.3712456524372101
absolute-314380,absolute-314382,singleton,18,loss_centered,18,0,0.0,0.0,0.0,0.0
absolute-314380,absolute-314382,singleton,18,absolute_cosine,18,0,-0.3333333333333329,-0.9999999999999982,-0.9999999999999991,0.999999999999999
absolute-314380,absolute-314382,singleton,18,absolute_weighted_norm_ratio,18,0,0.024098344801087627,0.011316705345466787,0.0020725237905653915,0.15595040557037
absolute-314380,absolute-314382,singleton,18,absolute_dmc_descent_factor,18,0,0.9851272140626545,0.9940022994852122,0.8440495944296302,1.0208080782472428
absolute-314380,absolute-314382,singleton,18,centered_cosine,0,18,,,,
absolute-314380,absolute-314382,singleton,18,centered_weighted_norm_ratio,18,0,0.0,0.0,0.0,0.0
absolute-314380,absolute-314382,singleton,18,centered_dmc_descent_factor,18,0,1.0,1.0,1.0,1.0
absolute-314380,centered-314382,all,26,absolute_conflict,26,0,0.5769230769230769,1.0,False,True
absolute-314380,centered-314382,all,26,absolute_strong_conflict,26,0,0.5769230769230769,1.0,False,True
absolute-314380,centered-314382,all,26,absolute_reverse_dmc,26,0,0,0.0,False,False
absolute-314380,centered-314382,all,26,centered_conflict,8,18,0.375,0.0,False,True
absolute-314380,centered-314382,all,26,centered_strong_conflict,8,18,0.375,0.0,False,True
absolute-314380,centered-314382,all,26,centered_reverse_dmc,26,0,0,0.0,False,False
absolute-314380,centered-314382,all,26,model_span,26,0,0.04678954635388576,0.0,0.0,0.29154564114287496
absolute-314380,centered-314382,all,26,model_top_gap,8,18,0.08722250512801111,0.058572037145495415,0.0007543284446001053,0.29154564114287496
absolute-314380,centered-314382,all,26,teacher_top_gap,8,18,0.9790476560592651,1.5104000270366669,0.0,1.600000023841858
absolute-314380,centered-314382,all,26,top1,26,0,0.9230769230769231,1.0,0,1
absolute-314380,centered-314382,all,26,teacher_regret,26,0,0.012260231834191542,0.0,0.0,0.3092985451221466
absolute-314380,centered-314382,all,26,saturation_fraction,26,0,0.0,0.0,0.0,0.0
absolute-314380,centered-314382,all,26,tanh_slope_mean,26,0,0.9667041532791414,0.9927182139161854,0.363752608310719,0.9999983313981812
absolute-314380,centered-314382,all,26,loss_dmc,26,0,0.9741743778666625,0.9746619164943695,0.04094504937529564,1.3778167963027954
absolute-314380,centered-314382,all,26,loss_absolute,26,0,0.1870431733513818,0.008438987657427788,1.6686018398104352e-06,0.6748820543289185
absolute-314380,centered-314382,all,26,loss_centered,26,0,0.12398236989974976,0.0,0.0,0.5749730467796326
absolute-314380,centered-314382,all,26,absolute_cosine,26,0,-0.13326262074574807,-0.7430868423212621,-0.9999999999999992,0.999999999999999
absolute-314380,centered-314382,all,26,absolute_weighted_norm_ratio,26,0,0.030779419495994262,0.009246081970433143,0.00012900771939643323,0.39419609864602645
absolute-314380,centered-314382,all,26,absolute_dmc_descent_factor,26,0,0.9830478609862978,0.9973640186331725,0.6058039013539744,1.0483441034552605
absolute-314380,centered-314382,all,26,centered_cosine,8,18,0.03550196922657223,0.09472781633099862,-0.5973061682557101,0.5947336845055405
absolute-314380,centered-314382,all,26,centered_weighted_norm_ratio,26,0,0.005407310712159546,0.0,0.0,0.025128007487966744
absolute-314380,centered-314382,all,26,centered_dmc_descent_factor,26,0,0.9998435024782854,1.0,0.9883935598735193,1.0104598212674423
absolute-314380,centered-314382,multi,8,absolute_conflict,8,0,0.625,1.0,False,True
absolute-314380,centered-314382,multi,8,absolute_strong_conflict,8,0,0.625,1.0,False,True
absolute-314380,centered-314382,multi,8,absolute_reverse_dmc,8,0,0,0.0,False,False
absolute-314380,centered-314382,multi,8,centered_conflict,8,0,0.375,0.0,False,True
absolute-314380,centered-314382,multi,8,centered_strong_conflict,8,0,0.375,0.0,False,True
absolute-314380,centered-314382,multi,8,centered_reverse_dmc,8,0,0,0.0,False,False
absolute-314380,centered-314382,multi,8,model_span,8,0,0.15206602565012872,0.14583615865558386,0.03142411261796951,0.29154564114287496
absolute-314380,centered-314382,multi,8,model_top_gap,8,0,0.08722250512801111,0.058572037145495415,0.0007543284446001053,0.29154564114287496
absolute-314380,centered-314382,multi,8,teacher_top_gap,8,0,0.9790476560592651,1.5104000270366669,0.0,1.600000023841858
absolute-314380,centered-314382,multi,8,top1,8,0,0.75,1.0,0,1
absolute-314380,centered-314382,multi,8,teacher_regret,8,0,0.03984575346112251,0.0,0.0,0.3092985451221466
absolute-314380,centered-314382,multi,8,saturation_fraction,8,0,0.0,0.0,0.0,0.0
absolute-314380,centered-314382,multi,8,tanh_slope_mean,8,0,0.9849869028281987,0.9879497256084979,0.9594535212366149,0.9973652593063617
absolute-314380,centered-314382,multi,8,loss_dmc,8,0,1.0240695029497147,0.993954211473465,0.7129434943199158,1.365433692932129
absolute-314380,centered-314382,multi,8,loss_absolute,8,0,0.5146919079124928,0.5342521071434021,0.2891976833343506,0.6748820543289185
absolute-314380,centered-314382,multi,8,loss_centered,8,0,0.4029427021741867,0.43340328335762024,0.2027541697025299,0.5749730467796326
absolute-314380,centered-314382,multi,8,absolute_cosine,8,0,-0.18310351742368164,-0.6707534856778712,-0.8268969023251941,0.9619095021441162
absolute-314380,centered-314382,multi,8,absolute_weighted_norm_ratio,8,0,0.036794599903909014,0.025500272435826546,0.01974939580141461,0.07813468072681788
absolute-314380,centered-314382,multi,8,absolute_dmc_descent_factor,8,0,0.9956299392426187,0.9847703249190444,0.937922282287364,1.0483441034552605
absolute-314380,centered-314382,multi,8,centered_cosine,8,0,0.03550196922657223,0.09472781633099862,-0.5973061682557101,0.5947336845055405
absolute-314380,centered-314382,multi,8,centered_weighted_norm_ratio,8,0,0.017573759814518523,0.018598118458800942,0.007784507004070396,0.025128007487966744
absolute-314380,centered-314382,multi,8,centered_dmc_descent_factor,8,0,0.9994913830544272,1.0016267622112511,0.9883935598735193,1.0104598212674423
absolute-314380,centered-314382,singleton,18,absolute_conflict,18,0,0.5555555555555556,1.0,False,True
absolute-314380,centered-314382,singleton,18,absolute_strong_conflict,18,0,0.5555555555555556,1.0,False,True
absolute-314380,centered-314382,singleton,18,absolute_reverse_dmc,18,0,0,0.0,False,False
absolute-314380,centered-314382,singleton,18,centered_conflict,0,18,,,,
absolute-314380,centered-314382,singleton,18,centered_strong_conflict,0,18,,,,
absolute-314380,centered-314382,singleton,18,centered_reverse_dmc,18,0,0,0.0,False,False
absolute-314380,centered-314382,singleton,18,model_span,18,0,0.0,0.0,0.0,0.0
absolute-314380,centered-314382,singleton,18,model_top_gap,0,18,,,,
absolute-314380,centered-314382,singleton,18,teacher_top_gap,0,18,,,,
absolute-314380,centered-314382,singleton,18,top1,18,0,1,1.0,1,1
absolute-314380,centered-314382,singleton,18,teacher_regret,18,0,0.0,0.0,0.0,0.0
absolute-314380,centered-314382,singleton,18,saturation_fraction,18,0,0.0,0.0,0.0,0.0
absolute-314380,centered-314382,singleton,18,tanh_slope_mean,18,0,0.9585784868128937,0.9957524413219518,0.363752608310719,0.9999983313981812
absolute-314380,centered-314382,singleton,18,loss_dmc,18,0,0.9519987667186393,0.9610974490642548,0.04094504937529564,1.3778167963027954
absolute-314380,centered-314382,singleton,18,loss_absolute,18,0,0.0414215135464436,0.004247558652423322,1.6686018398104352e-06,0.6362473964691162
absolute-314380,centered-314382,singleton,18,loss_centered,18,0,0.0,0.0,0.0,0.0
absolute-314380,centered-314382,singleton,18,absolute_cosine,18,0,-0.11111111111111094,-0.999999999999998,-0.9999999999999992,0.999999999999999
absolute-314380,centered-314382,singleton,18,absolute_weighted_norm_ratio,18,0,0.028106005981365482,0.006472519402140502,0.00012900771939643323,0.39419609864602645
absolute-314380,centered-314382,singleton,18,absolute_dmc_descent_factor,18,0,0.9774558262057107,0.9979904780162676,0.6058039013539744,1.014806932054065
absolute-314380,centered-314382,singleton,18,centered_cosine,0,18,,,,
absolute-314380,centered-314382,singleton,18,centered_weighted_norm_ratio,18,0,0.0,0.0,0.0,0.0
absolute-314380,centered-314382,singleton,18,centered_dmc_descent_factor,18,0,1.0,1.0,1.0,1.0
centered-314380,teacher-314380,all,26,absolute_conflict,26,0,0.46153846153846156,0.0,False,True
centered-314380,teacher-314380,all,26,absolute_strong_conflict,26,0,0.46153846153846156,0.0,False,True
centered-314380,teacher-314380,all,26,absolute_reverse_dmc,26,0,0,0.0,False,False
centered-314380,teacher-314380,all,26,centered_conflict,13,13,0.38461538461538464,False,False,True
centered-314380,teacher-314380,all,26,centered_strong_conflict,13,13,0.38461538461538464,False,False,True
centered-314380,teacher-314380,all,26,centered_reverse_dmc,26,0,0,0.0,False,False
centered-314380,teacher-314380,all,26,model_span,26,0,0.5365034436377195,0.10319161415100098,0.0,1.3644261360168457
centered-314380,teacher-314380,all,26,model_top_gap,13,13,0.2060766999538128,0.009107530117034912,0.00047576427459716797,1.2554773390293121
centered-314380,teacher-314380,all,26,teacher_top_gap,13,13,0.3451335286864868,0.007816314697265625,0.0,1.600000023841858
centered-314380,teacher-314380,all,26,top1,26,0,0.8846153846153846,1.0,0,1
centered-314380,teacher-314380,all,26,teacher_regret,26,0,0.0006310572991004357,0.0,0.0,0.00807267427444458
centered-314380,teacher-314380,all,26,saturation_fraction,26,0,0.0,0.0,0.0,0.0
centered-314380,teacher-314380,all,26,tanh_slope_mean,26,0,0.7673934126759374,0.9021103171906091,0.28077995891011015,0.999974628847422
centered-314380,teacher-314380,all,26,loss_dmc,26,0,1.418048813043592,1.0960462093353271,0.004375232383608818,3.7517964839935303
centered-314380,teacher-314380,all,26,loss_absolute,26,0,0.08135054898334951,0.02745451033115387,2.537115324230399e-05,0.6184719204902649
centered-314380,teacher-314380,all,26,loss_centered,26,0,0.03363657058574832,0.006691794842481613,0.0,0.3085651993751526
centered-314380,teacher-314380,all,26,absolute_cosine,26,0,0.05766634936777602,0.4958835617973416,-0.9999999999999986,0.999999999999999
centered-314380,teacher-314380,all,26,absolute_weighted_norm_ratio,26,0,0.08815002655071018,0.013610398326438611,0.0005062477832561362,0.7510967803024237
centered-314380,teacher-314380,all,26,absolute_dmc_descent_factor,26,0,0.9516193101956314,1.0028289417846232,0.3695356443490263,1.0382529393790976
centered-314380,teacher-314380,all,26,centered_cosine,13,13,-0.025099890489564715,0.043739910075427865,-0.9148324564816089,0.7009204146834784
centered-314380,teacher-314380,all,26,centered_weighted_norm_ratio,26,0,0.03145521526525262,0.0009085970384269816,0.0,0.2799449100366159
centered-314380,teacher-314380,all,26,centered_dmc_descent_factor,26,0,0.9928613142049251,1.0,0.8224962914572314,1.0135132747619129
centered-314380,teacher-314380,multi,13,absolute_conflict,13,0,0.46153846153846156,False,False,True
centered-314380,teacher-314380,multi,13,absolute_strong_conflict,13,0,0.46153846153846156,False,False,True
centered-314380,teacher-314380,multi,13,absolute_reverse_dmc,13,0,0,False,False,False
centered-314380,teacher-314380,multi,13,centered_conflict,13,0,0.38461538461538464,False,False,True
centered-314380,teacher-314380,multi,13,centered_strong_conflict,13,0,0.38461538461538464,False,False,True
centered-314380,teacher-314380,multi,13,centered_reverse_dmc,13,0,0,False,False,False
centered-314380,teacher-314380,multi,13,model_span,13,0,1.073006887275439,1.1367185413837433,0.20638322830200195,1.3644261360168457
centered-314380,teacher-314380,multi,13,model_top_gap,13,0,0.2060766999538128,0.009107530117034912,0.00047576427459716797,1.2554773390293121
centered-314380,teacher-314380,multi,13,teacher_top_gap,13,0,0.3451335286864868,0.007816314697265625,0.0,1.600000023841858
centered-314380,teacher-314380,multi,13,top1,13,0,0.7692307692307693,1,0,1
centered-314380,teacher-314380,multi,13,teacher_regret,13,0,0.0012621145982008714,0.0,0.0,0.00807267427444458
centered-314380,teacher-314380,multi,13,saturation_fraction,13,0,0.0,0.0,0.0,0.0
centered-314380,teacher-314380,multi,13,tanh_slope_mean,13,0,0.5483352782612329,0.5258362038050777,0.28077995891011015,0.8575477648015022
centered-314380,teacher-314380,multi,13,loss_dmc,13,0,1.798970277994298,1.7841917276382446,0.004375232383608818,3.7517964839935303
centered-314380,teacher-314380,multi,13,loss_absolute,13,0,0.1491526449815585,0.1164964884519577,0.01913103088736534,0.6184719204902649
centered-314380,teacher-314380,multi,13,loss_centered,13,0,0.06727314117149664,0.03980317711830139,0.013383589684963226,0.3085651993751526
centered-314380,teacher-314380,multi,13,absolute_cosine,13,0,0.03840962181247507,0.45884085736215324,-0.9447000015991641,0.9677905283839526
centered-314380,teacher-314380,multi,13,absolute_weighted_norm_ratio,13,0,0.1662857506585291,0.03195010275325903,0.0032843385344656973,0.7510967803024237
centered-314380,teacher-314380,multi,13,absolute_dmc_descent_factor,13,0,0.9034657164765147,1.0022048823754566,0.3695356443490263,1.0382529393790976
centered-314380,teacher-314380,multi,13,centered_cosine,13,0,-0.025099890489564715,0.043739910075427865,-0.9148324564816089,0.7009204146834784
centered-314380,teacher-314380,multi,13,centered_weighted_norm_ratio,13,0,0.06291043053050524,0.013703273275883051,0.0018171940768539631,0.2799449100366159
centered-314380,teacher-314380,multi,13,centered_dmc_descent_factor,13,0,0.9857226284098503,1.000682237958183,0.8224962914572314,1.0135132747619129
centered-314380,teacher-314380,singleton,13,absolute_conflict,13,0,0.46153846153846156,False,False,True
centered-314380,teacher-314380,singleton,13,absolute_strong_conflict,13,0,0.46153846153846156,False,False,True
centered-314380,teacher-314380,singleton,13,absolute_reverse_dmc,13,0,0,False,False,False
centered-314380,teacher-314380,singleton,13,centered_conflict,0,13,,,,
centered-314380,teacher-314380,singleton,13,centered_strong_conflict,0,13,,,,
centered-314380,teacher-314380,singleton,13,centered_reverse_dmc,13,0,0,False,False,False
centered-314380,teacher-314380,singleton,13,model_span,13,0,0.0,0.0,0.0,0.0
centered-314380,teacher-314380,singleton,13,model_top_gap,0,13,,,,
centered-314380,teacher-314380,singleton,13,teacher_top_gap,0,13,,,,
centered-314380,teacher-314380,singleton,13,top1,13,0,1,1,1,1
centered-314380,teacher-314380,singleton,13,teacher_regret,13,0,0.0,0.0,0.0,0.0
centered-314380,teacher-314380,singleton,13,saturation_fraction,13,0,0.0,0.0,0.0,0.0
centered-314380,teacher-314380,singleton,13,tanh_slope_mean,13,0,0.9864515470906421,0.9921692729904501,0.946672869579716,0.999974628847422
centered-314380,teacher-314380,singleton,13,loss_dmc,13,0,1.0371273480928862,1.0728089809417725,0.5914737582206726,1.3586643934249878
centered-314380,teacher-314380,singleton,13,loss_absolute,13,0,0.013548452985140522,0.0078307269141078,2.537115324230399e-05,0.053327132016420364
centered-314380,teacher-314380,singleton,13,loss_centered,13,0,0.0,0.0,0.0,0.0
centered-314380,teacher-314380,singleton,13,absolute_cosine,13,0,0.07692307692307696,0.9999999999999981,-0.9999999999999986,0.999999999999999
centered-314380,teacher-314380,singleton,13,absolute_weighted_norm_ratio,13,0,0.01001430244289127,0.009708234200116407,0.0005062477832561362,0.030026613987681507
centered-314380,teacher-314380,singleton,13,absolute_dmc_descent_factor,13,0,0.9997729039147479,1.0034530011937899,0.9699733860123185,1.0142085698258645
centered-314380,teacher-314380,singleton,13,centered_cosine,0,13,,,,
centered-314380,teacher-314380,singleton,13,centered_weighted_norm_ratio,13,0,0.0,0.0,0.0,0.0
centered-314380,teacher-314380,singleton,13,centered_dmc_descent_factor,13,0,1.0,1.0,1.0,1.0
centered-314380,absolute-314380,all,26,absolute_conflict,26,0,0.6153846153846154,1.0,False,True
centered-314380,absolute-314380,all,26,absolute_strong_conflict,26,0,0.6153846153846154,1.0,False,True
centered-314380,absolute-314380,all,26,absolute_reverse_dmc,26,0,0,0.0,False,False
centered-314380,absolute-314380,all,26,centered_conflict,13,13,0.6153846153846154,True,False,True
centered-314380,absolute-314380,all,26,centered_strong_conflict,13,13,0.6153846153846154,True,False,True
centered-314380,absolute-314380,all,26,centered_reverse_dmc,26,0,0,0.0,False,False
centered-314380,absolute-314380,all,26,model_span,26,0,0.08875265473929736,0.029112927615642548,0.0,0.3058719038963318
centered-314380,absolute-314380,all,26,model_top_gap,13,13,0.03944002879926792,0.023671790957450867,0.0032901540398597717,0.18356477469205856
centered-314380,absolute-314380,all,26,teacher_top_gap,13,13,0.3451335286864868,0.007816314697265625,0.0,1.600000023841858
centered-314380,absolute-314380,all,26,top1,26,0,0.7692307692307693,1.0,0,1
centered-314380,absolute-314380,all,26,teacher_regret,26,0,0.07514626590105203,0.0,0.0,1.600000023841858
centered-314380,absolute-314380,all,26,saturation_fraction,26,0,0.0,0.0,0.0,0.0
centered-314380,absolute-314380,all,26,tanh_slope_mean,26,0,0.9494554802949159,0.9771256621519772,0.6546850594313582,0.9999919432794769
centered-314380,absolute-314380,all,26,loss_dmc,26,0,0.8955728583610975,0.8165938258171082,0.29466143250465393,2.520585060119629
centered-314380,absolute-314380,all,26,loss_absolute,26,0,0.2880986633645779,0.20399059355258942,8.05672061687801e-06,1.1487197875976562
centered-314380,absolute-314380,all,26,loss_centered,26,0,0.16546150182302183,0.04912178963422775,0.0,0.5015721917152405
centered-314380,absolute-314380,all,26,absolute_cosine,26,0,-0.2830808349758605,-0.9642376652277309,-0.9999999999999993,0.999999999999999
centered-314380,absolute-314380,all,26,absolute_weighted_norm_ratio,26,0,0.03265528060660444,0.021057906324998266,0.00028465160375256636,0.17856902515822207
centered-314380,absolute-314380,all,26,absolute_dmc_descent_factor,26,0,0.9852600829086754,0.9877001423134522,0.8303421301969633,1.0466528428456452
centered-314380,absolute-314380,all,26,centered_cosine,13,13,-0.1365673528895523,-0.1964269756214252,-0.6813301662610836,0.4578029159919047
centered-314380,absolute-314380,all,26,centered_weighted_norm_ratio,26,0,0.006251546219277276,0.002177247929947739,0.0,0.024897147257104395
centered-314380,absolute-314380,all,26,centered_dmc_descent_factor,26,0,0.999248419569675,1.0,0.9907386351510024,1.0086294617463654
centered-314380,absolute-314380,multi,13,absolute_conflict,13,0,0.46153846153846156,False,False,True
centered-314380,absolute-314380,multi,13,absolute_strong_conflict,13,0,0.46153846153846156,False,False,True
centered-314380,absolute-314380,multi,13,absolute_reverse_dmc,13,0,0,False,False,False
centered-314380,absolute-314380,multi,13,centered_conflict,13,0,0.6153846153846154,True,False,True
centered-314380,absolute-314380,multi,13,centered_strong_conflict,13,0,0.6153846153846154,True,False,True
centered-314380,absolute-314380,multi,13,centered_reverse_dmc,13,0,0,False,False,False
centered-314380,absolute-314380,multi,13,model_span,13,0,0.17750530947859472,0.17210163921117783,0.058225855231285095,0.3058719038963318
centered-314380,absolute-314380,multi,13,model_top_gap,13,0,0.03944002879926792,0.023671790957450867,0.0032901540398597717,0.18356477469205856
centered-314380,absolute-314380,multi,13,teacher_top_gap,13,0,0.3451335286864868,0.007816314697265625,0.0,1.600000023841858
centered-314380,absolute-314380,multi,13,top1,13,0,0.5384615384615384,1,0,1
centered-314380,absolute-314380,multi,13,teacher_regret,13,0,0.15029253180210406,0.0,0.0,1.600000023841858
centered-314380,absolute-314380,multi,13,saturation_fraction,13,0,0.0,0.0,0.0,0.0
centered-314380,absolute-314380,multi,13,tanh_slope_mean,13,0,0.95055804581474,0.9812661975730635,0.8413305518050492,0.9970371945599459
centered-314380,absolute-314380,multi,13,loss_dmc,13,0,0.8410923045415145,0.92905592918396,0.29466143250465393,1.1649490594863892
centered-314380,absolute-314380,multi,13,loss_absolute,13,0,0.524550240773421,0.5207343101501465,0.15817518532276154,1.1487197875976562
centered-314380,absolute-314380,multi,13,loss_centered,13,0,0.33092300364604366,0.35014641284942627,0.0982435792684555,0.5015721917152405
centered-314380,absolute-314380,multi,13,absolute_cosine,13,0,-0.027700131490183483,0.5734419385406322,-0.9853277923447802,0.9855614833110068
centered-314380,absolute-314380,multi,13,absolute_weighted_norm_ratio,13,0,0.04649653925508963,0.04109096402230906,0.012956246972716703,0.17856902515822207
centered-314380,absolute-314380,multi,13,absolute_dmc_descent_factor,13,0,0.9804202680581465,1.0097559562683982,0.8303421301969633,1.0466528428456452
centered-314380,absolute-314380,multi,13,centered_cosine,13,0,-0.1365673528895523,-0.1964269756214252,-0.6813301662610836,0.4578029159919047
centered-314380,absolute-314380,multi,13,centered_weighted_norm_ratio,13,0,0.012503092438554552,0.011229275793277465,0.004354495859895478,0.024897147257104395
centered-314380,absolute-314380,multi,13,centered_dmc_descent_factor,13,0,0.9984968391393501,0.9977942673175076,0.9907386351510024,1.0086294617463654
centered-314380,absolute-314380,singleton,13,absolute_conflict,13,0,0.7692307692307693,True,False,True
centered-314380,absolute-314380,singleton,13,absolute_strong_conflict,13,0,0.7692307692307693,True,False,True
centered-314380,absolute-314380,singleton,13,absolute_reverse_dmc,13,0,0,False,False,False
centered-314380,absolute-314380,singleton,13,centered_conflict,0,13,,,,
centered-314380,absolute-314380,singleton,13,centered_strong_conflict,0,13,,,,
centered-314380,absolute-314380,singleton,13,centered_reverse_dmc,13,0,0,False,False,False
centered-314380,absolute-314380,singleton,13,model_span,13,0,0.0,0.0,0.0,0.0
centered-314380,absolute-314380,singleton,13,model_top_gap,0,13,,,,
centered-314380,absolute-314380,singleton,13,teacher_top_gap,0,13,,,,
centered-314380,absolute-314380,singleton,13,top1,13,0,1,1,1,1
centered-314380,absolute-314380,singleton,13,teacher_regret,13,0,0.0,0.0,0.0,0.0
centered-314380,absolute-314380,singleton,13,saturation_fraction,13,0,0.0,0.0,0.0,0.0
centered-314380,absolute-314380,singleton,13,tanh_slope_mean,13,0,0.9483529147750916,0.9761122751287266,0.6546850594313582,0.9999919432794769
centered-314380,absolute-314380,singleton,13,loss_dmc,13,0,0.9500534121806805,0.7558019757270813,0.4899865388870239,2.520585060119629
centered-314380,absolute-314380,singleton,13,loss_absolute,13,0,0.051647085955734764,0.023887725546956062,8.05672061687801e-06,0.34531494975090027
centered-314380,absolute-314380,singleton,13,loss_centered,13,0,0.0,0.0,0.0,0.0
centered-314380,absolute-314380,singleton,13,absolute_cosine,13,0,-0.5384615384615375,-0.9999999999999982,-0.9999999999999993,0.999999999999999
centered-314380,absolute-314380,singleton,13,absolute_weighted_norm_ratio,13,0,0.01881402195811925,0.018281119193654227,0.00028465160375256636,0.042859103166477806
centered-314380,absolute-314380,singleton,13,absolute_dmc_descent_factor,13,0,0.9900998977592043,0.984974006862658,0.9571408968335223,1.0370132322513104
centered-314380,absolute-314380,singleton,13,centered_cosine,0,13,,,,
centered-314380,absolute-314380,singleton,13,centered_weighted_norm_ratio,13,0,0.0,0.0,0.0,0.0
centered-314380,absolute-314380,singleton,13,centered_dmc_descent_factor,13,0,1.0,1.0,1.0,1.0
centered-314380,centered-314380,all,26,absolute_conflict,26,0,0.5,0.5,False,True
centered-314380,centered-314380,all,26,absolute_strong_conflict,26,0,0.46153846153846156,0.0,False,True
centered-314380,centered-314380,all,26,absolute_reverse_dmc,26,0,0,0.0,False,False
centered-314380,centered-314380,all,26,centered_conflict,13,13,0.38461538461538464,False,False,True
centered-314380,centered-314380,all,26,centered_strong_conflict,13,13,0.38461538461538464,False,False,True
centered-314380,centered-314380,all,26,centered_reverse_dmc,26,0,0,0.0,False,False
centered-314380,centered-314380,all,26,model_span,26,0,0.05823923074282133,0.014257118105888367,0.0,0.22729379683732986
centered-314380,centered-314380,all,26,model_top_gap,13,13,0.028047961111252125,0.010288886725902557,0.00025691837072372437,0.10811561718583107
centered-314380,centered-314380,all,26,teacher_top_gap,13,13,0.3451335286864868,0.007816314697265625,0.0,1.600000023841858
centered-314380,centered-314380,all,26,top1,26,0,0.8846153846153846,1.0,0,1
centered-314380,centered-314380,all,26,teacher_regret,26,0,0.012822420551226689,0.0,0.0,0.3215465247631073
centered-314380,centered-314380,all,26,saturation_fraction,26,0,0.0,0.0,0.0,0.0
centered-314380,centered-314380,all,26,tanh_slope_mean,26,0,0.9823002088005153,0.9929647253603032,0.8688509941536573,0.9999865908204617
centered-314380,centered-314380,all,26,loss_dmc,26,0,0.9962592377112462,1.0297680497169495,0.4880705177783966,1.8554388284683228
centered-314380,centered-314380,all,26,loss_absolute,26,0,0.27421744298873396,0.19481439143419266,1.3409179700829554e-05,0.6643984913825989
centered-314380,centered-314380,all,26,loss_centered,26,0,0.17774290018356764,0.05481696128845215,0.0,0.5564298033714294
centered-314380,centered-314380,all,26,absolute_cosine,26,0,0.017873011265372333,0.2194115263223882,-0.9999999999999992,0.9999999999999989
centered-314380,centered-314380,all,26,absolute_weighted_norm_ratio,26,0,0.0252196674659267,0.02358415081928038,0.0003675313107439447,0.06066731625571722
centered-314380,centered-314380,all,26,absolute_dmc_descent_factor,26,0,0.9966500741480937,1.000884735803456,0.9410868863867583,1.050777861286799
centered-314380,centered-314380,all,26,centered_cosine,13,13,0.02407446625075691,0.02394394798037743,-0.39682634281666296,0.44287351046928075
centered-314380,centered-314380,all,26,centered_weighted_norm_ratio,26,0,0.006239446437697921,0.0012570276928814455,0.0,0.022433008544873394
centered-314380,centered-314380,all,26,centered_dmc_descent_factor,26,0,1.000438250602092,1.0,0.9970658002009224,1.0062077372880973
centered-314380,centered-314380,multi,13,absolute_conflict,13,0,0.5384615384615384,True,False,True
centered-314380,centered-314380,multi,13,absolute_strong_conflict,13,0,0.46153846153846156,False,False,True
centered-314380,centered-314380,multi,13,absolute_reverse_dmc,13,0,0,False,False,False
centered-314380,centered-314380,multi,13,centered_conflict,13,0,0.38461538461538464,False,False,True
centered-314380,centered-314380,multi,13,centered_strong_conflict,13,0,0.38461538461538464,False,False,True
centered-314380,centered-314380,multi,13,centered_reverse_dmc,13,0,0,False,False,False
centered-314380,centered-314380,multi,13,model_span,13,0,0.11647846148564266,0.10700693354010582,0.028514236211776733,0.22729379683732986
centered-314380,centered-314380,multi,13,model_top_gap,13,0,0.028047961111252125,0.010288886725902557,0.00025691837072372437,0.10811561718583107
centered-314380,centered-314380,multi,13,teacher_top_gap,13,0,0.3451335286864868,0.007816314697265625,0.0,1.600000023841858
centered-314380,centered-314380,multi,13,top1,13,0,0.7692307692307693,1,0,1
centered-314380,centered-314380,multi,13,teacher_regret,13,0,0.025644841102453377,0.0,0.0,0.3215465247631073
centered-314380,centered-314380,multi,13,saturation_fraction,13,0,0.0,0.0,0.0,0.0
centered-314380,centered-314380,multi,13,tanh_slope_mean,13,0,0.9865803294167204,0.9921343082589723,0.9183381756964435,0.998800136672432
centered-314380,centered-314380,multi,13,loss_dmc,13,0,0.9750228501283206,1.0267683267593384,0.48882201313972473,1.2921099662780762
centered-314380,centered-314380,multi,13,loss_absolute,13,0,0.5264549736793225,0.561373233795166,0.2584797739982605,0.6643984913825989
centered-314380,centered-314380,multi,13,loss_centered,13,0,0.3554858003671353,0.37817418575286865,0.1096339225769043,0.5564298033714294
centered-314380,centered-314380,multi,13,absolute_cosine,13,0,-0.04117705439233214,-0.06836200296110219,-0.9953100835255492,0.9760845182677701
centered-314380,centered-314380,multi,13,absolute_weighted_norm_ratio,13,0,0.03953926247443685,0.04017485020468064,0.015686175239941466,0.06066731625571722
centered-314380,centered-314380,multi,13,absolute_dmc_descent_factor,13,0,0.9958011664237533,0.9989276616417988,0.9410868863867583,1.050777861286799
centered-314380,centered-314380,multi,13,centered_cosine,13,0,0.02407446625075691,0.02394394798037743,-0.39682634281666296,0.44287351046928075
centered-314380,centered-314380,multi,13,centered_weighted_norm_ratio,13,0,0.012478892875395843,0.013105897982773606,0.002514055385762891,0.022433008544873394
centered-314380,centered-314380,multi,13,centered_dmc_descent_factor,13,0,1.0008765012041838,1.0003131901682172,0.9970658002009224,1.0062077372880973
centered-314380,centered-314380,singleton,13,absolute_conflict,13,0,0.46153846153846156,False,False,True
centered-314380,centered-314380,singleton,13,absolute_strong_conflict,13,0,0.46153846153846156,False,False,True
centered-314380,centered-314380,singleton,13,absolute_reverse_dmc,13,0,0,False,False,False
centered-314380,centered-314380,singleton,13,centered_conflict,0,13,,,,
centered-314380,centered-314380,singleton,13,centered_strong_conflict,0,13,,,,
centered-314380,centered-314380,singleton,13,centered_reverse_dmc,13,0,0,False,False,False
centered-314380,centered-314380,singleton,13,model_span,13,0,0.0,0.0,0.0,0.0
centered-314380,centered-314380,singleton,13,model_top_gap,0,13,,,,
centered-314380,centered-314380,singleton,13,teacher_top_gap,0,13,,,,
centered-314380,centered-314380,singleton,13,top1,13,0,1,1,1,1
centered-314380,centered-314380,singleton,13,teacher_regret,13,0,0.0,0.0,0.0,0.0
centered-314380,centered-314380,singleton,13,saturation_fraction,13,0,0.0,0.0,0.0,0.0
centered-314380,centered-314380,singleton,13,tanh_slope_mean,13,0,0.9780200881843103,0.9951356811598946,0.8688509941536573,0.9999865908204617
centered-314380,centered-314380,singleton,13,loss_dmc,13,0,1.0174956252941718,1.0441501140594482,0.4880705177783966,1.8554388284683228
centered-314380,centered-314380,singleton,13,loss_absolute,13,0,0.021979912298145513,0.004864318761974573,1.3409179700829554e-05,0.13114900887012482
centered-314380,centered-314380,singleton,13,loss_centered,13,0,0.0,0.0,0.0,0.0
centered-314380,centered-314380,singleton,13,absolute_cosine,13,0,0.0769230769230768,0.9999999999999978,-0.9999999999999992,0.9999999999999989
centered-314380,centered-314380,singleton,13,absolute_weighted_norm_ratio,13,0,0.01090007245741655,0.007497368043660882,0.0003675313107439447,0.04313923907862823
centered-314380,centered-314380,singleton,13,absolute_dmc_descent_factor,13,0,0.997498981872434,1.002137002917656,0.9568607609213718,1.0265863784038087
centered-314380,centered-314380,singleton,13,centered_cosine,0,13,,,,
centered-314380,centered-314380,singleton,13,centered_weighted_norm_ratio,13,0,0.0,0.0,0.0,0.0
centered-314380,centered-314380,singleton,13,centered_dmc_descent_factor,13,0,1.0,1.0,1.0,1.0
centered-314380,teacher-314381,all,26,absolute_conflict,26,0,0.46153846153846156,0.0,False,True
centered-314380,teacher-314381,all,26,absolute_strong_conflict,26,0,0.46153846153846156,0.0,False,True
centered-314380,teacher-314381,all,26,absolute_reverse_dmc,26,0,0,0.0,False,False
centered-314380,teacher-314381,all,26,centered_conflict,13,13,0.5384615384615384,True,False,True
centered-314380,teacher-314381,all,26,centered_strong_conflict,13,13,0.3076923076923077,False,False,True
centered-314380,teacher-314381,all,26,centered_reverse_dmc,26,0,0,0.0,False,False
centered-314380,teacher-314381,all,26,model_span,26,0,0.5533633641898632,0.09924320876598358,0.0,1.3730196058750153
centered-314380,teacher-314381,all,26,model_top_gap,13,13,0.2074397217768889,0.009029686450958252,0.0030434727668762207,1.3284461796283722
centered-314380,teacher-314381,all,26,teacher_top_gap,13,13,0.3451335286864868,0.007816314697265625,0.0,1.600000023841858
centered-314380,teacher-314381,all,26,top1,26,0,0.8461538461538461,1.0,0,1
centered-314380,teacher-314381,all,26,teacher_regret,26,0,0.01306118300327888,0.0,0.0,0.32219091057777405
centered-314380,teacher-314381,all,26,saturation_fraction,26,0,0.0,0.0,0.0,0.0
centered-314380,teacher-314381,all,26,tanh_slope_mean,26,0,0.759665871268192,0.851134294163884,0.3033516807382142,0.9999802091574083
centered-314380,teacher-314381,all,26,loss_dmc,26,0,1.457347062846216,1.2220693230628967,0.011719951406121254,3.725714683532715
centered-314380,teacher-314381,all,26,loss_absolute,26,0,0.08240716496185577,0.04229244031012058,1.9790842998190783e-05,0.683803915977478
centered-314380,teacher-314381,all,26,loss_centered,26,0,0.03205360737271034,0.004326340276747942,0.0,0.3075355887413025
centered-314380,teacher-314381,all,26,absolute_cosine,26,0,0.0869452476638634,0.4493678467817551,-0.9999999999999983,0.9999999999999988
centered-314380,teacher-314381,all,26,absolute_weighted_norm_ratio,26,0,0.045048888035492445,0.018493517493745892,0.00044289872402715843,0.31474494528261987
centered-314380,teacher-314381,all,26,absolute_dmc_descent_factor,26,0,0.9860332007891006,1.0012542265545639,0.8178969388146791,1.0424609624866723
centered-314380,teacher-314381,all,26,centered_cosine,13,13,0.023045527959616317,-0.011302333851974345,-0.9423081363259188,0.7520321393175657
centered-314380,teacher-314381,all,26,centered_weighted_norm_ratio,26,0,0.015212810679241903,0.0006358565060401898,0.0,0.1066326056368389
centered-314380,teacher-314381,all,26,centered_dmc_descent_factor,26,0,1.0005919910002172,1.0,0.9767651117920266,1.0402962558922948
centered-314380,teacher-314381,multi,13,absolute_conflict,13,0,0.5384615384615384,True,False,True
centered-314380,teacher-314381,multi,13,absolute_strong_conflict,13,0,0.5384615384615384,True,False,True
centered-314380,teacher-314381,multi,13,absolute_reverse_dmc,13,0,0,False,False,False
centered-314380,teacher-314381,multi,13,centered_conflict,13,0,0.5384615384615384,True,False,True
centered-314380,teacher-314381,multi,13,centered_strong_conflict,13,0,0.3076923076923077,False,False,True
centered-314380,teacher-314381,multi,13,centered_reverse_dmc,13,0,0,False,False,False
centered-314380,teacher-314381,multi,13,model_span,13,0,1.1067267283797264,1.1758888959884644,0.19848641753196716,1.3730196058750153
centered-314380,teacher-314381,multi,13,model_top_gap,13,0,0.2074397217768889,0.009029686450958252,0.0030434727668762207,1.3284461796283722
centered-314380,teacher-314381,multi,13,teacher_top_gap,13,0,0.3451335286864868,0.007816314697265625,0.0,1.600000023841858
centered-314380,teacher-314381,multi,13,top1,13,0,0.6923076923076923,1,0,1
centered-314380,teacher-314381,multi,13,teacher_regret,13,0,0.02612236600655776,0.0,0.0,0.32219091057777405
centered-314380,teacher-314381,multi,13,saturation_fraction,13,0,0.0,0.0,0.0,0.0
centered-314380,teacher-314381,multi,13,tanh_slope_mean,13,0,0.5491953641431976,0.5145262953166134,0.3033516807382142,0.8034241614905824
centered-314380,teacher-314381,multi,13,loss_dmc,13,0,1.7730193090840027,1.9987421035766602,0.011719951406121254,3.725714683532715
centered-314380,teacher-314381,multi,13,loss_absolute,13,0,0.1349507078814965,0.10409380495548248,0.016427218914031982,0.683803915977478
centered-314380,teacher-314381,multi,13,loss_centered,13,0,0.06410721474542068,0.04686747491359711,0.008652680553495884,0.3075355887413025
centered-314380,teacher-314381,multi,13,absolute_cosine,13,0,-0.05687873544150369,-0.27224299788313666,-0.9648876869567035,0.9951912845279931
centered-314380,teacher-314381,multi,13,absolute_weighted_norm_ratio,13,0,0.07743113361921852,0.038689876095573256,0.0034717531749469863,0.31474494528261987
centered-314380,teacher-314381,multi,13,absolute_dmc_descent_factor,13,0,0.9693921397933715,0.997105456982528,0.8178969388146791,1.0424609624866723
centered-314380,teacher-314381,multi,13,centered_cosine,13,0,0.023045527959616317,-0.011302333851974345,-0.9423081363259188,0.7520321393175657
centered-314380,teacher-314381,multi,13,centered_weighted_norm_ratio,13,0,0.030425621358483805,0.014100239608217845,0.0012717130120803795,0.1066326056368389
centered-314380,teacher-314381,multi,13,centered_dmc_descent_factor,13,0,1.0011839820004345,0.9998191435229697,0.9767651117920266,1.0402962558922948
centered-314380,teacher-314381,singleton,13,absolute_conflict,13,0,0.38461538461538464,False,False,True
centered-314380,teacher-314381,singleton,13,absolute_strong_conflict,13,0,0.38461538461538464,False,False,True
centered-314380,teacher-314381,singleton,13,absolute_reverse_dmc,13,0,0,False,False,False
centered-314380,teacher-314381,singleton,13,centered_conflict,0,13,,,,
centered-314380,teacher-314381,singleton,13,centered_strong_conflict,0,13,,,,
centered-314380,teacher-314381,singleton,13,centered_reverse_dmc,13,0,0,False,False,False
centered-314380,teacher-314381,singleton,13,model_span,13,0,0.0,0.0,0.0,0.0
centered-314380,teacher-314381,singleton,13,model_top_gap,0,13,,,,
centered-314380,teacher-314381,singleton,13,teacher_top_gap,0,13,,,,
centered-314380,teacher-314381,singleton,13,top1,13,0,1,1,1,1
centered-314380,teacher-314381,singleton,13,teacher_regret,13,0,0.0,0.0,0.0,0.0
centered-314380,teacher-314381,singleton,13,saturation_fraction,13,0,0.0,0.0,0.0,0.0
centered-314380,teacher-314381,singleton,13,tanh_slope_mean,13,0,0.9701363783931862,0.9919549795412477,0.8988444268371856,0.9999802091574083
centered-314380,teacher-314381,singleton,13,loss_dmc,13,0,1.141674816608429,1.0426273345947266,0.469791054725647,1.7372549772262573
centered-314380,teacher-314381,singleton,13,loss_absolute,13,0,0.029863622042215026,0.008045020513236523,1.9790842998190783e-05,0.10115557163953781
centered-314380,teacher-314381,singleton,13,loss_centered,13,0,0.0,0.0,0.0,0.0
centered-314380,teacher-314381,singleton,13,absolute_cosine,13,0,0.23076923076923048,0.999999999999998,-0.9999999999999983,0.9999999999999988
centered-314380,teacher-314381,singleton,13,absolute_weighted_norm_ratio,13,0,0.012666642451766368,0.009853174978618404,0.00044289872402715843,0.04589742340200378
centered-314380,teacher-314381,singleton,13,absolute_dmc_descent_factor,13,0,1.0026742617848299,1.0020655543851003,0.9541025765979964,1.0241303229608854
centered-314380,teacher-314381,singleton,13,centered_cosine,0,13,,,,
centered-314380,teacher-314381,singleton,13,centered_weighted_norm_ratio,13,0,0.0,0.0,0.0,0.0
centered-314380,teacher-314381,singleton,13,centered_dmc_descent_factor,13,0,1.0,1.0,1.0,1.0
centered-314380,absolute-314381,all,26,absolute_conflict,26,0,0.5384615384615384,1.0,False,True
centered-314380,absolute-314381,all,26,absolute_strong_conflict,26,0,0.5384615384615384,1.0,False,True
centered-314380,absolute-314381,all,26,absolute_reverse_dmc,26,0,0,0.0,False,False
centered-314380,absolute-314381,all,26,centered_conflict,13,13,0.6923076923076923,True,False,True
centered-314380,absolute-314381,all,26,centered_strong_conflict,13,13,0.6153846153846154,True,False,True
centered-314380,absolute-314381,all,26,centered_reverse_dmc,26,0,0,0.0,False,False
centered-314380,absolute-314381,all,26,model_span,26,0,0.19996763145228705,0.02721579372882843,0.0,0.7262988835573196
centered-314380,absolute-314381,all,26,model_top_gap,13,13,0.08935281997904755,0.020954668521881104,0.0006428509950637817,0.4346843140665442
centered-314380,absolute-314381,all,26,teacher_top_gap,13,13,0.3451335286864868,0.007816314697265625,0.0,1.600000023841858
centered-314380,absolute-314381,all,26,top1,26,0,0.7692307692307693,1.0,0,1
centered-314380,absolute-314381,all,26,teacher_regret,26,0,0.013414017282999478,0.0,0.0,0.32219091057777405
centered-314380,absolute-314381,all,26,saturation_fraction,26,0,0.0,0.0,0.0,0.0
centered-314380,absolute-314381,all,26,tanh_slope_mean,26,0,0.8964498609881938,0.9221731579763017,0.5890023436783025,0.9997965700890385
centered-314380,absolute-314381,all,26,loss_dmc,26,0,1.011147884795299,0.9731574654579163,0.15657182037830353,2.6931796073913574
centered-314380,absolute-314381,all,26,loss_absolute,26,0,0.268781181653769,0.25685132294893265,0.00020342991047073156,0.7450699806213379
centered-314380,absolute-314381,all,26,loss_centered,26,0,0.126601515767666,0.030339691787958145,0.0,0.43834835290908813
centered-314380,absolute-314381,all,26,absolute_cosine,26,0,-0.07274203934350311,-0.5750538548517865,-0.9999999999999984,0.9999999999999991
centered-314380,absolute-314381,all,26,absolute_weighted_norm_ratio,26,0,0.04191205343100021,0.0331088305470342,0.001446925956409371,0.15272208661149425
centered-314380,absolute-314381,all,26,absolute_dmc_descent_factor,26,0,0.9811625102410542,0.9983981825624437,0.8472779133885061,1.046342703220368
centered-314380,absolute-314381,all,26,centered_cosine,13,13,-0.21799004255258947,-0.3851750862562196,-0.652590099295324,0.356648519798233
centered-314380,absolute-314381,all,26,centered_weighted_norm_ratio,26,0,0.007179315522865171,0.0013080200372776337,0.0,0.030912450107973326
centered-314380,absolute-314381,all,26,centered_dmc_descent_factor,26,0,0.9981836499530136,1.0,0.9856497030523692,1.0039024899305657
centered-314380,absolute-314381,multi,13,absolute_conflict,13,0,0.6153846153846154,True,False,True
centered-314380,absolute-314381,multi,13,absolute_strong_conflict,13,0,0.6153846153846154,True,False,True
centered-314380,absolute-314381,multi,13,absolute_reverse_dmc,13,0,0,False,False,False
centered-314380,absolute-314381,multi,13,centered_conflict,13,0,0.6923076923076923,True,False,True
centered-314380,absolute-314381,multi,13,centered_strong_conflict,13,0,0.6153846153846154,True,False,True
centered-314380,absolute-314381,multi,13,centered_reverse_dmc,13,0,0,False,False,False
centered-314380,absolute-314381,multi,13,model_span,13,0,0.3999352629045741,0.40853367233648896,0.05443158745765686,0.7262988835573196
centered-314380,absolute-314381,multi,13,model_top_gap,13,0,0.08935281997904755,0.020954668521881104,0.0006428509950637817,0.4346843140665442
centered-314380,absolute-314381,multi,13,teacher_top_gap,13,0,0.3451335286864868,0.007816314697265625,0.0,1.600000023841858
centered-314380,absolute-314381,multi,13,top1,13,0,0.5384615384615384,1,0,1
centered-314380,absolute-314381,multi,13,teacher_regret,13,0,0.026828034565998957,0.0,0.0,0.32219091057777405
centered-314380,absolute-314381,multi,13,saturation_fraction,13,0,0.0,0.0,0.0,0.0
centered-314380,absolute-314381,multi,13,tanh_slope_mean,13,0,0.9213805167164107,0.9290340868327881,0.7911390454481937,0.9731530588656118
centered-314380,absolute-314381,multi,13,loss_dmc,13,0,0.9023915047828968,0.82728511095047,0.25676268339157104,1.7662241458892822
centered-314380,absolute-314381,multi,13,loss_absolute,13,0,0.40908156679226804,0.3871060311794281,0.1260475218296051,0.7450699806213379
centered-314380,absolute-314381,multi,13,loss_centered,13,0,0.253203031535332,0.24378156661987305,0.06067938357591629,0.43834835290908813
centered-314380,absolute-314381,multi,13,absolute_cosine,13,0,-0.22240715561008312,-0.6652957100397671,-0.9806572116572753,0.9937621159832436
centered-314380,absolute-314381,multi,13,absolute_weighted_norm_ratio,13,0,0.042615378941640275,0.04651197894665918,0.010178443479020098,0.07537726926229817
centered-314380,absolute-314381,multi,13,absolute_dmc_descent_factor,13,0,0.9828072986365944,0.9865236876789227,0.9269574875706786,1.046342703220368
centered-314380,absolute-314381,multi,13,centered_cosine,13,0,-0.21799004255258947,-0.3851750862562196,-0.652590099295324,0.356648519798233
centered-314380,absolute-314381,multi,13,centered_weighted_norm_ratio,13,0,0.014358631045730342,0.010528473105591423,0.0026160400745552674,0.030912450107973326
centered-314380,absolute-314381,multi,13,centered_dmc_descent_factor,13,0,0.9963672999060271,0.9980354040594904,0.9856497030523692,1.0039024899305657
centered-314380,absolute-314381,singleton,13,absolute_conflict,13,0,0.46153846153846156,False,False,True
centered-314380,absolute-314381,singleton,13,absolute_strong_conflict,13,0,0.46153846153846156,False,False,True
centered-314380,absolute-314381,singleton,13,absolute_reverse_dmc,13,0,0,False,False,False
centered-314380,absolute-314381,singleton,13,centered_conflict,0,13,,,,
centered-314380,absolute-314381,singleton,13,centered_strong_conflict,0,13,,,,
centered-314380,absolute-314381,singleton,13,centered_reverse_dmc,13,0,0,False,False,False
centered-314380,absolute-314381,singleton,13,model_span,13,0,0.0,0.0,0.0,0.0
centered-314380,absolute-314381,singleton,13,model_top_gap,0,13,,,,
centered-314380,absolute-314381,singleton,13,teacher_top_gap,0,13,,,,
centered-314380,absolute-314381,singleton,13,top1,13,0,1,1,1,1
centered-314380,absolute-314381,singleton,13,teacher_regret,13,0,0.0,0.0,0.0,0.0
centered-314380,absolute-314381,singleton,13,saturation_fraction,13,0,0.0,0.0,0.0,0.0
centered-314380,absolute-314381,singleton,13,tanh_slope_mean,13,0,0.8715192052599768,0.9201276466156827,0.5890023436783025,0.9997965700890385
centered-314380,absolute-314381,singleton,13,loss_dmc,13,0,1.119904264807701,1.1336336135864258,0.15657182037830353,2.6931796073913574
centered-314380,absolute-314381,singleton,13,loss_absolute,13,0,0.12848079651527,0.07987235486507416,0.00020342991047073156,0.4109976589679718
centered-314380,absolute-314381,singleton,13,loss_centered,13,0,0.0,0.0,0.0,0.0
centered-314380,absolute-314381,singleton,13,absolute_cosine,13,0,0.0769230769230769,0.9999999999999972,-0.9999999999999984,0.9999999999999991
centered-314380,absolute-314381,singleton,13,absolute_weighted_norm_ratio,13,0,0.04120872792036014,0.022034400088965296,0.001446925956409371,0.15272208661149425
centered-314380,absolute-314381,singleton,13,absolute_dmc_descent_factor,13,0,0.9795177218455139,1.00607880204525,0.8472779133885061,1.0390649268451813
centered-314380,absolute-314381,singleton,13,centered_cosine,0,13,,,,
centered-314380,absolute-314381,singleton,13,centered_weighted_norm_ratio,13,0,0.0,0.0,0.0,0.0
centered-314380,absolute-314381,singleton,13,centered_dmc_descent_factor,13,0,1.0,1.0,1.0,1.0
centered-314380,centered-314381,all,26,absolute_conflict,26,0,0.4230769230769231,0.0,False,True
centered-314380,centered-314381,all,26,absolute_strong_conflict,26,0,0.4230769230769231,0.0,False,True
centered-314380,centered-314381,all,26,absolute_reverse_dmc,26,0,0,0.0,False,False
centered-314380,centered-314381,all,26,centered_conflict,13,13,0.6153846153846154,True,False,True
centered-314380,centered-314381,all,26,centered_strong_conflict,13,13,0.38461538461538464,False,False,True
centered-314380,centered-314381,all,26,centered_reverse_dmc,26,0,0,0.0,False,False
centered-314380,centered-314381,all,26,model_span,26,0,0.09868163190996991,0.04618316167034209,0.0,0.46751541644334793
centered-314380,centered-314381,all,26,model_top_gap,13,13,0.03650266687887219,0.016945570707321167,0.001505980733782053,0.13791685923933983
centered-314380,centered-314381,all,26,teacher_top_gap,13,13,0.3451335286864868,0.007816314697265625,0.0,1.600000023841858
centered-314380,centered-314381,all,26,top1,26,0,0.8461538461538461,1.0,0,1
centered-314380,centered-314381,all,26,teacher_regret,26,0,0.000721431695497953,0.0,0.0,0.009375035762786865
centered-314380,centered-314381,all,26,saturation_fraction,26,0,0.0,0.0,0.0,0.0
centered-314380,centered-314381,all,26,tanh_slope_mean,26,0,0.9673646520972567,0.9806558438868865,0.7763363278772877,0.999079252177162
centered-314380,centered-314381,all,26,loss_dmc,26,0,1.0256140793745334,0.9751746654510498,0.3506679832935333,2.169525384902954
centered-314380,centered-314381,all,26,loss_absolute,26,0,0.2730952457909902,0.21615051478147507,0.0011489061871543527,0.6963807344436646
centered-314380,centered-314381,all,26,loss_centered,26,0,0.16548488260461733,0.04932946339249611,0.0,0.5344217419624329
centered-314380,centered-314381,all,26,absolute_cosine,26,0,0.13044095440375766,0.7297807575168255,-0.9999999999999989,0.999999999999999
centered-314380,centered-314381,all,26,absolute_weighted_norm_ratio,26,0,0.03083131758598666,0.02515542448803074,0.0032784279806173005,0.07691230422858542
centered-314380,centered-314381,all,26,absolute_dmc_descent_factor,26,0,0.996469420758909,1.0062149670242926,0.9234186924840098,1.0519646092714643
centered-314380,centered-314381,all,26,centered_cosine,13,13,-0.010852238197343319,-0.03192848923667877,-0.3442293863509765,0.3978797691810951
centered-314380,centered-314381,all,26,centered_weighted_norm_ratio,26,0,0.007555165601158754,0.00225869892417616,0.0,0.025719033394567475
centered-314380,centered-314381,all,26,centered_dmc_descent_factor,26,0,1.000139429629582,1.0,0.993963884947367,1.008556905944111
centered-314380,centered-314381,multi,13,absolute_conflict,13,0,0.46153846153846156,False,False,True
centered-314380,centered-314381,multi,13,absolute_strong_conflict,13,0,0.46153846153846156,False,False,True
centered-314380,centered-314381,multi,13,absolute_reverse_dmc,13,0,0,False,False,False
centered-314380,centered-314381,multi,13,centered_conflict,13,0,0.6153846153846154,True,False,True
centered-314380,centered-314381,multi,13,centered_strong_conflict,13,0,0.38461538461538464,False,False,True
centered-314380,centered-314381,multi,13,centered_reverse_dmc,13,0,0,False,False,False
centered-314380,centered-314381,multi,13,model_span,13,0,0.19736326381993982,0.16793499141931534,0.09236632334068418,0.46751541644334793
centered-314380,centered-314381,multi,13,model_top_gap,13,0,0.03650266687887219,0.016945570707321167,0.001505980733782053,0.13791685923933983
centered-314380,centered-314381,multi,13,teacher_top_gap,13,0,0.3451335286864868,0.007816314697265625,0.0,1.600000023841858
centered-314380,centered-314381,multi,13,top1,13,0,0.6923076923076923,1,0,1
centered-314380,centered-314381,multi,13,teacher_regret,13,0,0.001442863390995906,0.0,0.0,0.009375035762786865
centered-314380,centered-314381,multi,13,saturation_fraction,13,0,0.0,0.0,0.0,0.0
centered-314380,centered-314381,multi,13,tanh_slope_mean,13,0,0.9764842260875878,0.9764806891175632,0.921022360844406,0.999079252177162
centered-314380,centered-314381,multi,13,loss_dmc,13,0,0.9503643879523644,0.9047617316246033,0.6323612332344055,1.289968490600586
centered-314380,centered-314381,multi,13,loss_absolute,13,0,0.5044355690479279,0.5228410363197327,0.20863735675811768,0.6963807344436646
centered-314380,centered-314381,multi,13,loss_centered,13,0,0.33096976520923466,0.35302290320396423,0.09865892678499222,0.5344217419624329
centered-314380,centered-314381,multi,13,absolute_cosine,13,0,0.030112678038284855,0.45984575788134985,-0.995696440044086,0.9815466482946315
centered-314380,centered-314381,multi,13,absolute_weighted_norm_ratio,13,0,0.04496686696752175,0.04403948926501045,0.020468539709740628,0.07691230422858542
centered-314380,centered-314381,multi,13,absolute_dmc_descent_factor,13,0,0.9944662042048007,1.0094123711555503,0.9234186924840098,1.0519646092714643
centered-314380,centered-314381,multi,13,centered_cosine,13,0,-0.010852238197343319,-0.03192848923667877,-0.3442293863509765,0.3978797691810951
centered-314380,centered-314381,multi,13,centered_weighted_norm_ratio,13,0,0.015110331202317508,0.016890091673258268,0.00451739784835232,0.025719033394567475
centered-314380,centered-314381,multi,13,centered_dmc_descent_factor,13,0,1.000278859259164,0.9995616313253074,0.993963884947367,1.008556905944111
centered-314380,centered-314381,singleton,13,absolute_conflict,13,0,0.38461538461538464,False,False,True
centered-314380,centered-314381,singleton,13,absolute_strong_conflict,13,0,0.38461538461538464,False,False,True
centered-314380,centered-314381,singleton,13,absolute_reverse_dmc,13,0,0,False,False,False
centered-314380,centered-314381,singleton,13,centered_conflict,0,13,,,,
centered-314380,centered-314381,singleton,13,centered_strong_conflict,0,13,,,,
centered-314380,centered-314381,singleton,13,centered_reverse_dmc,13,0,0,False,False,False
centered-314380,centered-314381,singleton,13,model_span,13,0,0.0,0.0,0.0,0.0
centered-314380,centered-314381,singleton,13,model_top_gap,0,13,,,,
centered-314380,centered-314381,singleton,13,teacher_top_gap,0,13,,,,
centered-314380,centered-314381,singleton,13,top1,13,0,1,1,1,1
centered-314380,centered-314381,singleton,13,teacher_regret,13,0,0.0,0.0,0.0,0.0
centered-314380,centered-314381,singleton,13,saturation_fraction,13,0,0.0,0.0,0.0,0.0
centered-314380,centered-314381,singleton,13,tanh_slope_mean,13,0,0.9582450781069256,0.9807292041165085,0.7763363278772877,0.998851093816753
centered-314380,centered-314381,singleton,13,loss_dmc,13,0,1.1008637707967024,1.0986918210983276,0.3506679832935333,2.169525384902954
centered-314380,centered-314381,singleton,13,loss_absolute,13,0,0.041754922534052566,0.019270796328783035,0.0011489061871543527,0.22366367280483246
centered-314380,centered-314381,singleton,13,loss_centered,13,0,0.0,0.0,0.0,0.0
centered-314380,centered-314381,singleton,13,absolute_cosine,13,0,0.23076923076923048,0.9999999999999982,-0.9999999999999989,0.999999999999999
centered-314380,centered-314381,singleton,13,absolute_weighted_norm_ratio,13,0,0.016695768204451563,0.012189754979372053,0.0032784279806173005,0.06886977523794817
centered-314380,centered-314381,singleton,13,absolute_dmc_descent_factor,13,0,0.9984726373130173,1.0045969966553285,0.9311302247620519,1.032108156403652
centered-314380,centered-314381,singleton,13,centered_cosine,0,13,,,,
centered-314380,centered-314381,singleton,13,centered_weighted_norm_ratio,13,0,0.0,0.0,0.0,0.0
centered-314380,centered-314381,singleton,13,centered_dmc_descent_factor,13,0,1.0,1.0,1.0,1.0
centered-314380,teacher-314382,all,26,absolute_conflict,26,0,0.46153846153846156,0.0,False,True
centered-314380,teacher-314382,all,26,absolute_strong_conflict,26,0,0.46153846153846156,0.0,False,True
centered-314380,teacher-314382,all,26,absolute_reverse_dmc,26,0,0,0.0,False,False
centered-314380,teacher-314382,all,26,centered_conflict,13,13,0.46153846153846156,False,False,True
centered-314380,teacher-314382,all,26,centered_strong_conflict,13,13,0.38461538461538464,False,False,True
centered-314380,teacher-314382,all,26,centered_reverse_dmc,26,0,0,0.0,False,False
centered-314380,teacher-314382,all,26,model_span,26,0,0.568199271766039,0.10112510621547699,0.0,1.4997023940086365
centered-314380,teacher-314382,all,26,model_top_gap,13,13,0.2264889489966803,0.014719843864440918,0.0010225772857666016,1.2705819308757782
centered-314380,teacher-314382,all,26,teacher_top_gap,13,13,0.3451335286864868,0.007816314697265625,0.0,1.600000023841858
centered-314380,teacher-314382,all,26,top1,26,0,0.8846153846153846,1.0,0,1
centered-314380,teacher-314382,all,26,teacher_regret,26,0,0.0004421862272115854,0.0,0.0,0.009467482566833496
centered-314380,teacher-314382,all,26,saturation_fraction,26,0,0.0,0.0,0.0,0.0
centered-314380,teacher-314382,all,26,tanh_slope_mean,26,0,0.7413902330389703,0.8015447513190251,0.30383383258377705,0.9973857375246898
centered-314380,teacher-314382,all,26,loss_dmc,26,0,1.4739396039109964,1.25576913356781,0.013049876317381859,3.7269206047058105
centered-314380,teacher-314382,all,26,loss_absolute,26,0,0.08991799045067567,0.06454943865537643,0.0026142625138163567,0.7920677661895752
centered-314380,teacher-314382,all,26,loss_centered,26,0,0.032316649350552604,0.003433764213696122,0.0,0.31411707401275635
centered-314380,teacher-314382,all,26,absolute_cosine,26,0,0.06863276500509265,0.39936099521664303,-0.9999999999999981,0.9999999999999984
centered-314380,teacher-314382,all,26,absolute_weighted_norm_ratio,26,0,0.06271128312235197,0.019492500740856143,0.0012510369265200006,0.8039023483082034
centered-314380,teacher-314382,all,26,absolute_dmc_descent_factor,26,0,0.9765729338373937,1.0019310608583656,0.45272385954079797,1.04489834911384
centered-314380,teacher-314382,all,26,centered_cosine,13,13,0.08978095083738113,0.012638920278790709,-0.9533758007490527,0.8712433890553438
centered-314380,teacher-314382,all,26,centered_weighted_norm_ratio,26,0,0.02214794913196786,0.00041306756273533357,0.0,0.2674058335718653
centered-314380,teacher-314382,all,26,centered_dmc_descent_factor,26,0,0.9964294047692006,1.0,0.8698706145611633,1.0200592389979237
centered-314380,teacher-314382,multi,13,absolute_conflict,13,0,0.46153846153846156,False,False,True
centered-314380,teacher-314382,multi,13,absolute_strong_conflict,13,0,0.46153846153846156,False,False,True
centered-314380,teacher-314382,multi,13,absolute_reverse_dmc,13,0,0,False,False,False
centered-314380,teacher-314382,multi,13,centered_conflict,13,0,0.46153846153846156,False,False,True
centered-314380,teacher-314382,multi,13,centered_strong_conflict,13,0,0.38461538461538464,False,False,True
centered-314380,teacher-314382,multi,13,centered_reverse_dmc,13,0,0,False,False,False
centered-314380,teacher-314382,multi,13,model_span,13,0,1.136398543532078,1.1397347450256348,0.20225021243095398,1.4997023940086365
centered-314380,teacher-314382,multi,13,model_top_gap,13,0,0.2264889489966803,0.014719843864440918,0.0010225772857666016,1.2705819308757782
centered-314380,teacher-314382,multi,13,teacher_top_gap,13,0,0.3451335286864868,0.007816314697265625,0.0,1.600000023841858
centered-314380,teacher-314382,multi,13,top1,13,0,0.7692307692307693,1,0,1
centered-314380,teacher-314382,multi,13,teacher_regret,13,0,0.0008843724544231708,0.0,0.0,0.009467482566833496
centered-314380,teacher-314382,multi,13,saturation_fraction,13,0,0.0,0.0,0.0,0.0
centered-314380,teacher-314382,multi,13,tanh_slope_mean,13,0,0.5251177947383958,0.5327142043918464,0.30383383258377705,0.7365245347748133
centered-314380,teacher-314382,multi,13,loss_dmc,13,0,1.7783685338038664,2.171013355255127,0.013049876317381859,3.7269206047058105
centered-314380,teacher-314382,multi,13,loss_absolute,13,0,0.13749865220429805,0.08409467339515686,0.006988740526139736,0.7920677661895752
centered-314380,teacher-314382,multi,13,loss_centered,13,0,0.06463329870110521,0.043114591389894485,0.006867528427392244,0.31411707401275635
centered-314380,teacher-314382,multi,13,absolute_cosine,13,0,0.06034245308710846,0.3906224367931902,-0.9633384686424127,0.9918698670397814
centered-314380,teacher-314382,multi,13,absolute_weighted_norm_ratio,13,0,0.10963775164600316,0.03214510891321985,0.0012510369265200006,0.8039023483082034
centered-314380,teacher-314382,multi,13,absolute_dmc_descent_factor,13,0,0.9507459133974973,1.0011638483608032,0.45272385954079797,1.04489834911384
centered-314380,teacher-314382,multi,13,centered_cosine,13,0,0.08978095083738113,0.012638920278790709,-0.9533758007490527,0.8712433890553438
centered-314380,teacher-314382,multi,13,centered_weighted_norm_ratio,13,0,0.04429589826393572,0.011030288062215999,0.0008261351254706671,0.2674058335718653
centered-314380,teacher-314382,multi,13,centered_dmc_descent_factor,13,0,0.9928588095384011,1.000229220041463,0.8698706145611633,1.0200592389979237
centered-314380,teacher-314382,singleton,13,absolute_conflict,13,0,0.46153846153846156,False,False,True
centered-314380,teacher-314382,singleton,13,absolute_strong_conflict,13,0,0.46153846153846156,False,False,True
centered-314380,teacher-314382,singleton,13,absolute_reverse_dmc,13,0,0,False,False,False
centered-314380,teacher-314382,singleton,13,centered_conflict,0,13,,,,
centered-314380,teacher-314382,singleton,13,centered_strong_conflict,0,13,,,,
centered-314380,teacher-314382,singleton,13,centered_reverse_dmc,13,0,0,False,False,False
centered-314380,teacher-314382,singleton,13,model_span,13,0,0.0,0.0,0.0,0.0
centered-314380,teacher-314382,singleton,13,model_top_gap,0,13,,,,
centered-314380,teacher-314382,singleton,13,teacher_top_gap,0,13,,,,
centered-314380,teacher-314382,singleton,13,top1,13,0,1,1,1,1
centered-314380,teacher-314382,singleton,13,teacher_regret,13,0,0.0,0.0,0.0,0.0
centered-314380,teacher-314382,singleton,13,saturation_fraction,13,0,0.0,0.0,0.0,0.0
centered-314380,teacher-314382,singleton,13,tanh_slope_mean,13,0,0.9576626713395449,0.9927739928669455,0.866564967863237,0.9973857375246898
centered-314380,teacher-314382,singleton,13,loss_dmc,13,0,1.1695106740181263,1.1089075803756714,0.43991443514823914,1.8640100955963135
centered-314380,teacher-314382,singleton,13,loss_absolute,13,0,0.042337328697053284,0.007226007059216499,0.0026142625138163567,0.13343502581119537
centered-314380,teacher-314382,singleton,13,loss_centered,13,0,0.0,0.0,0.0,0.0
centered-314380,teacher-314382,singleton,13,absolute_cosine,13,0,0.07692307692307683,0.9999999999999972,-0.9999999999999981,0.9999999999999984
centered-314380,teacher-314382,singleton,13,absolute_weighted_norm_ratio,13,0,0.01578481459870078,0.009290325431613055,0.005037466559753962,0.05077032888140266
centered-314380,teacher-314382,singleton,13,absolute_dmc_descent_factor,13,0,1.0023999542772903,1.005037466559754,0.9492296711185975,1.0267553620374341
centered-314380,teacher-314382,singleton,13,centered_cosine,0,13,,,,
centered-314380,teacher-314382,singleton,13,centered_weighted_norm_ratio,13,0,0.0,0.0,0.0,0.0
centered-314380,teacher-314382,singleton,13,centered_dmc_descent_factor,13,0,1.0,1.0,1.0,1.0
centered-314380,absolute-314382,all,26,absolute_conflict,26,0,0.5,0.5,False,True
centered-314380,absolute-314382,all,26,absolute_strong_conflict,26,0,0.5,0.5,False,True
centered-314380,absolute-314382,all,26,absolute_reverse_dmc,26,0,0,0.0,False,False
centered-314380,absolute-314382,all,26,centered_conflict,13,13,0.5384615384615384,True,False,True
centered-314380,absolute-314382,all,26,centered_strong_conflict,13,13,0.23076923076923078,False,False,True
centered-314380,absolute-314382,all,26,centered_reverse_dmc,26,0,0,0.0,False,False
centered-314380,absolute-314382,all,26,model_span,26,0,0.08629280098158723,0.013248950242996216,0.0,0.35971400886774063
centered-314380,absolute-314382,all,26,model_top_gap,13,13,0.032118079270451114,0.013900457881391048,0.0034039318561553955,0.19495931873098016
centered-314380,absolute-314382,all,26,teacher_top_gap,13,13,0.3451335286864868,0.007816314697265625,0.0,1.600000023841858
centered-314380,absolute-314382,all,26,top1,26,0,0.7307692307692307,1.0,0,1
centered-314380,absolute-314382,all,26,teacher_regret,26,0,0.02258488192008092,0.0,0.0,0.32347968220710754
centered-314380,absolute-314382,all,26,saturation_fraction,26,0,0.0,0.0,0.0,0.0
centered-314380,absolute-314382,all,26,tanh_slope_mean,26,0,0.9638399919830913,0.9925922684899966,0.5775662014775662,0.9999532241405701
centered-314380,absolute-314382,all,26,loss_dmc,26,0,1.0293071281451445,1.0149412751197815,0.43136343359947205,2.722332000732422
centered-314380,absolute-314382,all,26,loss_absolute,26,0,0.29780333374695217,0.25978314876556396,4.677585820900276e-05,0.8783991932868958
centered-314380,absolute-314382,all,26,loss_centered,26,0,0.16701512755109713,0.05114232376217842,0.0,0.5164139270782471
centered-314380,absolute-314382,all,26,absolute_cosine,26,0,0.028179550082785422,0.17213973731961857,-0.9999999999999993,0.999999999999999
centered-314380,absolute-314382,all,26,absolute_weighted_norm_ratio,26,0,0.031551582494729086,0.031499678491799236,0.0006886386007322056,0.13466367616968583
centered-314380,absolute-314382,all,26,absolute_dmc_descent_factor,26,0,0.9949527678172004,1.0001412570406278,0.8791478726510955,1.0565755525529892
centered-314380,absolute-314382,all,26,centered_cosine,13,13,0.07107407684405909,-0.01474158884801574,-0.5208731010208035,0.526086311423486
centered-314380,absolute-314382,all,26,centered_weighted_norm_ratio,26,0,0.006537949566922609,0.001632959629802932,0.0,0.02576110290653404
centered-314380,absolute-314382,all,26,centered_dmc_descent_factor,26,0,1.000635735292477,1.0,0.990262072792188,1.0115608397563385
centered-314380,absolute-314382,multi,13,absolute_conflict,13,0,0.5384615384615384,True,False,True
centered-314380,absolute-314382,multi,13,absolute_strong_conflict,13,0,0.5384615384615384,True,False,True
centered-314380,absolute-314382,multi,13,absolute_reverse_dmc,13,0,0,False,False,False
centered-314380,absolute-314382,multi,13,centered_conflict,13,0,0.5384615384615384,True,False,True
centered-314380,absolute-314382,multi,13,centered_strong_conflict,13,0,0.23076923076923078,False,False,True
centered-314380,absolute-314382,multi,13,centered_reverse_dmc,13,0,0,False,False,False
centered-314380,absolute-314382,multi,13,model_span,13,0,0.17258560196317446,0.1654728204011917,0.02649790048599243,0.35971400886774063
centered-314380,absolute-314382,multi,13,model_top_gap,13,0,0.032118079270451114,0.013900457881391048,0.0034039318561553955,0.19495931873098016
centered-314380,absolute-314382,multi,13,teacher_top_gap,13,0,0.3451335286864868,0.007816314697265625,0.0,1.600000023841858
centered-314380,absolute-314382,multi,13,top1,13,0,0.46153846153846156,0,0,1
centered-314380,absolute-314382,multi,13,teacher_regret,13,0,0.04516976384016184,0.000518500804901123,0.0,0.32347968220710754
centered-314380,absolute-314382,multi,13,saturation_fraction,13,0,0.0,0.0,0.0,0.0
centered-314380,absolute-314382,multi,13,tanh_slope_mean,13,0,0.9822302111475422,0.9894000650830046,0.9430533515646959,0.9978311275725388
centered-314380,absolute-314382,multi,13,loss_dmc,13,0,0.9456977683764237,1.0101728439331055,0.43136343359947205,1.256579875946045
centered-314380,absolute-314382,multi,13,loss_absolute,13,0,0.5410564404267532,0.5712704658508301,0.25540080666542053,0.8783991932868958
centered-314380,absolute-314382,multi,13,loss_centered,13,0,0.33403025510219425,0.34048622846603394,0.10228464752435684,0.5164139270782471
centered-314380,absolute-314382,multi,13,absolute_cosine,13,0,-0.020563976757505816,-0.1412532016613447,-0.9927846917858233,0.9938976769458484
centered-314380,absolute-314382,multi,13,absolute_weighted_norm_ratio,13,0,0.04830991751959398,0.041062021318902873,0.007852249029419073,0.13466367616968583
centered-314380,absolute-314382,multi,13,absolute_dmc_descent_factor,13,0,0.9917061346090399,0.9968381316608999,0.8791478726510955,1.0565755525529892
centered-314380,absolute-314382,multi,13,centered_cosine,13,0,0.07107407684405909,-0.01474158884801574,-0.5208731010208035,0.526086311423486
centered-314380,absolute-314382,multi,13,centered_weighted_norm_ratio,13,0,0.013075899133845218,0.011476287639224357,0.003265919259605864,0.02576110290653404
centered-314380,absolute-314382,multi,13,centered_dmc_descent_factor,13,0,1.0012714705849544,0.9997891027868503,0.990262072792188,1.0115608397563385
centered-314380,absolute-314382,singleton,13,absolute_conflict,13,0,0.46153846153846156,False,False,True
centered-314380,absolute-314382,singleton,13,absolute_strong_conflict,13,0,0.46153846153846156,False,False,True
centered-314380,absolute-314382,singleton,13,absolute_reverse_dmc,13,0,0,False,False,False
centered-314380,absolute-314382,singleton,13,centered_conflict,0,13,,,,
centered-314380,absolute-314382,singleton,13,centered_strong_conflict,0,13,,,,
centered-314380,absolute-314382,singleton,13,centered_reverse_dmc,13,0,0,False,False,False
centered-314380,absolute-314382,singleton,13,model_span,13,0,0.0,0.0,0.0,0.0
centered-314380,absolute-314382,singleton,13,model_top_gap,0,13,,,,
centered-314380,absolute-314382,singleton,13,teacher_top_gap,0,13,,,,
centered-314380,absolute-314382,singleton,13,top1,13,0,1,1,1,1
centered-314380,absolute-314382,singleton,13,teacher_regret,13,0,0.0,0.0,0.0,0.0
centered-314380,absolute-314382,singleton,13,saturation_fraction,13,0,0.0,0.0,0.0,0.0
centered-314380,absolute-314382,singleton,13,tanh_slope_mean,13,0,0.9454497728186406,0.9975270046215865,0.5775662014775662,0.9999532241405701
centered-314380,absolute-314382,singleton,13,loss_dmc,13,0,1.1129164879138653,1.0197097063064575,0.43488025665283203,2.722332000732422
centered-314380,absolute-314382,singleton,13,loss_absolute,13,0,0.054550227067151215,0.002472995314747095,4.677585820900276e-05,0.4224337935447693
centered-314380,absolute-314382,singleton,13,loss_centered,13,0,0.0,0.0,0.0,0.0
centered-314380,absolute-314382,singleton,13,absolute_cosine,13,0,0.07692307692307666,0.9999999999999972,-0.9999999999999993,0.999999999999999
centered-314380,absolute-314382,singleton,13,absolute_weighted_norm_ratio,13,0,0.014793247469864192,0.005233163433666179,0.0006886386007322056,0.05164048175993189
centered-314380,absolute-314382,singleton,13,absolute_dmc_descent_factor,13,0,0.9981994010253611,1.0009711526819878,0.9483595182400681,1.0393920686638507
centered-314380,absolute-314382,singleton,13,centered_cosine,0,13,,,,
centered-314380,absolute-314382,singleton,13,centered_weighted_norm_ratio,13,0,0.0,0.0,0.0,0.0
centered-314380,absolute-314382,singleton,13,centered_dmc_descent_factor,13,0,1.0,1.0,1.0,1.0
centered-314380,centered-314382,all,26,absolute_conflict,26,0,0.5769230769230769,1.0,False,True
centered-314380,centered-314382,all,26,absolute_strong_conflict,26,0,0.5384615384615384,1.0,False,True
centered-314380,centered-314382,all,26,absolute_reverse_dmc,26,0,0,0.0,False,False
centered-314380,centered-314382,all,26,centered_conflict,13,13,0.23076923076923078,False,False,True
centered-314380,centered-314382,all,26,centered_strong_conflict,13,13,0.15384615384615385,False,False,True
centered-314380,centered-314382,all,26,centered_reverse_dmc,26,0,0,0.0,False,False
centered-314380,centered-314382,all,26,model_span,26,0,0.0666371353257161,0.008736468851566315,0.0,0.25751645490527153
centered-314380,centered-314382,all,26,model_top_gap,13,13,0.014617269267686285,0.007286908105015755,0.0004800185561180115,0.10236982791684568
centered-314380,centered-314382,all,26,teacher_top_gap,13,13,0.3451335286864868,0.007816314697265625,0.0,1.600000023841858
centered-314380,centered-314382,all,26,top1,26,0,0.6923076923076923,1.0,0,1
centered-314380,centered-314382,all,26,teacher_regret,26,0,0.10754032003191802,0.0,0.0,1.5167999863624573
centered-314380,centered-314382,all,26,saturation_fraction,26,0,0.0,0.0,0.0,0.0
centered-314380,centered-314382,all,26,tanh_slope_mean,26,0,0.9778561152828165,0.9925338910693928,0.7998344900672087,0.9999999645745239
centered-314380,centered-314382,all,26,loss_dmc,26,0,0.9737958094248405,0.9395329654216766,0.4617166519165039,2.0949628353118896
centered-314380,centered-314382,all,26,loss_absolute,26,0,0.2840461864893103,0.22248029708862305,3.542547588608613e-08,0.6970394253730774
centered-314380,centered-314382,all,26,loss_centered,26,0,0.17436838837770316,0.051866620779037476,0.0,0.5607240200042725
centered-314380,centered-314382,all,26,absolute_cosine,26,0,-0.20227881828520852,-0.9270317680018381,-0.9999999999999994,0.9999999999999989
centered-314380,centered-314382,all,26,absolute_weighted_norm_ratio,26,0,0.028489425980689157,0.029664720765517544,1.8818115505357596e-05,0.06865494929545563
centered-314380,centered-314382,all,26,absolute_dmc_descent_factor,26,0,0.9947907087143896,0.9992857618406072,0.9317302354757719,1.047137845327357
centered-314380,centered-314382,all,26,centered_cosine,13,13,0.1066339464367414,0.06610691523175265,-0.26543459724298357,0.5557214375086803
centered-314380,centered-314382,all,26,centered_weighted_norm_ratio,26,0,0.007162400659095085,0.0014624281286987205,0.0,0.02917654839069452
centered-314380,centered-314382,all,26,centered_dmc_descent_factor,26,0,1.0011813611234388,1.0,0.9961003525722516,1.0162140334132184
centered-314380,centered-314382,multi,13,absolute_conflict,13,0,0.46153846153846156,False,False,True
centered-314380,centered-314382,multi,13,absolute_strong_conflict,13,0,0.38461538461538464,False,False,True
centered-314380,centered-314382,multi,13,absolute_reverse_dmc,13,0,0,False,False,False
centered-314380,centered-314382,multi,13,centered_conflict,13,0,0.23076923076923078,False,False,True
centered-314380,centered-314382,multi,13,centered_strong_conflict,13,0,0.15384615384615385,False,False,True
centered-314380,centered-314382,multi,13,centered_reverse_dmc,13,0,0,False,False,False
centered-314380,centered-314382,multi,13,model_span,13,0,0.1332742706514322,0.10780715942382812,0.01747293770313263,0.25751645490527153
centered-314380,centered-314382,multi,13,model_top_gap,13,0,0.014617269267686285,0.007286908105015755,0.0004800185561180115,0.10236982791684568
centered-314380,centered-314382,multi,13,teacher_top_gap,13,0,0.3451335286864868,0.007816314697265625,0.0,1.600000023841858
centered-314380,centered-314382,multi,13,top1,13,0,0.38461538461538464,0,0,1
centered-314380,centered-314382,multi,13,teacher_regret,13,0,0.21508064006383604,0.008040189743041992,0.0,1.5167999863624573
centered-314380,centered-314382,multi,13,saturation_fraction,13,0,0.0,0.0,0.0,0.0
centered-314380,centered-314382,multi,13,tanh_slope_mean,13,0,0.9904787618645562,0.9926376736533494,0.9719207946045475,0.9982690898098198
centered-314380,centered-314382,multi,13,loss_dmc,13,0,0.9441890670703008,0.8766438961029053,0.7125588655471802,1.2931047677993774
centered-314380,centered-314382,multi,13,loss_absolute,13,0,0.5333258417936472,0.5641773343086243,0.2447950839996338,0.6970394253730774
centered-314380,centered-314382,multi,13,loss_centered,13,0,0.3487367767554063,0.35075682401657104,0.10373324155807495,0.5607240200042725
centered-314380,centered-314382,multi,13,absolute_cosine,13,0,-0.019942251955032957,0.08455952973554796,-0.9943895556667025,0.9793782015948423
centered-314380,centered-314382,multi,13,absolute_weighted_norm_ratio,13,0,0.043524059993181236,0.04601271085040579,0.005740724153026931,0.06865494929545563
centered-314380,centered-314382,multi,13,absolute_dmc_descent_factor,13,0,0.9948267072208223,1.0004854329347215,0.9317302354757719,1.047137845327357
centered-314380,centered-314382,multi,13,centered_cosine,13,0,0.1066339464367414,0.06610691523175265,-0.26543459724298357,0.5557214375086803
centered-314380,centered-314382,multi,13,centered_weighted_norm_ratio,13,0,0.01432480131819017,0.014504755456130105,0.002924856257397441,0.02917654839069452
centered-314380,centered-314382,multi,13,centered_dmc_descent_factor,13,0,1.0023627222468774,1.0006221449196302,0.9961003525722516,1.0162140334132184
centered-314380,centered-314382,singleton,13,absolute_conflict,13,0,0.6923076923076923,True,False,True
centered-314380,centered-314382,singleton,13,absolute_strong_conflict,13,0,0.6923076923076923,True,False,True
centered-314380,centered-314382,singleton,13,absolute_reverse_dmc,13,0,0,False,False,False
centered-314380,centered-314382,singleton,13,centered_conflict,0,13,,,,
centered-314380,centered-314382,singleton,13,centered_strong_conflict,0,13,,,,
centered-314380,centered-314382,singleton,13,centered_reverse_dmc,13,0,0,False,False,False
centered-314380,centered-314382,singleton,13,model_span,13,0,0.0,0.0,0.0,0.0
centered-314380,centered-314382,singleton,13,model_top_gap,0,13,,,,
centered-314380,centered-314382,singleton,13,teacher_top_gap,0,13,,,,
centered-314380,centered-314382,singleton,13,top1,13,0,1,1,1,1
centered-314380,centered-314382,singleton,13,teacher_regret,13,0,0.0,0.0,0.0,0.0
centered-314380,centered-314382,singleton,13,saturation_fraction,13,0,0.0,0.0,0.0,0.0
centered-314380,centered-314382,singleton,13,tanh_slope_mean,13,0,0.9652334687010767,0.9924301084854361,0.7998344900672087,0.9999999645745239
centered-314380,centered-314382,singleton,13,loss_dmc,13,0,1.0034025517793803,0.9605414271354675,0.4617166519165039,2.0949628353118896
centered-314380,centered-314382,singleton,13,loss_absolute,13,0,0.03476653118497343,0.0075698914006352425,3.542547588608613e-08,0.2001655101776123
centered-314380,centered-314382,singleton,13,loss_centered,13,0,0.0,0.0,0.0,0.0
centered-314380,centered-314382,singleton,13,absolute_cosine,13,0,-0.3846153846153841,-0.9999999999999981,-0.9999999999999994,0.9999999999999989
centered-314380,centered-314382,singleton,13,absolute_weighted_norm_ratio,13,0,0.013454791968197077,0.008832817853096316,1.8818115505357596e-05,0.04716760266579649
centered-314380,centered-314382,singleton,13,absolute_dmc_descent_factor,13,0,0.9947547102079568,0.9979666933514731,0.9528323973342036,1.0309105315875755
centered-314380,centered-314382,singleton,13,centered_cosine,0,13,,,,
centered-314380,centered-314382,singleton,13,centered_weighted_norm_ratio,13,0,0.0,0.0,0.0,0.0
centered-314380,centered-314382,singleton,13,centered_dmc_descent_factor,13,0,1.0,1.0,1.0,1.0
teacher-314381,teacher-314380,all,26,absolute_conflict,26,0,0.5769230769230769,1.0,False,True
teacher-314381,teacher-314380,all,26,absolute_strong_conflict,26,0,0.5769230769230769,1.0,False,True
teacher-314381,teacher-314380,all,26,absolute_reverse_dmc,26,0,0.038461538461538464,0.0,False,True
teacher-314381,teacher-314380,all,26,centered_conflict,13,13,0.6923076923076923,True,False,True
teacher-314381,teacher-314380,all,26,centered_strong_conflict,13,13,0.6923076923076923,True,False,True
teacher-314381,teacher-314380,all,26,centered_reverse_dmc,26,0,0.038461538461538464,0.0,False,True
teacher-314381,teacher-314380,all,26,model_span,26,0,0.5024307404573147,0.31662558764219284,0.0,1.3568134307861328
teacher-314381,teacher-314380,all,26,model_top_gap,13,13,0.4768304331944539,0.5371256321668625,0.005318701267242432,1.0956671833992004
teacher-314381,teacher-314380,all,26,teacher_top_gap,13,13,1.0111173120184014,1.497600018978119,0.0,1.600000023841858
teacher-314381,teacher-314380,all,26,top1,26,0,1,1.0,1,1
teacher-314381,teacher-314380,all,26,teacher_regret,26,0,0.0,0.0,0.0,0.0
teacher-314381,teacher-314380,all,26,saturation_fraction,26,0,0.0,0.0,0.0,0.0
teacher-314381,teacher-314380,all,26,tanh_slope_mean,26,0,0.8409585578053614,0.9062618767756694,0.37430846187253647,0.9999660145079066
teacher-314381,teacher-314380,all,26,loss_dmc,26,0,1.0858461432642519,0.9630942940711975,0.0029485689010471106,3.4811666011810303
teacher-314381,teacher-314380,all,26,loss_absolute,26,0,0.07312750594554437,0.040901124477386475,3.39854923367966e-05,0.26891618967056274
teacher-314381,teacher-314380,all,26,loss_centered,26,0,0.03930133659965717,0.005450497381389141,0.0,0.2336508333683014
teacher-314381,teacher-314380,all,26,absolute_cosine,26,0,-0.13569020110933638,-0.5337282957448555,-0.9999999999999988,0.9999999999999992
teacher-314381,teacher-314380,all,26,absolute_weighted_norm_ratio,26,0,0.21752684022827856,0.010263556311915972,0.0005795919742591698,4.757615890315569
teacher-314381,teacher-314380,all,26,absolute_dmc_descent_factor,26,0,0.8529222012329594,0.9973850739622014,-2.3964654680584023,1.0186519930813978
teacher-314381,teacher-314380,all,26,centered_cosine,13,13,-0.28190151696474824,-0.5580209501621474,-0.9230459120420331,0.8604489794301484
teacher-314381,teacher-314380,all,26,centered_weighted_norm_ratio,26,0,0.07614491726977392,0.0013774483390553245,0.0,1.6547139439399887
teacher-314381,teacher-314380,all,26,centered_dmc_descent_factor,26,0,0.9588490206899226,1.0,-0.033349249908772416,1.0101110116477328
teacher-314381,teacher-314380,multi,13,absolute_conflict,13,0,0.6153846153846154,True,False,True
teacher-314381,teacher-314380,multi,13,absolute_strong_conflict,13,0,0.6153846153846154,True,False,True
teacher-314381,teacher-314380,multi,13,absolute_reverse_dmc,13,0,0.07692307692307693,False,False,True
teacher-314381,teacher-314380,multi,13,centered_conflict,13,0,0.6923076923076923,True,False,True
teacher-314381,teacher-314380,multi,13,centered_strong_conflict,13,0,0.6923076923076923,True,False,True
teacher-314381,teacher-314380,multi,13,centered_reverse_dmc,13,0,0.07692307692307693,False,False,True
teacher-314381,teacher-314380,multi,13,model_span,13,0,1.0048614809146295,1.009791910648346,0.6332511752843857,1.3568134307861328
teacher-314381,teacher-314380,multi,13,model_top_gap,13,0,0.4768304331944539,0.5371256321668625,0.005318701267242432,1.0956671833992004
teacher-314381,teacher-314380,multi,13,teacher_top_gap,13,0,1.0111173120184014,1.497600018978119,0.0,1.600000023841858
teacher-314381,teacher-314380,multi,13,top1,13,0,1,1,1,1
teacher-314381,teacher-314380,multi,13,teacher_regret,13,0,0.0,0.0,0.0,0.0
teacher-314381,teacher-314380,multi,13,saturation_fraction,13,0,0.0,0.0,0.0,0.0
teacher-314381,teacher-314380,multi,13,tanh_slope_mean,13,0,0.6931006721094483,0.7405566039569693,0.37430846187253647,0.8650960147394497
teacher-314381,teacher-314380,multi,13,loss_dmc,13,0,1.1141670460705286,0.5153153538703918,0.0029485689010471106,3.4811666011810303
teacher-314381,teacher-314380,multi,13,loss_absolute,13,0,0.13507145528609937,0.11793448776006699,0.020046114921569824,0.26891618967056274
teacher-314381,teacher-314380,multi,13,loss_centered,13,0,0.07860267319931434,0.07208990305662155,0.010900994762778282,0.2336508333683014
teacher-314381,teacher-314380,multi,13,absolute_cosine,13,0,-0.19445732529559603,-0.513568756544691,-0.8583610007267369,0.9051472059438195
teacher-314381,teacher-314380,multi,13,absolute_weighted_norm_ratio,13,0,0.427887097161108,0.01809590761692533,0.005899840819365027,4.757615890315569
teacher-314381,teacher-314380,multi,13,absolute_dmc_descent_factor,13,0,0.7045274629173046,0.9959012205486797,-2.3964654680584023,1.0163794602184775
teacher-314381,teacher-314380,multi,13,centered_cosine,13,0,-0.28190151696474824,-0.5580209501621474,-0.9230459120420331,0.8604489794301484
teacher-314381,teacher-314380,multi,13,centered_weighted_norm_ratio,13,0,0.15228983453954784,0.010968503783386943,0.002754896678110649,1.6547139439399887
teacher-314381,teacher-314380,multi,13,centered_dmc_descent_factor,13,0,0.9176980413798453,0.9960584941377061,-0.033349249908772416,1.0101110116477328
teacher-314381,teacher-314380,singleton,13,absolute_conflict,13,0,0.5384615384615384,True,False,True
teacher-314381,teacher-314380,singleton,13,absolute_strong_conflict,13,0,0.5384615384615384,True,False,True
teacher-314381,teacher-314380,singleton,13,absolute_reverse_dmc,13,0,0,False,False,False
teacher-314381,teacher-314380,singleton,13,centered_conflict,0,13,,,,
teacher-314381,teacher-314380,singleton,13,centered_strong_conflict,0,13,,,,
teacher-314381,teacher-314380,singleton,13,centered_reverse_dmc,13,0,0,False,False,False
teacher-314381,teacher-314380,singleton,13,model_span,13,0,0.0,0.0,0.0,0.0
teacher-314381,teacher-314380,singleton,13,model_top_gap,0,13,,,,
teacher-314381,teacher-314380,singleton,13,teacher_top_gap,0,13,,,,
teacher-314381,teacher-314380,singleton,13,top1,13,0,1,1,1,1
teacher-314381,teacher-314380,singleton,13,teacher_regret,13,0,0.0,0.0,0.0,0.0
teacher-314381,teacher-314380,singleton,13,saturation_fraction,13,0,0.0,0.0,0.0,0.0
teacher-314381,teacher-314380,singleton,13,tanh_slope_mean,13,0,0.9888164435012745,0.9987726430578702,0.947427738811889,0.9999660145079066
teacher-314381,teacher-314380,singleton,13,loss_dmc,13,0,1.057525240457975,0.969844400882721,0.7351512312889099,1.5111451148986816
teacher-314381,teacher-314380,singleton,13,loss_absolute,13,0,0.011183556604989393,0.0012273569591343403,3.39854923367966e-05,0.05257226154208183
teacher-314381,teacher-314380,singleton,13,loss_centered,13,0,0.0,0.0,0.0,0.0
teacher-314381,teacher-314380,singleton,13,absolute_cosine,13,0,-0.0769230769230767,-0.9999999999999977,-0.9999999999999988,0.9999999999999992
teacher-314381,teacher-314380,singleton,13,absolute_weighted_norm_ratio,13,0,0.007166583295449111,0.003630556973428525,0.0005795919742591698,0.018651993081397873
teacher-314381,teacher-314380,singleton,13,absolute_dmc_descent_factor,13,0,1.0013169395486141,0.9984572387800466,0.98336962677055,1.0186519930813978
teacher-314381,teacher-314380,singleton,13,centered_cosine,0,13,,,,
teacher-314381,teacher-314380,singleton,13,centered_weighted_norm_ratio,13,0,0.0,0.0,0.0,0.0
teacher-314381,teacher-314380,singleton,13,centered_dmc_descent_factor,13,0,1.0,1.0,1.0,1.0
teacher-314381,absolute-314380,all,26,absolute_conflict,26,0,0.5769230769230769,1.0,False,True
teacher-314381,absolute-314380,all,26,absolute_strong_conflict,26,0,0.5769230769230769,1.0,False,True
teacher-314381,absolute-314380,all,26,absolute_reverse_dmc,26,0,0,0.0,False,False
teacher-314381,absolute-314380,all,26,centered_conflict,13,13,0.46153846153846156,False,False,True
teacher-314381,absolute-314380,all,26,centered_strong_conflict,13,13,0.38461538461538464,False,False,True
teacher-314381,absolute-314380,all,26,centered_reverse_dmc,26,0,0,0.0,False,False
teacher-314381,absolute-314380,all,26,model_span,26,0,0.10372667630704549,0.02542819082736969,0.0,0.41881804168224335
teacher-314381,absolute-314380,all,26,model_top_gap,13,13,0.08048455585510685,0.04073500633239746,0.00011043623089790344,0.2976224645972252
teacher-314381,absolute-314380,all,26,teacher_top_gap,13,13,1.0111173120184014,1.497600018978119,0.0,1.600000023841858
teacher-314381,absolute-314380,all,26,top1,26,0,0.9230769230769231,1.0,0,1
teacher-314381,absolute-314380,all,26,teacher_regret,26,0,0.00010017248300405649,0.0,0.0,0.0016137361526489258
teacher-314381,absolute-314380,all,26,saturation_fraction,26,0,0.0,0.0,0.0,0.0
teacher-314381,absolute-314380,all,26,tanh_slope_mean,26,0,0.9574335563429145,0.9789424548465735,0.8198616192821219,0.9999995704148464
teacher-314381,absolute-314380,all,26,loss_dmc,26,0,0.9746089554750003,0.9283594787120819,0.4688996374607086,2.00567626953125
teacher-314381,absolute-314380,all,26,loss_absolute,26,0,0.2509780650305078,0.13590995594859123,4.2958515678037656e-07,1.077662467956543
teacher-314381,absolute-314380,all,26,loss_centered,26,0,0.15923173381732061,0.07335048168897629,0.0,0.5688869953155518
teacher-314381,absolute-314380,all,26,absolute_cosine,26,0,-0.03777925857435926,-0.17164852099682906,-0.9999999999999989,0.9999999999999992
teacher-314381,absolute-314380,all,26,absolute_weighted_norm_ratio,26,0,0.02541047733743984,0.022205952059741907,6.5499819675941e-05,0.06890803116934655
teacher-314381,absolute-314380,all,26,absolute_dmc_descent_factor,26,0,0.9945238414719901,0.9973787357382795,0.9411258569776058,1.0639509032157373
teacher-314381,absolute-314380,all,26,centered_cosine,13,13,-0.0011723589644391736,0.026916470780309686,-0.45579890610742796,0.5155232492570525
teacher-314381,absolute-314380,all,26,centered_weighted_norm_ratio,26,0,0.00619172969824427,0.0025215696148024277,0.0,0.02670252212733229
teacher-314381,absolute-314380,all,26,centered_dmc_descent_factor,26,0,0.9999639541296885,1.0,0.992750979412873,1.0101701261455982
teacher-314381,absolute-314380,multi,13,absolute_conflict,13,0,0.6923076923076923,True,False,True
teacher-314381,absolute-314380,multi,13,absolute_strong_conflict,13,0,0.6923076923076923,True,False,True
teacher-314381,absolute-314380,multi,13,absolute_reverse_dmc,13,0,0,False,False,False
teacher-314381,absolute-314380,multi,13,centered_conflict,13,0,0.46153846153846156,False,False,True
teacher-314381,absolute-314380,multi,13,centered_strong_conflict,13,0,0.38461538461538464,False,False,True
teacher-314381,absolute-314380,multi,13,centered_reverse_dmc,13,0,0,False,False,False
teacher-314381,absolute-314380,multi,13,model_span,13,0,0.20745335261409098,0.2394392415881157,0.05085638165473938,0.41881804168224335
teacher-314381,absolute-314380,multi,13,model_top_gap,13,0,0.08048455585510685,0.04073500633239746,0.00011043623089790344,0.2976224645972252
teacher-314381,absolute-314380,multi,13,teacher_top_gap,13,0,1.0111173120184014,1.497600018978119,0.0,1.600000023841858
teacher-314381,absolute-314380,multi,13,top1,13,0,0.8461538461538461,1,0,1
teacher-314381,absolute-314380,multi,13,teacher_regret,13,0,0.00020034496600811297,0.0,0.0,0.0016137361526489258
teacher-314381,absolute-314380,multi,13,saturation_fraction,13,0,0.0,0.0,0.0,0.0
teacher-314381,absolute-314380,multi,13,tanh_slope_mean,13,0,0.9436719190861597,0.9766124928732142,0.8198616192821219,0.9978618317955765
teacher-314381,absolute-314380,multi,13,loss_dmc,13,0,0.9578215181827545,0.869847297668457,0.4725746214389801,2.00567626953125
teacher-314381,absolute-314380,multi,13,loss_absolute,13,0,0.4731513238870181,0.4509485363960266,0.17169667780399323,1.077662467956543
teacher-314381,absolute-314380,multi,13,loss_centered,13,0,0.31846346763464123,0.2745893895626068,0.14670096337795258,0.5688869953155518
teacher-314381,absolute-314380,multi,13,absolute_cosine,13,0,-0.1524815940717954,-0.20032169458739346,-0.9874178404967172,0.9618146110167017
teacher-314381,absolute-314380,multi,13,absolute_weighted_norm_ratio,13,0,0.03603375279095704,0.028490712890550062,0.00881886769491197,0.06890803116934655
teacher-314381,absolute-314380,multi,13,absolute_dmc_descent_factor,13,0,0.9941220861486464,0.9948515044249175,0.9411258569776058,1.0639509032157373
teacher-314381,absolute-314380,multi,13,centered_cosine,13,0,-0.0011723589644391736,0.026916470780309686,-0.45579890610742796,0.5155232492570525
teacher-314381,absolute-314380,multi,13,centered_weighted_norm_ratio,13,0,0.01238345939648854,0.00878185548860086,0.005043139229604855,0.02670252212733229
teacher-314381,absolute-314380,multi,13,centered_dmc_descent_factor,13,0,0.999927908259377,1.0001357435097147,0.992750979412873,1.0101701261455982
teacher-314381,absolute-314380,singleton,13,absolute_conflict,13,0,0.46153846153846156,False,False,True
teacher-314381,absolute-314380,singleton,13,absolute_strong_conflict,13,0,0.46153846153846156,False,False,True
teacher-314381,absolute-314380,singleton,13,absolute_reverse_dmc,13,0,0,False,False,False
teacher-314381,absolute-314380,singleton,13,centered_conflict,0,13,,,,
teacher-314381,absolute-314380,singleton,13,centered_strong_conflict,0,13,,,,
teacher-314381,absolute-314380,singleton,13,centered_reverse_dmc,13,0,0,False,False,False
teacher-314381,absolute-314380,singleton,13,model_span,13,0,0.0,0.0,0.0,0.0
teacher-314381,absolute-314380,singleton,13,model_top_gap,0,13,,,,
teacher-314381,absolute-314380,singleton,13,teacher_top_gap,0,13,,,,
teacher-314381,absolute-314380,singleton,13,top1,13,0,1,1,1,1
teacher-314381,absolute-314380,singleton,13,teacher_regret,13,0,0.0,0.0,0.0,0.0
teacher-314381,absolute-314380,singleton,13,saturation_fraction,13,0,0.0,0.0,0.0,0.0
teacher-314381,absolute-314380,singleton,13,tanh_slope_mean,13,0,0.9711951935996693,0.9816893706068244,0.8998767686678582,0.9999995704148464
teacher-314381,absolute-314380,singleton,13,loss_dmc,13,0,0.991396392767246,1.0013113021850586,0.4688996374607086,1.7329684495925903
teacher-314381,absolute-314380,singleton,13,loss_absolute,13,0,0.028804806173997558,0.018310628831386566,4.2958515678037656e-07,0.10012323409318924
teacher-314381,absolute-314380,singleton,13,loss_centered,13,0,0.0,0.0,0.0,0.0
teacher-314381,absolute-314380,singleton,13,absolute_cosine,13,0,0.07692307692307689,0.9999999999999983,-0.9999999999999989,0.9999999999999992
teacher-314381,absolute-314380,singleton,13,absolute_weighted_norm_ratio,13,0,0.014787201883922641,0.011918856094612913,6.5499819675941e-05,0.04603603556187066
teacher-314381,absolute-314380,singleton,13,absolute_dmc_descent_factor,13,0,0.994925596795334,1.0000654998196759,0.9539639644381294,1.0240365489986927
teacher-314381,absolute-314380,singleton,13,centered_cosine,0,13,,,,
teacher-314381,absolute-314380,singleton,13,centered_weighted_norm_ratio,13,0,0.0,0.0,0.0,0.0
teacher-314381,absolute-314380,singleton,13,centered_dmc_descent_factor,13,0,1.0,1.0,1.0,1.0
teacher-314381,centered-314380,all,26,absolute_conflict,26,0,0.4230769230769231,0.0,False,True
teacher-314381,centered-314380,all,26,absolute_strong_conflict,26,0,0.4230769230769231,0.0,False,True
teacher-314381,centered-314380,all,26,absolute_reverse_dmc,26,0,0,0.0,False,False
teacher-314381,centered-314380,all,26,centered_conflict,13,13,0.46153846153846156,False,False,True
teacher-314381,centered-314380,all,26,centered_strong_conflict,13,13,0.38461538461538464,False,False,True
teacher-314381,centered-314380,all,26,centered_reverse_dmc,26,0,0,0.0,False,False
teacher-314381,centered-314380,all,26,model_span,26,0,0.07130464223714975,0.002647317945957184,0.0,0.24982129782438278
teacher-314381,centered-314380,all,26,model_top_gap,13,13,0.06214656960219145,0.023680567741394043,0.0002891272306442261,0.20717511884868145
teacher-314381,centered-314380,all,26,teacher_top_gap,13,13,1.0111173120184014,1.497600018978119,0.0,1.600000023841858
teacher-314381,centered-314380,all,26,top1,26,0,0.9615384615384616,1.0,0,1
teacher-314381,centered-314380,all,26,teacher_regret,26,0,0.0006803251229799711,0.0,0.0,0.017688453197479248
teacher-314381,centered-314380,all,26,saturation_fraction,26,0,0.0,0.0,0.0,0.0
teacher-314381,centered-314380,all,26,tanh_slope_mean,26,0,0.9736274426908406,0.9908339877074472,0.81937187402088,0.999879907986903
teacher-314381,centered-314380,all,26,loss_dmc,26,0,1.0343044572151625,1.0709826350212097,0.33062079548835754,1.8203644752502441
teacher-314381,centered-314380,all,26,loss_absolute,26,0,0.3023293830631771,0.29853537678718567,0.0001200920160044916,0.9251387715339661
teacher-314381,centered-314380,all,26,loss_centered,26,0,0.17299785980811486,0.08731289207935333,0.0,0.6357712745666504
teacher-314381,centered-314380,all,26,absolute_cosine,26,0,0.14266180399282516,0.6247782419106175,-0.9999999999999993,0.999999999999999
teacher-314381,centered-314380,all,26,absolute_weighted_norm_ratio,26,0,0.032562295394091174,0.021241785360288118,0.0010839860425134757,0.15590644481488375
teacher-314381,centered-314380,all,26,absolute_dmc_descent_factor,26,0,0.9939428464188254,1.0037075986944384,0.8624116619438533,1.0542855781765217
teacher-314381,centered-314380,all,26,centered_cosine,13,13,0.002460688781306727,0.023795034761286263,-0.38053306446318114,0.47231940407036604
teacher-314381,centered-314380,all,26,centered_weighted_norm_ratio,26,0,0.00588097953948398,0.0019514328596766245,0.0,0.02089502473677847
teacher-314381,centered-314380,all,26,centered_dmc_descent_factor,26,0,1.0002618518900337,1.0,0.9956183457006365,1.0094260566944173
teacher-314381,centered-314380,multi,13,absolute_conflict,13,0,0.46153846153846156,False,False,True
teacher-314381,centered-314380,multi,13,absolute_strong_conflict,13,0,0.46153846153846156,False,False,True
teacher-314381,centered-314380,multi,13,absolute_reverse_dmc,13,0,0,False,False,False
teacher-314381,centered-314380,multi,13,centered_conflict,13,0,0.46153846153846156,False,False,True
teacher-314381,centered-314380,multi,13,centered_strong_conflict,13,0,0.38461538461538464,False,False,True
teacher-314381,centered-314380,multi,13,centered_reverse_dmc,13,0,0,False,False,False
teacher-314381,centered-314380,multi,13,model_span,13,0,0.1426092844742995,0.13088399171829224,0.005294635891914368,0.24982129782438278
teacher-314381,centered-314380,multi,13,model_top_gap,13,0,0.06214656960219145,0.023680567741394043,0.0002891272306442261,0.20717511884868145
teacher-314381,centered-314380,multi,13,teacher_top_gap,13,0,1.0111173120184014,1.497600018978119,0.0,1.600000023841858
teacher-314381,centered-314380,multi,13,top1,13,0,0.9230769230769231,1,0,1
teacher-314381,centered-314380,multi,13,teacher_regret,13,0,0.0013606502459599422,0.0,0.0,0.017688453197479248
teacher-314381,centered-314380,multi,13,saturation_fraction,13,0,0.0,0.0,0.0,0.0
teacher-314381,centered-314380,multi,13,tanh_slope_mean,13,0,0.9740958932627992,0.9852683631618494,0.9037516076206307,0.999469227578171
teacher-314381,centered-314380,multi,13,loss_dmc,13,0,1.0318724788152254,1.0798310041427612,0.36451512575149536,1.8203644752502441
teacher-314381,centered-314380,multi,13,loss_absolute,13,0,0.5778177586885599,0.5129821300506592,0.4164426326751709,0.9251387715339661
teacher-314381,centered-314380,multi,13,loss_centered,13,0,0.3459957196162297,0.2760356664657593,0.17462578415870667,0.6357712745666504
teacher-314381,centered-314380,multi,13,absolute_cosine,13,0,0.05455437721641998,0.37443857167511224,-0.9785395503276213,0.9841758954374078
teacher-314381,centered-314380,multi,13,absolute_weighted_norm_ratio,13,0,0.05249790572395643,0.04707289850432087,0.016122317444069195,0.15590644481488375
teacher-314381,centered-314380,multi,13,absolute_dmc_descent_factor,13,0,0.9908570694233443,1.0065356830986543,0.8624116619438533,1.0542855781765217
teacher-314381,centered-314380,multi,13,centered_cosine,13,0,0.002460688781306727,0.023795034761286263,-0.38053306446318114,0.47231940407036604
teacher-314381,centered-314380,multi,13,centered_weighted_norm_ratio,13,0,0.01176195907896796,0.011514516630886722,0.003902865719353249,0.02089502473677847
teacher-314381,centered-314380,multi,13,centered_dmc_descent_factor,13,0,1.0005237037800676,1.0002725770468348,0.9956183457006365,1.0094260566944173
teacher-314381,centered-314380,singleton,13,absolute_conflict,13,0,0.38461538461538464,False,False,True
teacher-314381,centered-314380,singleton,13,absolute_strong_conflict,13,0,0.38461538461538464,False,False,True
teacher-314381,centered-314380,singleton,13,absolute_reverse_dmc,13,0,0,False,False,False
teacher-314381,centered-314380,singleton,13,centered_conflict,0,13,,,,
teacher-314381,centered-314380,singleton,13,centered_strong_conflict,0,13,,,,
teacher-314381,centered-314380,singleton,13,centered_reverse_dmc,13,0,0,False,False,False
teacher-314381,centered-314380,singleton,13,model_span,13,0,0.0,0.0,0.0,0.0
teacher-314381,centered-314380,singleton,13,model_top_gap,0,13,,,,
teacher-314381,centered-314380,singleton,13,teacher_top_gap,0,13,,,,
teacher-314381,centered-314380,singleton,13,top1,13,0,1,1,1,1
teacher-314381,centered-314380,singleton,13,teacher_regret,13,0,0.0,0.0,0.0,0.0
teacher-314381,centered-314380,singleton,13,saturation_fraction,13,0,0.0,0.0,0.0,0.0
teacher-314381,centered-314380,singleton,13,tanh_slope_mean,13,0,0.973158992118882,0.9955244029627206,0.81937187402088,0.999879907986903
teacher-314381,centered-314380,singleton,13,loss_dmc,13,0,1.0367364356150994,1.0621342658996582,0.33062079548835754,1.8142340183258057
teacher-314381,centered-314380,singleton,13,loss_absolute,13,0,0.02684100743779429,0.004475596826523542,0.0001200920160044916,0.18062812089920044
teacher-314381,centered-314380,singleton,13,loss_centered,13,0,0.0,0.0,0.0,0.0
teacher-314381,centered-314380,singleton,13,absolute_cosine,13,0,0.23076923076923037,0.9999999999999982,-0.9999999999999993,0.999999999999999
teacher-314381,centered-314380,singleton,13,absolute_weighted_norm_ratio,13,0,0.012626685064225927,0.007169638579982646,0.0010839860425134757,0.07391414914426105
teacher-314381,centered-314380,singleton,13,absolute_dmc_descent_factor,13,0,0.9970286234143064,1.002969054607357,0.926085850855739,1.0257573727421048
teacher-314381,centered-314380,singleton,13,centered_cosine,0,13,,,,
teacher-314381,centered-314380,singleton,13,centered_weighted_norm_ratio,13,0,0.0,0.0,0.0,0.0
teacher-314381,centered-314380,singleton,13,centered_dmc_descent_factor,13,0,1.0,1.0,1.0,1.0
teacher-314381,teacher-314381,all,26,absolute_conflict,26,0,0.7307692307692307,1.0,False,True
teacher-314381,teacher-314381,all,26,absolute_strong_conflict,26,0,0.6923076923076923,1.0,False,True
teacher-314381,teacher-314381,all,26,absolute_reverse_dmc,26,0,0.038461538461538464,0.0,False,True
teacher-314381,teacher-314381,all,26,centered_conflict,13,13,0.7692307692307693,True,False,True
teacher-314381,teacher-314381,all,26,centered_strong_conflict,13,13,0.7692307692307693,True,False,True
teacher-314381,teacher-314381,all,26,centered_reverse_dmc,26,0,0,0.0,False,False
teacher-314381,teacher-314381,all,26,model_span,26,0,0.5271132393525197,0.3342635855078697,0.0,1.529237985610962
teacher-314381,teacher-314381,all,26,model_top_gap,13,13,0.4884712489751669,0.5600061044096947,0.002271115779876709,1.1388829350471497
teacher-314381,teacher-314381,all,26,teacher_top_gap,13,13,1.0111173120184014,1.497600018978119,0.0,1.600000023841858
teacher-314381,teacher-314381,all,26,top1,26,0,0.9230769230769231,1.0,0,1
teacher-314381,teacher-314381,all,26,teacher_regret,26,0,0.00028549707852877106,0.0,0.0,0.006432175636291504
teacher-314381,teacher-314381,all,26,saturation_fraction,26,0,0.0,0.0,0.0,0.0
teacher-314381,teacher-314381,all,26,tanh_slope_mean,26,0,0.8302766796423077,0.8861769883173103,0.4412235898118524,0.9994557621483353
teacher-314381,teacher-314381,all,26,loss_dmc,26,0,1.0560421186785858,0.9451818764209747,0.008027064613997936,3.147779703140259
teacher-314381,teacher-314381,all,26,loss_absolute,26,0,0.0637683313622032,0.0322476951405406,0.0005442378460429609,0.23881317675113678
teacher-314381,teacher-314381,all,26,loss_centered,26,0,0.036988502726531945,0.004685308784246445,0.0,0.2169104367494583
teacher-314381,teacher-314381,all,26,absolute_cosine,26,0,-0.24842952386419348,-0.4550074154537955,-0.9999999999999986,0.9999999999999983
teacher-314381,teacher-314381,all,26,absolute_weighted_norm_ratio,26,0,0.09610032791740779,0.009057012787910105,0.0017690537732595495,1.7730656493902077
teacher-314381,teacher-314381,all,26,absolute_dmc_descent_factor,26,0,0.9377289987384975,0.9958357648864593,-0.264550781098317,1.0234662043614118
teacher-314381,teacher-314381,all,26,centered_cosine,13,13,-0.3595229594309672,-0.5796023121375086,-0.9046491210103309,0.8474630921346625
teacher-314381,teacher-314381,all,26,centered_weighted_norm_ratio,26,0,0.03244312564297159,0.0010311696422514655,0.0,0.6152641775101284
teacher-314381,teacher-314381,all,26,centered_dmc_descent_factor,26,0,0.9838332842295964,1.0,0.6433914601397471,1.0165614506038638
teacher-314381,teacher-314381,multi,13,absolute_conflict,13,0,0.9230769230769231,True,False,True
teacher-314381,teacher-314381,multi,13,absolute_strong_conflict,13,0,0.8461538461538461,True,False,True
teacher-314381,teacher-314381,multi,13,absolute_reverse_dmc,13,0,0.07692307692307693,False,False,True
teacher-314381,teacher-314381,multi,13,centered_conflict,13,0,0.7692307692307693,True,False,True
teacher-314381,teacher-314381,multi,13,centered_strong_conflict,13,0,0.7692307692307693,True,False,True
teacher-314381,teacher-314381,multi,13,centered_reverse_dmc,13,0,0,False,False,False
teacher-314381,teacher-314381,multi,13,model_span,13,0,1.0542264787050395,1.0219973027706146,0.6685271710157394,1.529237985610962
teacher-314381,teacher-314381,multi,13,model_top_gap,13,0,0.4884712489751669,0.5600061044096947,0.002271115779876709,1.1388829350471497
teacher-314381,teacher-314381,multi,13,teacher_top_gap,13,0,1.0111173120184014,1.497600018978119,0.0,1.600000023841858
teacher-314381,teacher-314381,multi,13,top1,13,0,0.8461538461538461,1,0,1
teacher-314381,teacher-314381,multi,13,teacher_regret,13,0,0.0005709941570575421,0.0,0.0,0.006432175636291504
teacher-314381,teacher-314381,multi,13,saturation_fraction,13,0,0.0,0.0,0.0,0.0
teacher-314381,teacher-314381,multi,13,tanh_slope_mean,13,0,0.6773469678867949,0.7064181750510367,0.4412235898118524,0.8663651052668605
teacher-314381,teacher-314381,multi,13,loss_dmc,13,0,1.0390939849357193,0.5485324859619141,0.008027064613997936,3.147779703140259
teacher-314381,teacher-314381,multi,13,loss_absolute,13,0,0.11074305440370853,0.09461312741041183,0.009754190221428871,0.23881317675113678
teacher-314381,teacher-314381,multi,13,loss_centered,13,0,0.07397700545306389,0.06692244112491608,0.00937061756849289,0.2169104367494583
teacher-314381,teacher-314381,multi,13,absolute_cosine,13,0,-0.41993597080531014,-0.4362664855052633,-0.8264031012614473,0.30706277453626984
teacher-314381,teacher-314381,multi,13,absolute_weighted_norm_ratio,13,0,0.18283657712331908,0.015922003765074084,0.0017690537732595495,1.7730656493902077
teacher-314381,teacher-314381,multi,13,absolute_dmc_descent_factor,13,0,0.874076749152273,0.9934282831958745,-0.264550781098317,1.0066958556451036
teacher-314381,teacher-314381,multi,13,centered_cosine,13,0,-0.3595229594309672,-0.5796023121375086,-0.9046491210103309,0.8474630921346625
teacher-314381,teacher-314381,multi,13,centered_weighted_norm_ratio,13,0,0.06488625128594318,0.011875253656542942,0.002062339284502931,0.6152641775101284
teacher-314381,teacher-314381,multi,13,centered_dmc_descent_factor,13,0,0.9676665684591927,0.995557179611381,0.6433914601397471,1.0165614506038638
teacher-314381,teacher-314381,singleton,13,absolute_conflict,13,0,0.5384615384615384,True,False,True
teacher-314381,teacher-314381,singleton,13,absolute_strong_conflict,13,0,0.5384615384615384,True,False,True
teacher-314381,teacher-314381,singleton,13,absolute_reverse_dmc,13,0,0,False,False,False
teacher-314381,teacher-314381,singleton,13,centered_conflict,0,13,,,,
teacher-314381,teacher-314381,singleton,13,centered_strong_conflict,0,13,,,,
teacher-314381,teacher-314381,singleton,13,centered_reverse_dmc,13,0,0,False,False,False
teacher-314381,teacher-314381,singleton,13,model_span,13,0,0.0,0.0,0.0,0.0
teacher-314381,teacher-314381,singleton,13,model_top_gap,0,13,,,,
teacher-314381,teacher-314381,singleton,13,teacher_top_gap,0,13,,,,
teacher-314381,teacher-314381,singleton,13,top1,13,0,1,1,1,1
teacher-314381,teacher-314381,singleton,13,teacher_regret,13,0,0.0,0.0,0.0,0.0
teacher-314381,teacher-314381,singleton,13,saturation_fraction,13,0,0.0,0.0,0.0,0.0
teacher-314381,teacher-314381,singleton,13,tanh_slope_mean,13,0,0.9832063913978203,0.9951273644349159,0.90598887136776,0.9994557621483353
teacher-314381,teacher-314381,singleton,13,loss_dmc,13,0,1.0729902524214525,0.9538864493370056,0.7684854865074158,1.7072359323501587
teacher-314381,teacher-314381,singleton,13,loss_absolute,13,0,0.016793608320697855,0.004872635472565889,0.0005442378460429609,0.09401112794876099
teacher-314381,teacher-314381,singleton,13,loss_centered,13,0,0.0,0.0,0.0,0.0
teacher-314381,teacher-314381,singleton,13,absolute_cosine,13,0,-0.07692307692307679,-0.9999999999999971,-0.9999999999999986,0.9999999999999983
teacher-314381,teacher-314381,singleton,13,absolute_weighted_norm_ratio,13,0,0.009364078711496509,0.007504256056536266,0.0023886142320032637,0.023466204361411763
teacher-314381,teacher-314381,singleton,13,absolute_dmc_descent_factor,13,0,1.001381248324722,0.9976113857679968,0.985927187633221,1.0234662043614118
teacher-314381,teacher-314381,singleton,13,centered_cosine,0,13,,,,
teacher-314381,teacher-314381,singleton,13,centered_weighted_norm_ratio,13,0,0.0,0.0,0.0,0.0
teacher-314381,teacher-314381,singleton,13,centered_dmc_descent_factor,13,0,1.0,1.0,1.0,1.0
teacher-314381,absolute-314381,all,26,absolute_conflict,26,0,0.5384615384615384,1.0,False,True
teacher-314381,absolute-314381,all,26,absolute_strong_conflict,26,0,0.5384615384615384,1.0,False,True
teacher-314381,absolute-314381,all,26,absolute_reverse_dmc,26,0,0,0.0,False,False
teacher-314381,absolute-314381,all,26,centered_conflict,13,13,0.46153846153846156,False,False,True
teacher-314381,absolute-314381,all,26,centered_strong_conflict,13,13,0.46153846153846156,False,False,True
teacher-314381,absolute-314381,all,26,centered_reverse_dmc,26,0,0,0.0,False,False
teacher-314381,absolute-314381,all,26,model_span,26,0,0.2248498652703487,0.10830924473702908,0.0,0.7945063188672066
teacher-314381,absolute-314381,all,26,model_top_gap,13,13,0.19553933278299296,0.13739996030926704,0.0014462172985076904,0.6026081815361977
teacher-314381,absolute-314381,all,26,teacher_top_gap,13,13,1.0111173120184014,1.497600018978119,0.0,1.600000023841858
teacher-314381,absolute-314381,all,26,top1,26,0,0.8846153846153846,1.0,0,1
teacher-314381,absolute-314381,all,26,teacher_regret,26,0,0.00044022615139301005,0.0,0.0,0.009648263454437256
teacher-314381,absolute-314381,all,26,saturation_fraction,26,0,0.0,0.0,0.0,0.0
teacher-314381,absolute-314381,all,26,tanh_slope_mean,26,0,0.9128469024752751,0.9594763396485412,0.6568815944162765,0.9999990978804854
teacher-314381,absolute-314381,all,26,loss_dmc,26,0,1.062416304475986,0.9667027294635773,0.1243300661444664,2.5146446228027344
teacher-314381,absolute-314381,all,26,loss_absolute,26,0,0.27115166646073546,0.24866361171007156,9.021194955494138e-07,1.0964810848236084
teacher-314381,absolute-314381,all,26,loss_centered,26,0,0.11227084610324639,0.044813308864831924,0.0,0.4522477686405182
teacher-314381,absolute-314381,all,26,absolute_cosine,26,0,-0.027077983228962512,-0.3343283786353378,-0.9999999999999993,0.999999999999999
teacher-314381,absolute-314381,all,26,absolute_weighted_norm_ratio,26,0,0.0463707665913264,0.027766318547417783,9.488985487188082e-05,0.34881122293454636
teacher-314381,absolute-314381,all,26,absolute_dmc_descent_factor,26,0,0.9832057578575034,0.9981698407662577,0.6908614871202997,1.0767997436747232
teacher-314381,absolute-314381,all,26,centered_cosine,13,13,-0.009589562443628633,0.044656176618768986,-0.6076862771202015,0.8972996960560017
teacher-314381,absolute-314381,all,26,centered_weighted_norm_ratio,26,0,0.005803237079443675,0.0020421170355914425,0.0,0.022450862886792728
teacher-314381,absolute-314381,all,26,centered_dmc_descent_factor,26,0,0.9997185656697477,1.0,0.9877652068175529,1.0111311219195664
teacher-314381,absolute-314381,multi,13,absolute_conflict,13,0,0.5384615384615384,True,False,True
teacher-314381,absolute-314381,multi,13,absolute_strong_conflict,13,0,0.5384615384615384,True,False,True
teacher-314381,absolute-314381,multi,13,absolute_reverse_dmc,13,0,0,False,False,False
teacher-314381,absolute-314381,multi,13,centered_conflict,13,0,0.46153846153846156,False,False,True
teacher-314381,absolute-314381,multi,13,centered_strong_conflict,13,0,0.46153846153846156,False,False,True
teacher-314381,absolute-314381,multi,13,centered_reverse_dmc,13,0,0,False,False,False
teacher-314381,absolute-314381,multi,13,model_span,13,0,0.4496997305406974,0.44134049117565155,0.21661848947405815,0.7945063188672066
teacher-314381,absolute-314381,multi,13,model_top_gap,13,0,0.19553933278299296,0.13739996030926704,0.0014462172985076904,0.6026081815361977
teacher-314381,absolute-314381,multi,13,teacher_top_gap,13,0,1.0111173120184014,1.497600018978119,0.0,1.600000023841858
teacher-314381,absolute-314381,multi,13,top1,13,0,0.7692307692307693,1,0,1
teacher-314381,absolute-314381,multi,13,teacher_regret,13,0,0.0008804523027860201,0.0,0.0,0.009648263454437256
teacher-314381,absolute-314381,multi,13,saturation_fraction,13,0,0.0,0.0,0.0,0.0
teacher-314381,absolute-314381,multi,13,tanh_slope_mean,13,0,0.9139301963438343,0.9314052689214641,0.7048505483498658,0.9845065507535576
teacher-314381,absolute-314381,multi,13,loss_dmc,13,0,1.0123163845676642,0.9681881666183472,0.1243300661444664,2.4123733043670654
teacher-314381,absolute-314381,multi,13,loss_absolute,13,0,0.4540669419444524,0.3721132278442383,0.09287654608488083,1.0964810848236084
teacher-314381,absolute-314381,multi,13,loss_centered,13,0,0.22454169220649278,0.22263193130493164,0.08962661772966385,0.4522477686405182
teacher-314381,absolute-314381,multi,13,absolute_cosine,13,0,0.022767110465151827,-0.25349635759169775,-0.9942559100218562,0.985496685017868
teacher-314381,absolute-314381,multi,13,absolute_weighted_norm_ratio,13,0,0.06766938694796229,0.038462767387534076,0.009889560372850064,0.34881122293454636
teacher-314381,absolute-314381,multi,13,absolute_dmc_descent_factor,13,0,0.9752404014324669,0.994375945901414,0.6908614871202997,1.0767997436747232
teacher-314381,absolute-314381,multi,13,centered_cosine,13,0,-0.009589562443628633,0.044656176618768986,-0.6076862771202015,0.8972996960560017
teacher-314381,absolute-314381,multi,13,centered_weighted_norm_ratio,13,0,0.01160647415888735,0.008272580916873006,0.004084234071182885,0.022450862886792728
teacher-314381,absolute-314381,multi,13,centered_dmc_descent_factor,13,0,0.9994371313394954,1.0005282361085095,0.9877652068175529,1.0111311219195664
teacher-314381,absolute-314381,singleton,13,absolute_conflict,13,0,0.5384615384615384,True,False,True
teacher-314381,absolute-314381,singleton,13,absolute_strong_conflict,13,0,0.5384615384615384,True,False,True
teacher-314381,absolute-314381,singleton,13,absolute_reverse_dmc,13,0,0,False,False,False
teacher-314381,absolute-314381,singleton,13,centered_conflict,0,13,,,,
teacher-314381,absolute-314381,singleton,13,centered_strong_conflict,0,13,,,,
teacher-314381,absolute-314381,singleton,13,centered_reverse_dmc,13,0,0,False,False,False
teacher-314381,absolute-314381,singleton,13,model_span,13,0,0.0,0.0,0.0,0.0
teacher-314381,absolute-314381,singleton,13,model_top_gap,0,13,,,,
teacher-314381,absolute-314381,singleton,13,teacher_top_gap,0,13,,,,
teacher-314381,absolute-314381,singleton,13,top1,13,0,1,1,1,1
teacher-314381,absolute-314381,singleton,13,teacher_regret,13,0,0.0,0.0,0.0,0.0
teacher-314381,absolute-314381,singleton,13,saturation_fraction,13,0,0.0,0.0,0.0,0.0
teacher-314381,absolute-314381,singleton,13,tanh_slope_mean,13,0,0.9117636086067159,0.969950886031034,0.6568815944162765,0.9999990978804854
teacher-314381,absolute-314381,singleton,13,loss_dmc,13,0,1.1125162243843079,0.9652172923088074,0.23303046822547913,2.5146446228027344
teacher-314381,absolute-314381,singleton,13,loss_absolute,13,0,0.08823639097701849,0.030049113556742668,9.021194955494138e-07,0.3431183993816376
teacher-314381,absolute-314381,singleton,13,loss_centered,13,0,0.0,0.0,0.0,0.0
teacher-314381,absolute-314381,singleton,13,absolute_cosine,13,0,-0.07692307692307686,-0.9999999999999974,-0.9999999999999993,0.999999999999999
teacher-314381,absolute-314381,singleton,13,absolute_weighted_norm_ratio,13,0,0.02507214623469051,0.020969713345465737,9.488985487188082e-05,0.10715415034929077
teacher-314381,absolute-314381,singleton,13,absolute_dmc_descent_factor,13,0,0.9911711142825398,0.998214137398016,0.8928458496507095,1.0369388785732871
teacher-314381,absolute-314381,singleton,13,centered_cosine,0,13,,,,
teacher-314381,absolute-314381,singleton,13,centered_weighted_norm_ratio,13,0,0.0,0.0,0.0,0.0
teacher-314381,absolute-314381,singleton,13,centered_dmc_descent_factor,13,0,1.0,1.0,1.0,1.0
teacher-314381,centered-314381,all,26,absolute_conflict,26,0,0.5,0.5,False,True
teacher-314381,centered-314381,all,26,absolute_strong_conflict,26,0,0.46153846153846156,0.0,False,True
teacher-314381,centered-314381,all,26,absolute_reverse_dmc,26,0,0,0.0,False,False
teacher-314381,centered-314381,all,26,centered_conflict,13,13,0.5384615384615384,True,False,True
teacher-314381,centered-314381,all,26,centered_strong_conflict,13,13,0.38461538461538464,False,False,True
teacher-314381,centered-314381,all,26,centered_reverse_dmc,26,0,0,0.0,False,False
teacher-314381,centered-314381,all,26,model_span,26,0,0.09186545603622037,0.01815081387758255,0.0,0.4971871078014374
teacher-314381,centered-314381,all,26,model_top_gap,13,13,0.07034067820327786,0.019229933619499207,0.0005110949277877808,0.33198264986276627
teacher-314381,centered-314381,all,26,teacher_top_gap,13,13,1.0111173120184014,1.497600018978119,0.0,1.600000023841858
teacher-314381,centered-314381,all,26,top1,26,0,0.8846153846153846,1.0,0,1
teacher-314381,centered-314381,all,26,teacher_regret,26,0,0.05782612470480112,0.0,0.0,1.4848000407218933
teacher-314381,centered-314381,all,26,saturation_fraction,26,0,0.0,0.0,0.0,0.0
teacher-314381,centered-314381,all,26,tanh_slope_mean,26,0,0.9812852229089408,0.9919475150660582,0.8743914125002554,0.999873379522443
teacher-314381,centered-314381,all,26,loss_dmc,26,0,1.0388796627521515,1.0036315321922302,0.504755437374115,2.1177518367767334
teacher-314381,centered-314381,all,26,loss_absolute,26,0,0.27888063483092435,0.18463523499667645,0.0001266204781131819,0.887748658657074
teacher-314381,centered-314381,all,26,loss_centered,26,0,0.1654334876399774,0.08775690943002701,0.0,0.5821775794029236
teacher-314381,centered-314381,all,26,absolute_cosine,26,0,0.05807354831094213,0.3214875542053041,-0.9999999999999991,0.999999999999999
teacher-314381,centered-314381,all,26,absolute_weighted_norm_ratio,26,0,0.027230753106828785,0.016954122411086646,0.0011127365313312483,0.10700948524938143
teacher-314381,centered-314381,all,26,absolute_dmc_descent_factor,26,0,0.9988502975752256,1.000175147840654,0.901739655829094,1.0526012272949574
teacher-314381,centered-314381,all,26,centered_cosine,13,13,0.049840588876197106,-0.01606049472165651,-0.35050100299424053,0.5648929329445949
teacher-314381,centered-314381,all,26,centered_weighted_norm_ratio,26,0,0.006679763574983387,0.002211780602158959,0.0,0.025388985248140577
teacher-314381,centered-314381,all,26,centered_dmc_descent_factor,26,0,1.0005619584685899,1.0,0.9949205858273077,1.0116646634145037
teacher-314381,centered-314381,multi,13,absolute_conflict,13,0,0.5384615384615384,True,False,True
teacher-314381,centered-314381,multi,13,absolute_strong_conflict,13,0,0.46153846153846156,False,False,True
teacher-314381,centered-314381,multi,13,absolute_reverse_dmc,13,0,0,False,False,False
teacher-314381,centered-314381,multi,13,centered_conflict,13,0,0.5384615384615384,True,False,True
teacher-314381,centered-314381,multi,13,centered_strong_conflict,13,0,0.38461538461538464,False,False,True
teacher-314381,centered-314381,multi,13,centered_reverse_dmc,13,0,0,False,False,False
teacher-314381,centered-314381,multi,13,model_span,13,0,0.18373091207244074,0.1193578727543354,0.0363016277551651,0.4971871078014374
teacher-314381,centered-314381,multi,13,model_top_gap,13,0,0.07034067820327786,0.019229933619499207,0.0005110949277877808,0.33198264986276627
teacher-314381,centered-314381,multi,13,teacher_top_gap,13,0,1.0111173120184014,1.497600018978119,0.0,1.600000023841858
teacher-314381,centered-314381,multi,13,top1,13,0,0.7692307692307693,1,0,1
teacher-314381,centered-314381,multi,13,teacher_regret,13,0,0.11565224940960224,0.0,0.0,1.4848000407218933
teacher-314381,centered-314381,multi,13,saturation_fraction,13,0,0.0,0.0,0.0,0.0
teacher-314381,centered-314381,multi,13,tanh_slope_mean,13,0,0.9682839974730414,0.9820820491954776,0.8743914125002554,0.9988445406558732
teacher-314381,centered-314381,multi,13,loss_dmc,13,0,1.070391677893125,0.9846314191818237,0.504755437374115,2.1177518367767334
teacher-314381,centered-314381,multi,13,loss_absolute,13,0,0.5520477180297558,0.5134105682373047,0.3402152955532074,0.887748658657074
teacher-314381,centered-314381,multi,13,loss_centered,13,0,0.3308669752799548,0.2855411469936371,0.17551381886005402,0.5821775794029236
teacher-314381,centered-314381,multi,13,absolute_cosine,13,0,0.03922401969880737,-0.039412713899208154,-0.9636690271025624,0.9852240506320736
teacher-314381,centered-314381,multi,13,absolute_weighted_norm_ratio,13,0,0.048179900470272825,0.047327009717281966,0.019345048198743952,0.10700948524938143
teacher-314381,centered-314381,multi,13,absolute_dmc_descent_factor,13,0,0.9981684409288096,0.9992375591499765,0.901739655829094,1.0526012272949574
teacher-314381,centered-314381,multi,13,centered_cosine,13,0,0.049840588876197106,-0.01606049472165651,-0.35050100299424053,0.5648929329445949
teacher-314381,centered-314381,multi,13,centered_weighted_norm_ratio,13,0,0.013359527149966775,0.011966404239574046,0.004423561204317918,0.025388985248140577
teacher-314381,centered-314381,multi,13,centered_dmc_descent_factor,13,0,1.00112391693718,0.9997922221510207,0.9949205858273077,1.0116646634145037
teacher-314381,centered-314381,singleton,13,absolute_conflict,13,0,0.46153846153846156,False,False,True
teacher-314381,centered-314381,singleton,13,absolute_strong_conflict,13,0,0.46153846153846156,False,False,True
teacher-314381,centered-314381,singleton,13,absolute_reverse_dmc,13,0,0,False,False,False
teacher-314381,centered-314381,singleton,13,centered_conflict,0,13,,,,
teacher-314381,centered-314381,singleton,13,centered_strong_conflict,0,13,,,,
teacher-314381,centered-314381,singleton,13,centered_reverse_dmc,13,0,0,False,False,False
teacher-314381,centered-314381,singleton,13,model_span,13,0,0.0,0.0,0.0,0.0
teacher-314381,centered-314381,singleton,13,model_top_gap,0,13,,,,
teacher-314381,centered-314381,singleton,13,teacher_top_gap,0,13,,,,
teacher-314381,centered-314381,singleton,13,top1,13,0,1,1,1,1
teacher-314381,centered-314381,singleton,13,teacher_regret,13,0,0.0,0.0,0.0,0.0
teacher-314381,centered-314381,singleton,13,saturation_fraction,13,0,0.0,0.0,0.0,0.0
teacher-314381,centered-314381,singleton,13,tanh_slope_mean,13,0,0.9942864483448404,0.9967664426157556,0.9709448258354092,0.999873379522443
teacher-314381,centered-314381,singleton,13,loss_dmc,13,0,1.007367647611178,1.0226316452026367,0.8222998976707458,1.3699668645858765
teacher-314381,centered-314381,singleton,13,loss_absolute,13,0,0.005713551632092835,0.0032335573341697454,0.0001266204781131819,0.029055174440145493
teacher-314381,centered-314381,singleton,13,loss_centered,13,0,0.0,0.0,0.0,0.0
teacher-314381,centered-314381,singleton,13,absolute_cosine,13,0,0.07692307692307689,0.9999999999999982,-0.9999999999999991,0.999999999999999
teacher-314381,centered-314381,singleton,13,absolute_weighted_norm_ratio,13,0,0.006281605743384745,0.0053804798054833776,0.0011127365313312483,0.014563196623429338
teacher-314381,centered-314381,singleton,13,absolute_dmc_descent_factor,13,0,0.9995321542216415,1.0011127365313313,0.9897230183103914,1.0145631966234294
teacher-314381,centered-314381,singleton,13,centered_cosine,0,13,,,,
teacher-314381,centered-314381,singleton,13,centered_weighted_norm_ratio,13,0,0.0,0.0,0.0,0.0
teacher-314381,centered-314381,singleton,13,centered_dmc_descent_factor,13,0,1.0,1.0,1.0,1.0
teacher-314381,teacher-314382,all,26,absolute_conflict,26,0,0.6923076923076923,1.0,False,True
teacher-314381,teacher-314382,all,26,absolute_strong_conflict,26,0,0.6923076923076923,1.0,False,True
teacher-314381,teacher-314382,all,26,absolute_reverse_dmc,26,0,0,0.0,False,False
teacher-314381,teacher-314382,all,26,centered_conflict,13,13,0.7692307692307693,True,False,True
teacher-314381,teacher-314382,all,26,centered_strong_conflict,13,13,0.7692307692307693,True,False,True
teacher-314381,teacher-314382,all,26,centered_reverse_dmc,26,0,0,0.0,False,False
teacher-314381,teacher-314382,all,26,model_span,26,0,0.5630682549448326,0.3805347944726236,0.0,1.5853896737098694
teacher-314381,teacher-314382,all,26,model_top_gap,13,13,0.556648601177865,0.6353723406791687,0.0012984871864318848,1.248675286769867
teacher-314381,teacher-314382,all,26,teacher_top_gap,13,13,1.0111173120184014,1.497600018978119,0.0,1.600000023841858
teacher-314381,teacher-314382,all,26,top1,26,0,0.9615384615384616,1.0,0,1
teacher-314381,teacher-314382,all,26,teacher_regret,26,0,3.810570790217473e-05,0.0,0.0,0.000990748405456543
teacher-314381,teacher-314382,all,26,saturation_fraction,26,0,0.0,0.0,0.0,0.0
teacher-314381,teacher-314382,all,26,tanh_slope_mean,26,0,0.8073940246640131,0.8363453866704973,0.47039398821874356,0.9983718151634604
teacher-314381,teacher-314382,all,26,loss_dmc,26,0,1.0566091583683515,0.9078531563282013,0.012880315072834492,3.14477276802063
teacher-314381,teacher-314382,all,26,loss_absolute,26,0,0.051833056105981365,0.036615077406167984,0.0016281848074868321,0.16779808700084686
teacher-314381,teacher-314382,all,26,loss_centered,26,0,0.02923977794125676,0.007634384091943502,0.0,0.1453516036272049
teacher-314381,teacher-314382,all,26,absolute_cosine,26,0,-0.2865687698682588,-0.5867214066218158,-0.9999999999999988,0.9999999999999991
teacher-314381,teacher-314382,all,26,absolute_weighted_norm_ratio,26,0,0.05291968417663289,0.012722011313419402,0.003071991979451742,0.7507213969803883
teacher-314381,teacher-314382,all,26,absolute_dmc_descent_factor,26,0,0.9735871102654245,0.9944410405301691,0.5836637034481076,1.0264639214413511
teacher-314381,teacher-314382,all,26,centered_cosine,13,13,-0.3634972250148163,-0.5370507579256762,-0.9555170710298101,0.6781811828520228
teacher-314381,teacher-314382,all,26,centered_weighted_norm_ratio,26,0,0.019605956210893657,0.0014975278186521467,0.0,0.26143104588432714
teacher-314381,teacher-314382,all,26,centered_dmc_descent_factor,26,0,0.9944247993268994,1.0,0.9256434906692299,1.016544290295102
teacher-314381,teacher-314382,multi,13,absolute_conflict,13,0,0.8461538461538461,True,False,True
teacher-314381,teacher-314382,multi,13,absolute_strong_conflict,13,0,0.8461538461538461,True,False,True
teacher-314381,teacher-314382,multi,13,absolute_reverse_dmc,13,0,0,False,False,False
teacher-314381,teacher-314382,multi,13,centered_conflict,13,0,0.7692307692307693,True,False,True
teacher-314381,teacher-314382,multi,13,centered_strong_conflict,13,0,0.7692307692307693,True,False,True
teacher-314381,teacher-314382,multi,13,centered_reverse_dmc,13,0,0,False,False,False
teacher-314381,teacher-314382,multi,13,model_span,13,0,1.1261365098896652,1.1569325029850006,0.7610695889452472,1.5853896737098694
teacher-314381,teacher-314382,multi,13,model_top_gap,13,0,0.556648601177865,0.6353723406791687,0.0012984871864318848,1.248675286769867
teacher-314381,teacher-314382,multi,13,teacher_top_gap,13,0,1.0111173120184014,1.497600018978119,0.0,1.600000023841858
teacher-314381,teacher-314382,multi,13,top1,13,0,0.9230769230769231,1,0,1
teacher-314381,teacher-314382,multi,13,teacher_regret,13,0,7.621141580434945e-05,0.0,0.0,0.000990748405456543
teacher-314381,teacher-314382,multi,13,saturation_fraction,13,0,0.0,0.0,0.0,0.0
teacher-314381,teacher-314382,multi,13,tanh_slope_mean,13,0,0.639088734474997,0.6170277194286564,0.47039398821874356,0.8022019855479168
teacher-314381,teacher-314382,multi,13,loss_dmc,13,0,1.0408113507840495,0.374651163816452,0.012880315072834492,3.14477276802063
teacher-314381,teacher-314382,multi,13,loss_absolute,13,0,0.07936542724760678,0.07939183712005615,0.015276027843356133,0.16779808700084686
teacher-314381,teacher-314382,multi,13,loss_centered,13,0,0.05847955588251352,0.05133838951587677,0.015268768183887005,0.1453516036272049
teacher-314381,teacher-314382,multi,13,absolute_cosine,13,0,-0.4962144628134409,-0.5545816307174853,-0.9787349647895793,0.23356411954909054
teacher-314381,teacher-314382,multi,13,absolute_weighted_norm_ratio,13,0,0.09410805405214723,0.018668155907787726,0.003071991979451742,0.7507213969803883
teacher-314381,teacher-314382,multi,13,absolute_dmc_descent_factor,13,0,0.9468457741079428,0.9936978362503907,0.5836637034481076,1.0043602113982075
teacher-314381,teacher-314382,multi,13,centered_cosine,13,0,-0.3634972250148163,-0.5370507579256762,-0.9555170710298101,0.6781811828520228
teacher-314381,teacher-314382,multi,13,centered_weighted_norm_ratio,13,0,0.039211912421787315,0.011136314433380123,0.0029950556373042935,0.26143104588432714
teacher-314381,teacher-314382,multi,13,centered_dmc_descent_factor,13,0,0.9888495986537988,0.9949800961854586,0.9256434906692299,1.016544290295102
teacher-314381,teacher-314382,singleton,13,absolute_conflict,13,0,0.5384615384615384,True,False,True
teacher-314381,teacher-314382,singleton,13,absolute_strong_conflict,13,0,0.5384615384615384,True,False,True
teacher-314381,teacher-314382,singleton,13,absolute_reverse_dmc,13,0,0,False,False,False
teacher-314381,teacher-314382,singleton,13,centered_conflict,0,13,,,,
teacher-314381,teacher-314382,singleton,13,centered_strong_conflict,0,13,,,,
teacher-314381,teacher-314382,singleton,13,centered_reverse_dmc,13,0,0,False,False,False
teacher-314381,teacher-314382,singleton,13,model_span,13,0,0.0,0.0,0.0,0.0
teacher-314381,teacher-314382,singleton,13,model_top_gap,0,13,,,,
teacher-314381,teacher-314382,singleton,13,teacher_top_gap,0,13,,,,
teacher-314381,teacher-314382,singleton,13,top1,13,0,1,1,1,1
teacher-314381,teacher-314382,singleton,13,teacher_regret,13,0,0.0,0.0,0.0,0.0
teacher-314381,teacher-314382,singleton,13,saturation_fraction,13,0,0.0,0.0,0.0,0.0
teacher-314381,teacher-314382,singleton,13,tanh_slope_mean,13,0,0.9756993148530293,0.9929012477338537,0.8704887877930778,0.9983718151634604
teacher-314381,teacher-314382,singleton,13,loss_dmc,13,0,1.0724069659526532,0.920926570892334,0.7215960621833801,1.8492645025253296
teacher-314381,teacher-314382,singleton,13,loss_absolute,13,0,0.024300684964355942,0.007098752073943615,0.0016281848074868321,0.12951120734214783
teacher-314381,teacher-314382,singleton,13,loss_centered,13,0,0.0,0.0,0.0,0.0
teacher-314381,teacher-314382,singleton,13,absolute_cosine,13,0,-0.0769230769230767,-0.9999999999999978,-0.9999999999999988,0.9999999999999991
teacher-314381,teacher-314382,singleton,13,absolute_weighted_norm_ratio,13,0,0.01173131430111856,0.009200597681148457,0.004204741844640316,0.02646392144135126
teacher-314381,teacher-314382,singleton,13,absolute_dmc_descent_factor,13,0,1.0003284464229063,0.9957952581553597,0.9822792791804186,1.0264639214413511
teacher-314381,teacher-314382,singleton,13,centered_cosine,0,13,,,,
teacher-314381,teacher-314382,singleton,13,centered_weighted_norm_ratio,13,0,0.0,0.0,0.0,0.0
teacher-314381,teacher-314382,singleton,13,centered_dmc_descent_factor,13,0,1.0,1.0,1.0,1.0
teacher-314381,absolute-314382,all,26,absolute_conflict,26,0,0.5,0.5,False,True
teacher-314381,absolute-314382,all,26,absolute_strong_conflict,26,0,0.5,0.5,False,True
teacher-314381,absolute-314382,all,26,absolute_reverse_dmc,26,0,0,0.0,False,False
teacher-314381,absolute-314382,all,26,centered_conflict,13,13,0.6153846153846154,True,False,True
teacher-314381,absolute-314382,all,26,centered_strong_conflict,13,13,0.23076923076923078,False,False,True
teacher-314381,absolute-314382,all,26,centered_reverse_dmc,26,0,0,0.0,False,False
teacher-314381,absolute-314382,all,26,model_span,26,0,0.10251962364866184,0.027205464895814657,0.0,0.3793507367372513
teacher-314381,absolute-314382,all,26,model_top_gap,13,13,0.08726205211132765,0.05100107192993164,0.0021714121103286743,0.23895999789237976
teacher-314381,absolute-314382,all,26,teacher_top_gap,13,13,1.0111173120184014,1.497600018978119,0.0,1.600000023841858
teacher-314381,absolute-314382,all,26,top1,26,0,0.8846153846153846,1.0,0,1
teacher-314381,absolute-314382,all,26,teacher_regret,26,0,0.09164552046702458,0.0,0.0,1.192460536956787
teacher-314381,absolute-314382,all,26,saturation_fraction,26,0,0.0,0.0,0.0,0.0
teacher-314381,absolute-314382,all,26,tanh_slope_mean,26,0,0.9724507071955698,0.9893180047097838,0.8088382222944084,0.9998989547648708
teacher-314381,absolute-314382,all,26,loss_dmc,26,0,1.1021183671859593,1.0230806469917297,0.4939028322696686,2.065603017807007
teacher-314381,absolute-314382,all,26,loss_absolute,26,0,0.27427824467052303,0.2584138512611389,0.00010104523244081065,0.7994224429130554
teacher-314381,absolute-314382,all,26,loss_centered,26,0,0.16397485366234413,0.07547509670257568,0.0,0.5972114205360413
teacher-314381,absolute-314382,all,26,absolute_cosine,26,0,0.05037809391688009,0.27664482847380856,-0.9999999999999989,0.999999999999999
teacher-314381,absolute-314382,all,26,absolute_weighted_norm_ratio,26,0,0.03079360000336927,0.02270373810411721,0.0009952086940590481,0.11581573031795897
teacher-314381,absolute-314382,all,26,absolute_dmc_descent_factor,26,0,0.9972985424685308,0.99988315937821,0.9092631062703538,1.0546847650854707
teacher-314381,absolute-314382,all,26,centered_cosine,13,13,0.005081975163618246,-0.010467199701012134,-0.3869095233118764,0.4738015810927419
teacher-314381,absolute-314382,all,26,centered_weighted_norm_ratio,26,0,0.006653695759620596,0.002915652515208751,0.0,0.023319597210958703
teacher-314381,absolute-314382,all,26,centered_dmc_descent_factor,26,0,1.0001491380173393,1.0,0.9967669426735929,1.0074891130124837
teacher-314381,absolute-314382,multi,13,absolute_conflict,13,0,0.5384615384615384,True,False,True
teacher-314381,absolute-314382,multi,13,absolute_strong_conflict,13,0,0.5384615384615384,True,False,True
teacher-314381,absolute-314382,multi,13,absolute_reverse_dmc,13,0,0,False,False,False
teacher-314381,absolute-314382,multi,13,centered_conflict,13,0,0.6153846153846154,True,False,True
teacher-314381,absolute-314382,multi,13,centered_strong_conflict,13,0,0.23076923076923078,False,False,True
teacher-314381,absolute-314382,multi,13,centered_reverse_dmc,13,0,0,False,False,False
teacher-314381,absolute-314382,multi,13,model_span,13,0,0.20503924729732367,0.23895999789237976,0.054410929791629314,0.3793507367372513
teacher-314381,absolute-314382,multi,13,model_top_gap,13,0,0.08726205211132765,0.05100107192993164,0.0021714121103286743,0.23895999789237976
teacher-314381,absolute-314382,multi,13,teacher_top_gap,13,0,1.0111173120184014,1.497600018978119,0.0,1.600000023841858
teacher-314381,absolute-314382,multi,13,top1,13,0,0.7692307692307693,1,0,1
teacher-314381,absolute-314382,multi,13,teacher_regret,13,0,0.18329104093404916,0.0,0.0,1.192460536956787
teacher-314381,absolute-314382,multi,13,saturation_fraction,13,0,0.0,0.0,0.0,0.0
teacher-314381,absolute-314382,multi,13,tanh_slope_mean,13,0,0.9699304026898472,0.9853454952226555,0.9169201631800329,0.9990621975043776
teacher-314381,absolute-314382,multi,13,loss_dmc,13,0,1.1306102848969972,1.0264651775360107,0.4939028322696686,1.817865252494812
teacher-314381,absolute-314382,multi,13,loss_absolute,13,0,0.5235275007211245,0.539154589176178,0.3256659209728241,0.7994224429130554
teacher-314381,absolute-314382,multi,13,loss_centered,13,0,0.32794970732468826,0.26466572284698486,0.15095019340515137,0.5972114205360413
teacher-314381,absolute-314382,multi,13,absolute_cosine,13,0,0.023833110910683162,-0.1972420650042476,-0.9641076524156784,0.9598219943138199
teacher-314381,absolute-314382,multi,13,absolute_weighted_norm_ratio,13,0,0.05117467559749794,0.046445809020907204,0.020519854967680114,0.11581573031795897
teacher-314381,absolute-314382,multi,13,absolute_dmc_descent_factor,13,0,0.9942783917410634,0.9954380666261613,0.9092631062703538,1.0546847650854707
teacher-314381,absolute-314382,multi,13,centered_cosine,13,0,0.005081975163618246,-0.010467199701012134,-0.3869095233118764,0.4738015810927419
teacher-314381,absolute-314382,multi,13,centered_weighted_norm_ratio,13,0,0.013307391519241192,0.011799197462109251,0.005831305030417502,0.023319597210958703
teacher-314381,absolute-314382,multi,13,centered_dmc_descent_factor,13,0,1.0002982760346788,0.9998289518443404,0.9967669426735929,1.0074891130124837
teacher-314381,absolute-314382,singleton,13,absolute_conflict,13,0,0.46153846153846156,False,False,True
teacher-314381,absolute-314382,singleton,13,absolute_strong_conflict,13,0,0.46153846153846156,False,False,True
teacher-314381,absolute-314382,singleton,13,absolute_reverse_dmc,13,0,0,False,False,False
teacher-314381,absolute-314382,singleton,13,centered_conflict,0,13,,,,
teacher-314381,absolute-314382,singleton,13,centered_strong_conflict,0,13,,,,
teacher-314381,absolute-314382,singleton,13,centered_reverse_dmc,13,0,0,False,False,False
teacher-314381,absolute-314382,singleton,13,model_span,13,0,0.0,0.0,0.0,0.0
teacher-314381,absolute-314382,singleton,13,model_top_gap,0,13,,,,
teacher-314381,absolute-314382,singleton,13,teacher_top_gap,0,13,,,,
teacher-314381,absolute-314382,singleton,13,top1,13,0,1,1,1,1
teacher-314381,absolute-314382,singleton,13,teacher_regret,13,0,0.0,0.0,0.0,0.0
teacher-314381,absolute-314382,singleton,13,saturation_fraction,13,0,0.0,0.0,0.0,0.0
teacher-314381,absolute-314382,singleton,13,tanh_slope_mean,13,0,0.9749710117012924,0.9937967476871028,0.8088382222944084,0.9998989547648708
teacher-314381,absolute-314382,singleton,13,loss_dmc,13,0,1.0736264494749217,1.0202052593231201,0.6688014268875122,2.065603017807007
teacher-314381,absolute-314382,singleton,13,loss_absolute,13,0,0.02502898861992155,0.0062032523564994335,0.00010104523244081065,0.19116178154945374
teacher-314381,absolute-314382,singleton,13,loss_centered,13,0,0.0,0.0,0.0,0.0
teacher-314381,absolute-314382,singleton,13,absolute_cosine,13,0,0.07692307692307701,0.9999999999999981,-0.9999999999999989,0.999999999999999
teacher-314381,absolute-314382,singleton,13,absolute_weighted_norm_ratio,13,0,0.0104125244092406,0.007301037662900179,0.0009952086940590481,0.030421255032833952
teacher-314381,absolute-314382,singleton,13,absolute_dmc_descent_factor,13,0,1.0003186931959982,1.000995208694059,0.9777211265760672,1.030421255032834
teacher-314381,absolute-314382,singleton,13,centered_cosine,0,13,,,,
teacher-314381,absolute-314382,singleton,13,centered_weighted_norm_ratio,13,0,0.0,0.0,0.0,0.0
teacher-314381,absolute-314382,singleton,13,centered_dmc_descent_factor,13,0,1.0,1.0,1.0,1.0
teacher-314381,centered-314382,all,26,absolute_conflict,26,0,0.4230769230769231,0.0,False,True
teacher-314381,centered-314382,all,26,absolute_strong_conflict,26,0,0.38461538461538464,0.0,False,True
teacher-314381,centered-314382,all,26,absolute_reverse_dmc,26,0,0,0.0,False,False
teacher-314381,centered-314382,all,26,centered_conflict,13,13,0.6153846153846154,True,False,True
teacher-314381,centered-314382,all,26,centered_strong_conflict,13,13,0.3076923076923077,False,False,True
teacher-314381,centered-314382,all,26,centered_reverse_dmc,26,0,0,0.0,False,False
teacher-314381,centered-314382,all,26,model_span,26,0,0.08331299660942303,0.0038614668883383274,0.0,0.522160429507494
teacher-314381,centered-314382,all,26,model_top_gap,13,13,0.06485679451949321,0.02799077332019806,0.003359951078891754,0.2831692658364773
teacher-314381,centered-314382,all,26,teacher_top_gap,13,13,1.0111173120184014,1.497600018978119,0.0,1.600000023841858
teacher-314381,centered-314382,all,26,top1,26,0,0.8076923076923077,1.0,0,1
teacher-314381,centered-314382,all,26,teacher_regret,26,0,0.16156261013104364,0.0,0.0,1.5135999917984009
teacher-314381,centered-314382,all,26,saturation_fraction,26,0,0.0,0.0,0.0,0.0
teacher-314381,centered-314382,all,26,tanh_slope_mean,26,0,0.9767323211613601,0.9938390752387438,0.8693344736182089,0.9999436937528752
teacher-314381,centered-314382,all,26,loss_dmc,26,0,1.088832791034992,1.0410982966423035,0.4077117443084717,1.8230215311050415
teacher-314381,centered-314382,all,26,loss_absolute,26,0,0.2753314998835077,0.16272395104169846,5.6306245824089274e-05,0.8590259552001953
teacher-314381,centered-314382,all,26,loss_centered,26,0,0.17099042924550864,0.07771454751491547,0.0,0.633836567401886
teacher-314381,centered-314382,all,26,absolute_cosine,26,0,0.1319172323620041,0.44543292242571086,-0.999999999999999,0.9999999999999994
teacher-314381,centered-314382,all,26,absolute_weighted_norm_ratio,26,0,0.02619227940381464,0.023501101601925034,0.0007560480781749788,0.06942923445853336
teacher-314381,centered-314382,all,26,absolute_dmc_descent_factor,26,0,0.999526939726875,1.001283341952342,0.9433885987260532,1.0561274654572192
teacher-314381,centered-314382,all,26,centered_cosine,13,13,-0.06666270617444563,-0.028846552894786073,-0.6295036014567054,0.29253512999564657
teacher-314381,centered-314382,all,26,centered_weighted_norm_ratio,26,0,0.006162443134589703,0.00293088060055638,0.0,0.02306475268674607
teacher-314381,centered-314382,all,26,centered_dmc_descent_factor,26,0,0.999718181823741,1.0,0.988999358072625,1.0067472504255348
teacher-314381,centered-314382,multi,13,absolute_conflict,13,0,0.46153846153846156,False,False,True
teacher-314381,centered-314382,multi,13,absolute_strong_conflict,13,0,0.38461538461538464,False,False,True
teacher-314381,centered-314382,multi,13,absolute_reverse_dmc,13,0,0,False,False,False
teacher-314381,centered-314382,multi,13,centered_conflict,13,0,0.6153846153846154,True,False,True
teacher-314381,centered-314382,multi,13,centered_strong_conflict,13,0,0.3076923076923077,False,False,True
teacher-314381,centered-314382,multi,13,centered_reverse_dmc,13,0,0,False,False,False
teacher-314381,centered-314382,multi,13,model_span,13,0,0.16662599321884605,0.146078210324049,0.007722933776676655,0.522160429507494
teacher-314381,centered-314382,multi,13,model_top_gap,13,0,0.06485679451949321,0.02799077332019806,0.003359951078891754,0.2831692658364773
teacher-314381,centered-314382,multi,13,teacher_top_gap,13,0,1.0111173120184014,1.497600018978119,0.0,1.600000023841858
teacher-314381,centered-314382,multi,13,top1,13,0,0.6153846153846154,1,0,1
teacher-314381,centered-314382,multi,13,teacher_regret,13,0,0.3231252202620873,0.0,0.0,1.5135999917984009
teacher-314381,centered-314382,multi,13,saturation_fraction,13,0,0.0,0.0,0.0,0.0
teacher-314381,centered-314382,multi,13,tanh_slope_mean,13,0,0.9743789362386488,0.9881790914740856,0.9183643525896911,0.9997456441520338
teacher-314381,centered-314382,multi,13,loss_dmc,13,0,1.1637793733523443,1.1017102003097534,0.8061336278915405,1.8230215311050415
teacher-314381,centered-314382,multi,13,loss_absolute,13,0,0.5297487057172335,0.4916573762893677,0.19478237628936768,0.8590259552001953
teacher-314381,centered-314382,multi,13,loss_centered,13,0,0.3419808584910173,0.2918272018432617,0.15542909502983093,0.633836567401886
teacher-314381,centered-314382,multi,13,absolute_cosine,13,0,0.033065233954777506,0.011690908001324772,-0.9644178904397438,0.9714783519894916
teacher-314381,centered-314382,multi,13,absolute_weighted_norm_ratio,13,0,0.041854223671428534,0.04315554529697275,0.016018066975451595,0.06942923445853336
teacher-314381,centered-314382,multi,13,absolute_dmc_descent_factor,13,0,1.0020036759443323,1.000293780035792,0.9484125056959046,1.0561274654572192
teacher-314381,centered-314382,multi,13,centered_cosine,13,0,-0.06666270617444563,-0.028846552894786073,-0.6295036014567054,0.29253512999564657
teacher-314381,centered-314382,multi,13,centered_weighted_norm_ratio,13,0,0.012324886269179406,0.012389636271720739,0.00586176120111276,0.02306475268674607
teacher-314381,centered-314382,multi,13,centered_dmc_descent_factor,13,0,0.9994363636474819,0.9998075300541049,0.988999358072625,1.0067472504255348
teacher-314381,centered-314382,singleton,13,absolute_conflict,13,0,0.38461538461538464,False,False,True
teacher-314381,centered-314382,singleton,13,absolute_strong_conflict,13,0,0.38461538461538464,False,False,True
teacher-314381,centered-314382,singleton,13,absolute_reverse_dmc,13,0,0,False,False,False
teacher-314381,centered-314382,singleton,13,centered_conflict,0,13,,,,
teacher-314381,centered-314382,singleton,13,centered_strong_conflict,0,13,,,,
teacher-314381,centered-314382,singleton,13,centered_reverse_dmc,13,0,0,False,False,False
teacher-314381,centered-314382,singleton,13,model_span,13,0,0.0,0.0,0.0,0.0
teacher-314381,centered-314382,singleton,13,model_top_gap,0,13,,,,
teacher-314381,centered-314382,singleton,13,teacher_top_gap,0,13,,,,
teacher-314381,centered-314382,singleton,13,top1,13,0,1,1,1,1
teacher-314381,centered-314382,singleton,13,teacher_regret,13,0,0.0,0.0,0.0,0.0
teacher-314381,centered-314382,singleton,13,saturation_fraction,13,0,0.0,0.0,0.0,0.0
teacher-314381,centered-314382,singleton,13,tanh_slope_mean,13,0,0.9790857060840714,0.999301688843214,0.8693344736182089,0.9999436937528752
teacher-314381,centered-314382,singleton,13,loss_dmc,13,0,1.0138862087176397,1.0356025695800781,0.4077117443084717,1.6383272409439087
teacher-314381,centered-314382,singleton,13,loss_absolute,13,0,0.02091429404978184,0.0006983111379668117,5.6306245824089274e-05,0.13066552579402924
teacher-314381,centered-314382,singleton,13,loss_centered,13,0,0.0,0.0,0.0,0.0
teacher-314381,centered-314382,singleton,13,absolute_cosine,13,0,0.23076923076923064,0.9999999999999984,-0.999999999999999,0.9999999999999994
teacher-314381,centered-314382,singleton,13,absolute_weighted_norm_ratio,13,0,0.01053033513620075,0.002714284327806021,0.0007560480781749788,0.0566114012739469
teacher-314381,centered-314382,singleton,13,absolute_dmc_descent_factor,13,0,0.9970502035094179,1.0017339623300507,0.9433885987260532,1.0218732708951832
teacher-314381,centered-314382,singleton,13,centered_cosine,0,13,,,,
teacher-314381,centered-314382,singleton,13,centered_weighted_norm_ratio,13,0,0.0,0.0,0.0,0.0
teacher-314381,centered-314382,singleton,13,centered_dmc_descent_factor,13,0,1.0,1.0,1.0,1.0
absolute-314381,teacher-314380,all,26,absolute_conflict,26,0,0.4230769230769231,0.0,False,True
absolute-314381,teacher-314380,all,26,absolute_strong_conflict,26,0,0.4230769230769231,0.0,False,True
absolute-314381,teacher-314380,all,26,absolute_reverse_dmc,26,0,0,0.0,False,False
absolute-314381,teacher-314380,all,26,centered_conflict,9,17,0.5555555555555556,True,False,True
absolute-314381,teacher-314380,all,26,centered_strong_conflict,9,17,0.5555555555555556,True,False,True
absolute-314381,teacher-314380,all,26,centered_reverse_dmc,26,0,0,0.0,False,False
absolute-314381,teacher-314380,all,26,model_span,26,0,0.38686196964520675,0.0,0.0,1.3656334280967712
absolute-314381,teacher-314380,all,26,model_top_gap,9,17,0.5178480346997579,0.02606821060180664,0.00010389089584350586,1.2517541646957397
absolute-314381,teacher-314380,all,26,teacher_top_gap,9,17,0.7271325323316786,0.13333332538604736,0.0,1.600000023841858
absolute-314381,teacher-314380,all,26,top1,26,0,0.8846153846153846,1.0,0,1
absolute-314381,teacher-314380,all,26,teacher_regret,26,0,0.0013345434115483211,0.0,0.0,0.026643335819244385
absolute-314381,teacher-314380,all,26,saturation_fraction,26,0,0.0,0.0,0.0,0.0
absolute-314381,teacher-314380,all,26,tanh_slope_mean,26,0,0.8559950066225935,0.9887829726879249,0.2721247994419997,0.9998788141758717
absolute-314381,teacher-314380,all,26,loss_dmc,26,0,1.5594363457594926,1.045036494731903,0.02260724827647209,3.697504758834839
absolute-314381,teacher-314380,all,26,loss_absolute,26,0,0.05603385527138016,0.01112221647053957,0.00012118582526454702,0.4687286615371704
absolute-314381,teacher-314380,all,26,loss_centered,26,0,0.020708835647942927,0.0,0.0,0.23935723304748535
absolute-314381,teacher-314380,all,26,absolute_cosine,26,0,0.08998912097898344,0.45236133899293646,-0.9999999999999988,0.9999999999999989
absolute-314381,teacher-314380,all,26,absolute_weighted_norm_ratio,26,0,0.024395354786875236,0.008661595020429099,0.0010888577047655599,0.28736287866969945
absolute-314381,teacher-314380,all,26,absolute_dmc_descent_factor,26,0,0.9960738820623293,1.0011589462066164,0.9081729691800944,1.032610013843339
absolute-314381,teacher-314380,all,26,centered_cosine,9,17,-0.1098469641420621,-0.15421225095595126,-0.9119002475989317,0.8391897061243436
absolute-314381,teacher-314380,all,26,centered_weighted_norm_ratio,26,0,0.007414749736654124,0.0,0.0,0.12875391718571833
absolute-314381,teacher-314380,all,26,centered_dmc_descent_factor,26,0,1.0011972345509619,1.0,0.987636117344423,1.0398364836278724
absolute-314381,teacher-314380,multi,9,absolute_conflict,9,0,0.3333333333333333,False,False,True
absolute-314381,teacher-314380,multi,9,absolute_strong_conflict,9,0,0.3333333333333333,False,False,True
absolute-314381,teacher-314380,multi,9,absolute_reverse_dmc,9,0,0,False,False,False
absolute-314381,teacher-314380,multi,9,centered_conflict,9,0,0.5555555555555556,True,False,True
absolute-314381,teacher-314380,multi,9,centered_strong_conflict,9,0,0.5555555555555556,True,False,True
absolute-314381,teacher-314380,multi,9,centered_reverse_dmc,9,0,0,False,False,False
absolute-314381,teacher-314380,multi,9,model_span,9,0,1.1176012456417084,1.2517541646957397,0.21340423822402954,1.3656334280967712
absolute-314381,teacher-314380,multi,9,model_top_gap,9,0,0.5178480346997579,0.02606821060180664,0.00010389089584350586,1.2517541646957397
absolute-314381,teacher-314380,multi,9,teacher_top_gap,9,0,0.7271325323316786,0.13333332538604736,0.0,1.600000023841858
absolute-314381,teacher-314380,multi,9,top1,9,0,0.6666666666666666,1,0,1
absolute-314381,teacher-314380,multi,9,teacher_regret,9,0,0.0038553476333618164,0.0,0.0,0.026643335819244385
absolute-314381,teacher-314380,multi,9,saturation_fraction,9,0,0.0,0.0,0.0,0.0
absolute-314381,teacher-314380,multi,9,tanh_slope_mean,9,0,0.5968076512998013,0.5919024907653028,0.2721247994419997,0.8055199221841223
absolute-314381,teacher-314380,multi,9,loss_dmc,9,0,2.6012430435253515,3.2745912075042725,0.02260724827647209,3.697504758834839
absolute-314381,teacher-314380,multi,9,loss_absolute,9,0,0.14905350531140962,0.12271416187286377,0.012044813483953476,0.4687286615371704
absolute-314381,teacher-314380,multi,9,loss_centered,9,0,0.059825525205168456,0.04912225902080536,0.009929611347615719,0.23935723304748535
absolute-314381,teacher-314380,multi,9,absolute_cosine,9,0,0.1488574606059524,0.4515086852980605,-0.9851332144915701,0.8949491671383452
absolute-314381,teacher-314380,multi,9,absolute_weighted_norm_ratio,9,0,0.05800655597726391,0.028626348180216962,0.002312706477057382,0.28736287866969945
absolute-314381,teacher-314380,multi,9,absolute_dmc_descent_factor,9,0,0.9898825553037882,1.0075889519404926,0.9081729691800944,1.032610013843339
absolute-314381,teacher-314380,multi,9,centered_cosine,9,0,-0.1098469641420621,-0.15421225095595126,-0.9119002475989317,0.8391897061243436
absolute-314381,teacher-314380,multi,9,centered_weighted_norm_ratio,9,0,0.021420388128111915,0.006848329550150459,0.0015177049104955116,0.12875391718571833
absolute-314381,teacher-314380,multi,9,centered_dmc_descent_factor,9,0,1.0034586775916674,0.998616004516337,0.987636117344423,1.0398364836278724
absolute-314381,teacher-314380,singleton,17,absolute_conflict,17,0,0.47058823529411764,False,False,True
absolute-314381,teacher-314380,singleton,17,absolute_strong_conflict,17,0,0.47058823529411764,False,False,True
absolute-314381,teacher-314380,singleton,17,absolute_reverse_dmc,17,0,0,False,False,False
absolute-314381,teacher-314380,singleton,17,centered_conflict,0,17,,,,
absolute-314381,teacher-314380,singleton,17,centered_strong_conflict,0,17,,,,
absolute-314381,teacher-314380,singleton,17,centered_reverse_dmc,17,0,0,False,False,False
absolute-314381,teacher-314380,singleton,17,model_span,17,0,0.0,0.0,0.0,0.0
absolute-314381,teacher-314380,singleton,17,model_top_gap,0,17,,,,
absolute-314381,teacher-314380,singleton,17,teacher_top_gap,0,17,,,,
absolute-314381,teacher-314380,singleton,17,top1,17,0,1,1,1,1
absolute-314381,teacher-314380,singleton,17,teacher_regret,17,0,0.0,0.0,0.0,0.0
absolute-314381,teacher-314380,singleton,17,saturation_fraction,17,0,0.0,0.0,0.0,0.0
absolute-314381,teacher-314380,singleton,17,tanh_slope_mean,17,0,0.9932118417934834,0.9963441449830839,0.9684566322443748,0.9998788141758717
absolute-314381,teacher-314380,singleton,17,loss_dmc,17,0,1.0078916234128616,1.022138237953186,0.6763342618942261,1.3402812480926514
absolute-314381,teacher-314380,singleton,17,loss_absolute,17,0,0.0067881581913645595,0.0036558550782501698,0.00012118582526454702,0.031543366611003876
absolute-314381,teacher-314380,singleton,17,loss_centered,17,0,0.0,0.0,0.0,0.0
absolute-314381,teacher-314380,singleton,17,absolute_cosine,17,0,0.058823529411764594,0.9999999999999976,-0.9999999999999988,0.9999999999999989
absolute-314381,teacher-314380,singleton,17,absolute_weighted_norm_ratio,17,0,0.006601189450787118,0.005701625547269623,0.0010888577047655599,0.021596001432991563
absolute-314381,teacher-314380,singleton,17,absolute_dmc_descent_factor,17,0,0.9993516432874393,1.0010888577047656,0.9784039985670084,1.0136222238971997
absolute-314381,teacher-314380,singleton,17,centered_cosine,0,17,,,,
absolute-314381,teacher-314380,singleton,17,centered_weighted_norm_ratio,17,0,0.0,0.0,0.0,0.0
absolute-314381,teacher-314380,singleton,17,centered_dmc_descent_factor,17,0,1.0,1.0,1.0,1.0
absolute-314381,absolute-314380,all,26,absolute_conflict,26,0,0.6153846153846154,1.0,False,True
absolute-314381,absolute-314380,all,26,absolute_strong_conflict,26,0,0.6153846153846154,1.0,False,True
absolute-314381,absolute-314380,all,26,absolute_reverse_dmc,26,0,0,0.0,False,False
absolute-314381,absolute-314380,all,26,centered_conflict,9,17,0.7777777777777778,True,False,True
absolute-314381,absolute-314380,all,26,centered_strong_conflict,9,17,0.6666666666666666,True,False,True
absolute-314381,absolute-314380,all,26,centered_reverse_dmc,26,0,0,0.0,False,False
absolute-314381,absolute-314380,all,26,model_span,26,0,0.06651743889177361,0.0,0.0,0.34369162865914404
absolute-314381,absolute-314380,all,26,model_top_gap,9,17,0.08208091639810139,0.042727962136268616,0.00635102391242981,0.21302634850144386
absolute-314381,absolute-314380,all,26,teacher_top_gap,9,17,0.7271325323316786,0.13333332538604736,0.0,1.600000023841858
absolute-314381,absolute-314380,all,26,top1,26,0,0.8846153846153846,1.0,0,1
absolute-314381,absolute-314380,all,26,teacher_regret,26,0,0.006446918615928063,0.0,0.0,0.13333332538604736
absolute-314381,absolute-314380,all,26,saturation_fraction,26,0,0.0,0.0,0.0,0.0
absolute-314381,absolute-314380,all,26,tanh_slope_mean,26,0,0.9543423588187048,0.9797896541341168,0.8488319461003583,0.9996141319388667
absolute-314381,absolute-314380,all,26,loss_dmc,26,0,0.9945286191426791,0.8513492941856384,0.3873327076435089,2.0566155910491943
absolute-314381,absolute-314380,all,26,loss_absolute,26,0,0.21133480045738487,0.08093982934951782,0.00038586807204410434,0.8504976034164429
absolute-314381,absolute-314380,all,26,loss_centered,26,0,0.12386602392563453,0.0,0.0,0.5402598977088928
absolute-314381,absolute-314380,all,26,absolute_cosine,26,0,-0.24612527589772626,-0.975222342825572,-0.9999999999999991,0.9999999999999989
absolute-314381,absolute-314380,all,26,absolute_weighted_norm_ratio,26,0,0.026485730303239356,0.018738857136792502,0.0019265090294309352,0.09860845810988551
absolute-314381,absolute-314380,all,26,absolute_dmc_descent_factor,26,0,0.985720880496073,0.9916187981298412,0.903535358553437,1.025069399356807
absolute-314381,absolute-314380,all,26,centered_cosine,9,17,-0.17617919786120706,-0.15892031179635974,-0.5940780266320349,0.4763047543984508
absolute-314381,absolute-314380,all,26,centered_weighted_norm_ratio,26,0,0.004113351800760719,0.0,0.0,0.029170385964764498
absolute-314381,absolute-314380,all,26,centered_dmc_descent_factor,26,0,0.9997783779250912,1.0,0.9931119754397232,1.0138939935226552
absolute-314381,absolute-314380,multi,9,absolute_conflict,9,0,0.5555555555555556,True,False,True
absolute-314381,absolute-314380,multi,9,absolute_strong_conflict,9,0,0.5555555555555556,True,False,True
absolute-314381,absolute-314380,multi,9,absolute_reverse_dmc,9,0,0,False,False,False
absolute-314381,absolute-314380,multi,9,centered_conflict,9,0,0.7777777777777778,True,False,True
absolute-314381,absolute-314380,multi,9,centered_strong_conflict,9,0,0.6666666666666666,True,False,True
absolute-314381,absolute-314380,multi,9,centered_reverse_dmc,9,0,0,False,False,False
absolute-314381,absolute-314380,multi,9,model_span,9,0,0.19216149013179043,0.16858507692813873,0.08144387602806091,0.34369162865914404
absolute-314381,absolute-314380,multi,9,model_top_gap,9,0,0.08208091639810139,0.042727962136268616,0.00635102391242981,0.21302634850144386
absolute-314381,absolute-314380,multi,9,teacher_top_gap,9,0,0.7271325323316786,0.13333332538604736,0.0,1.600000023841858
absolute-314381,absolute-314380,multi,9,top1,9,0,0.6666666666666666,1,0,1
absolute-314381,absolute-314380,multi,9,teacher_regret,9,0,0.018624431557125516,0.0,0.0,0.13333332538604736
absolute-314381,absolute-314380,multi,9,saturation_fraction,9,0,0.0,0.0,0.0,0.0
absolute-314381,absolute-314380,multi,9,tanh_slope_mean,9,0,0.9423152060661554,0.9285846130820161,0.8488319461003583,0.9927957755379833
absolute-314381,absolute-314380,multi,9,loss_dmc,9,0,1.189224660396576,0.9729158282279968,0.6267425417900085,2.0566155910491943
absolute-314381,absolute-314380,multi,9,loss_absolute,9,0,0.5363076991505094,0.5359088778495789,0.21878305077552795,0.8504976034164429
absolute-314381,absolute-314380,multi,9,loss_centered,9,0,0.35783518022961086,0.3173482120037079,0.11364211142063141,0.5402598977088928
absolute-314381,absolute-314380,multi,9,absolute_cosine,9,0,-0.15547301926009913,-0.520484526656018,-0.983019911903452,0.9848506492281568
absolute-314381,absolute-314380,multi,9,absolute_weighted_norm_ratio,9,0,0.03848929646344508,0.025455026481887653,0.012751960283721844,0.09860845810988551
absolute-314381,absolute-314380,multi,9,absolute_dmc_descent_factor,9,0,0.9824757587715977,0.9925417756974679,0.903535358553437,1.025069399356807
absolute-314381,absolute-314380,multi,9,centered_cosine,9,0,-0.17617919786120706,-0.15892031179635974,-0.5940780266320349,0.4763047543984508
absolute-314381,absolute-314380,multi,9,centered_weighted_norm_ratio,9,0,0.011883016313308747,0.011530346562339951,0.0027121007186941375,0.029170385964764498
absolute-314381,absolute-314380,multi,9,centered_dmc_descent_factor,9,0,0.9993597584502634,0.9984210984745476,0.9931119754397232,1.0138939935226552
absolute-314381,absolute-314380,singleton,17,absolute_conflict,17,0,0.6470588235294118,True,False,True
absolute-314381,absolute-314380,singleton,17,absolute_strong_conflict,17,0,0.6470588235294118,True,False,True
absolute-314381,absolute-314380,singleton,17,absolute_reverse_dmc,17,0,0,False,False,False
absolute-314381,absolute-314380,singleton,17,centered_conflict,0,17,,,,
absolute-314381,absolute-314380,singleton,17,centered_strong_conflict,0,17,,,,
absolute-314381,absolute-314380,singleton,17,centered_reverse_dmc,17,0,0,False,False,False
absolute-314381,absolute-314380,singleton,17,model_span,17,0,0.0,0.0,0.0,0.0
absolute-314381,absolute-314380,singleton,17,model_top_gap,0,17,,,,
absolute-314381,absolute-314380,singleton,17,teacher_top_gap,0,17,,,,
absolute-314381,absolute-314380,singleton,17,top1,17,0,1,1,1,1
absolute-314381,absolute-314380,singleton,17,teacher_regret,17,0,0.0,0.0,0.0,0.0
absolute-314381,absolute-314380,singleton,17,saturation_fraction,17,0,0.0,0.0,0.0,0.0
absolute-314381,absolute-314380,singleton,17,tanh_slope_mean,17,0,0.9607096749818193,0.9825380212516188,0.8573884963487535,0.9996141319388667
absolute-314381,absolute-314380,singleton,17,loss_dmc,17,0,0.8914542443612042,0.8454335331916809,0.3873327076435089,1.628754734992981
absolute-314381,absolute-314380,singleton,17,loss_absolute,17,0,0.03929032467867193,0.017461977899074554,0.00038586807204410434,0.14261150360107422
absolute-314381,absolute-314380,singleton,17,loss_centered,17,0,0.0,0.0,0.0,0.0
absolute-314381,absolute-314380,singleton,17,absolute_cosine,17,0,-0.294117647058823,-0.999999999999998,-0.9999999999999991,0.9999999999999989
absolute-314381,absolute-314380,singleton,17,absolute_weighted_norm_ratio,17,0,0.020130901159601037,0.015226460401127736,0.0019265090294309352,0.06067855069546956
absolute-314381,absolute-314380,singleton,17,absolute_dmc_descent_factor,17,0,0.9874388861149128,0.9912422405729393,0.9393214493045305,1.0216440229642079
absolute-314381,absolute-314380,singleton,17,centered_cosine,0,17,,,,
absolute-314381,absolute-314380,singleton,17,centered_weighted_norm_ratio,17,0,0.0,0.0,0.0,0.0
absolute-314381,absolute-314380,singleton,17,centered_dmc_descent_factor,17,0,1.0,1.0,1.0,1.0
absolute-314381,centered-314380,all,26,absolute_conflict,26,0,0.5769230769230769,1.0,False,True
absolute-314381,centered-314380,all,26,absolute_strong_conflict,26,0,0.5769230769230769,1.0,False,True
absolute-314381,centered-314380,all,26,absolute_reverse_dmc,26,0,0,0.0,False,False
absolute-314381,centered-314380,all,26,centered_conflict,9,17,0.7777777777777778,True,False,True
absolute-314381,centered-314380,all,26,centered_strong_conflict,9,17,0.6666666666666666,True,False,True
absolute-314381,centered-314380,all,26,centered_reverse_dmc,26,0,0,0.0,False,False
absolute-314381,centered-314380,all,26,model_span,26,0,0.05333924997383012,0.0,0.0,0.38046010211110115
absolute-314381,centered-314380,all,26,model_top_gap,9,17,0.051459619413233466,0.02707891073077917,0.0026246272027492523,0.17013517767190933
absolute-314381,centered-314380,all,26,teacher_top_gap,9,17,0.7271325323316786,0.13333332538604736,0.0,1.600000023841858
absolute-314381,centered-314380,all,26,top1,26,0,0.8846153846153846,1.0,0,1
absolute-314381,centered-314380,all,26,teacher_regret,26,0,0.0361290006683423,0.0,0.0,0.9333333522081375
absolute-314381,centered-314380,all,26,saturation_fraction,26,0,0.0,0.0,0.0,0.0
absolute-314381,centered-314380,all,26,tanh_slope_mean,26,0,0.9813766645646034,0.9938295165919909,0.9251232098191179,0.9998352649101566
absolute-314381,centered-314380,all,26,loss_dmc,26,0,1.0225751399993896,1.0009567141532898,0.5396630764007568,1.7796039581298828
absolute-314381,centered-314380,all,26,loss_absolute,26,0,0.18414156721253397,0.014883393421769142,0.000164735087309964,0.8362332582473755
absolute-314381,centered-314380,all,26,loss_centered,26,0,0.13141754097663438,0.0,0.0,0.6185201406478882
absolute-314381,centered-314380,all,26,absolute_cosine,26,0,-0.17531399896503008,-0.8449329950557382,-0.9999999999999992,0.999999999999999
absolute-314381,centered-314380,all,26,absolute_weighted_norm_ratio,26,0,0.01862528386354174,0.010558078637321548,0.0013001794238293451,0.09996322003634324
absolute-314381,centered-314380,all,26,absolute_dmc_descent_factor,26,0,0.9915372410570346,0.9953391003947547,0.9074468299049206,1.0341586059505516
absolute-314381,centered-314380,all,26,centered_cosine,9,17,-0.19748489974749373,-0.15366395432445096,-0.6593233137457165,0.26932685428896463
absolute-314381,centered-314380,all,26,centered_weighted_norm_ratio,26,0,0.004768465219621171,0.0,0.0,0.022833736783903612
absolute-314381,centered-314380,all,26,centered_dmc_descent_factor,26,0,0.9991950852610711,1.0,0.9855131117233221,1.0059507177723217
absolute-314381,centered-314380,multi,9,absolute_conflict,9,0,0.6666666666666666,True,False,True
absolute-314381,centered-314380,multi,9,absolute_strong_conflict,9,0,0.6666666666666666,True,False,True
absolute-314381,centered-314380,multi,9,absolute_reverse_dmc,9,0,0,False,False,False
absolute-314381,centered-314380,multi,9,centered_conflict,9,0,0.7777777777777778,True,False,True
absolute-314381,centered-314380,multi,9,centered_strong_conflict,9,0,0.6666666666666666,True,False,True
absolute-314381,centered-314380,multi,9,centered_reverse_dmc,9,0,0,False,False,False
absolute-314381,centered-314380,multi,9,model_span,9,0,0.1540911665910648,0.14414504170417786,0.02707891073077917,0.38046010211110115
absolute-314381,centered-314380,multi,9,model_top_gap,9,0,0.051459619413233466,0.02707891073077917,0.0026246272027492523,0.17013517767190933
absolute-314381,centered-314380,multi,9,teacher_top_gap,9,0,0.7271325323316786,0.13333332538604736,0.0,1.600000023841858
absolute-314381,centered-314380,multi,9,top1,9,0,0.6666666666666666,1,0,1
absolute-314381,centered-314380,multi,9,teacher_regret,9,0,0.1043726685974333,0.0,0.0,0.9333333522081375
absolute-314381,centered-314380,multi,9,saturation_fraction,9,0,0.0,0.0,0.0,0.0
absolute-314381,centered-314380,multi,9,tanh_slope_mean,9,0,0.9750152086863241,0.9745730051074456,0.9251232098191179,0.9995090124387334
absolute-314381,centered-314380,multi,9,loss_dmc,9,0,1.1550293962160747,1.0274184942245483,0.6852936744689941,1.7796039581298828
absolute-314381,centered-314380,multi,9,loss_absolute,9,0,0.503148572312461,0.5444234609603882,0.3028793931007385,0.8362332582473755
absolute-314381,centered-314380,multi,9,loss_centered,9,0,0.37965067393249935,0.31856614351272583,0.1139812171459198,0.6185201406478882
absolute-314381,centered-314380,multi,9,absolute_cosine,9,0,-0.3953515525656426,-0.7859003916102622,-0.972565974374591,0.7740056377316649
absolute-314381,centered-314380,multi,9,absolute_weighted_norm_ratio,9,0,0.032701180029938395,0.02216865849537388,0.01131126719683798,0.09996322003634324
absolute-314381,centered-314380,multi,9,absolute_dmc_descent_factor,9,0,0.9850291136113309,0.9897750035786032,0.9074468299049206,1.0341586059505516
absolute-314381,centered-314380,multi,9,centered_cosine,9,0,-0.19748489974749373,-0.15366395432445096,-0.6593233137457165,0.26932685428896463
absolute-314381,centered-314380,multi,9,centered_weighted_norm_ratio,9,0,0.013775566190016715,0.010833136912065493,0.005756624780096235,0.022833736783903612
absolute-314381,centered-314380,multi,9,centered_dmc_descent_factor,9,0,0.9976746907542056,0.9985323777349485,0.9855131117233221,1.0059507177723217
absolute-314381,centered-314380,singleton,17,absolute_conflict,17,0,0.5294117647058824,True,False,True
absolute-314381,centered-314380,singleton,17,absolute_strong_conflict,17,0,0.5294117647058824,True,False,True
absolute-314381,centered-314380,singleton,17,absolute_reverse_dmc,17,0,0,False,False,False
absolute-314381,centered-314380,singleton,17,centered_conflict,0,17,,,,
absolute-314381,centered-314380,singleton,17,centered_strong_conflict,0,17,,,,
absolute-314381,centered-314380,singleton,17,centered_reverse_dmc,17,0,0,False,False,False
absolute-314381,centered-314380,singleton,17,model_span,17,0,0.0,0.0,0.0,0.0
absolute-314381,centered-314380,singleton,17,model_top_gap,0,17,,,,
absolute-314381,centered-314380,singleton,17,teacher_top_gap,0,17,,,,
absolute-314381,centered-314380,singleton,17,top1,17,0,1,1,1,1
absolute-314381,centered-314380,singleton,17,teacher_regret,17,0,0.0,0.0,0.0,0.0
absolute-314381,centered-314380,singleton,17,saturation_fraction,17,0,0.0,0.0,0.0,0.0
absolute-314381,centered-314380,singleton,17,tanh_slope_mean,17,0,0.9847444941472219,0.9941930295805823,0.9295722085785734,0.9998352649101566
absolute-314381,centered-314380,singleton,17,loss_dmc,17,0,0.9524522984729094,0.9744949340820312,0.5396630764007568,1.2859004735946655
absolute-314381,centered-314380,singleton,17,loss_absolute,17,0,0.015255505689043169,0.005806970410048962,0.000164735087309964,0.0704277902841568
absolute-314381,centered-314380,singleton,17,loss_centered,17,0,0.0,0.0,0.0,0.0
absolute-314381,centered-314380,singleton,17,absolute_cosine,17,0,-0.05882352941176461,-0.9999999999999973,-0.9999999999999992,0.999999999999999
absolute-314381,centered-314380,singleton,17,absolute_weighted_norm_ratio,17,0,0.011173338834272923,0.007080769166006626,0.0013001794238293451,0.03612523383668776
absolute-314381,centered-314380,singleton,17,absolute_dmc_descent_factor,17,0,0.9949827202929954,0.9986998205761707,0.9638747661633122,1.0118146787711775
absolute-314381,centered-314380,singleton,17,centered_cosine,0,17,,,,
absolute-314381,centered-314380,singleton,17,centered_weighted_norm_ratio,17,0,0.0,0.0,0.0,0.0
absolute-314381,centered-314380,singleton,17,centered_dmc_descent_factor,17,0,1.0,1.0,1.0,1.0
absolute-314381,teacher-314381,all,26,absolute_conflict,26,0,0.6153846153846154,1.0,False,True
absolute-314381,teacher-314381,all,26,absolute_strong_conflict,26,0,0.6153846153846154,1.0,False,True
absolute-314381,teacher-314381,all,26,absolute_reverse_dmc,26,0,0,0.0,False,False
absolute-314381,teacher-314381,all,26,centered_conflict,9,17,0.5555555555555556,True,False,True
absolute-314381,teacher-314381,all,26,centered_strong_conflict,9,17,0.5555555555555556,True,False,True
absolute-314381,teacher-314381,all,26,centered_reverse_dmc,26,0,0,0.0,False,False
absolute-314381,teacher-314381,all,26,model_span,26,0,0.39184774687656987,0.0,0.0,1.3990774154663086
absolute-314381,teacher-314381,all,26,model_top_gap,9,17,0.5354202455944486,0.044648826122283936,0.0025805234909057617,1.2209238708019257
absolute-314381,teacher-314381,all,26,teacher_top_gap,9,17,0.7271325323316786,0.13333332538604736,0.0,1.600000023841858
absolute-314381,teacher-314381,all,26,top1,26,0,0.8461538461538461,1.0,0,1
absolute-314381,teacher-314381,all,26,teacher_regret,26,0,0.006462748234088604,0.0,0.0,0.13333332538604736
absolute-314381,teacher-314381,all,26,saturation_fraction,26,0,0.0,0.0,0.0,0.0
absolute-314381,teacher-314381,all,26,tanh_slope_mean,26,0,0.8619357105491898,0.9804502598427612,0.3203427658357379,0.9999965674603578
absolute-314381,teacher-314381,all,26,loss_dmc,26,0,1.4699398199669444,0.9796748757362366,0.030301900580525398,3.546818733215332
absolute-314381,teacher-314381,all,26,loss_absolute,26,0,0.05629270214072991,0.019549740478396416,3.432539642744814e-06,0.5115063786506653
absolute-314381,teacher-314381,all,26,loss_centered,26,0,0.019066864947000377,0.0,0.0,0.2211991250514984
absolute-314381,teacher-314381,all,26,absolute_cosine,26,0,-0.29454185056708837,-0.9809615490555879,-0.9999999999999986,0.9999999999999987
absolute-314381,teacher-314381,all,26,absolute_weighted_norm_ratio,26,0,0.02213033828412964,0.01292442834950247,0.00018561503100801414,0.18460088567030403
absolute-314381,teacher-314381,all,26,absolute_dmc_descent_factor,26,0,0.993895261144074,0.9961357834674607,0.9241477202723504,1.0227874277230398
absolute-314381,teacher-314381,all,26,centered_cosine,9,17,-0.2537273364700441,-0.4716040269960987,-0.9191671752075157,0.7086211302709688
absolute-314381,teacher-314381,all,26,centered_weighted_norm_ratio,26,0,0.005787552194679286,0.0,0.0,0.093022943118184
absolute-314381,teacher-314381,all,26,centered_dmc_descent_factor,26,0,1.000785251299042,1.0,0.9882112825626432,1.0396203375045623
absolute-314381,teacher-314381,multi,9,absolute_conflict,9,0,0.4444444444444444,False,False,True
absolute-314381,teacher-314381,multi,9,absolute_strong_conflict,9,0,0.4444444444444444,False,False,True
absolute-314381,teacher-314381,multi,9,absolute_reverse_dmc,9,0,0,False,False,False
absolute-314381,teacher-314381,multi,9,centered_conflict,9,0,0.5555555555555556,True,False,True
absolute-314381,teacher-314381,multi,9,centered_strong_conflict,9,0,0.5555555555555556,True,False,True
absolute-314381,teacher-314381,multi,9,centered_reverse_dmc,9,0,0,False,False,False
absolute-314381,teacher-314381,multi,9,model_span,9,0,1.1320046020878687,1.2116371989250183,0.2536357045173645,1.3990774154663086
absolute-314381,teacher-314381,multi,9,model_top_gap,9,0,0.5354202455944486,0.044648826122283936,0.0025805234909057617,1.2209238708019257
absolute-314381,teacher-314381,multi,9,teacher_top_gap,9,0,0.7271325323316786,0.13333332538604736,0.0,1.600000023841858
absolute-314381,teacher-314381,multi,9,top1,9,0,0.5555555555555556,1,0,1
absolute-314381,teacher-314381,multi,9,teacher_regret,9,0,0.018670161565144856,0.0,0.0,0.13333332538604736
absolute-314381,teacher-314381,multi,9,saturation_fraction,9,0,0.0,0.0,0.0,0.0
absolute-314381,teacher-314381,multi,9,tanh_slope_mean,9,0,0.6305865357630093,0.6415011688774115,0.3203427658357379,0.8099732964662602
absolute-314381,teacher-314381,multi,9,loss_dmc,9,0,2.390842110125555,2.962205648422241,0.030301900580525398,3.546818733215332
absolute-314381,teacher-314381,multi,9,loss_absolute,9,0,0.13318443463908303,0.10638028383255005,0.02250141277909279,0.5115063786506653
absolute-314381,teacher-314381,multi,9,loss_centered,9,0,0.05508205429133442,0.038690079003572464,0.007666249759495258,0.2211991250514984
absolute-314381,teacher-314381,multi,9,absolute_cosine,9,0,-0.07312090163825702,0.08583853380658135,-0.9847959348493838,0.8330360747008
absolute-314381,teacher-314381,multi,9,absolute_weighted_norm_ratio,9,0,0.04395578631234314,0.026348743066428364,0.008862284609600103,0.18460088567030403
absolute-314381,teacher-314381,multi,9,absolute_dmc_descent_factor,9,0,0.9883941764837688,1.0007607255170647,0.9241477202723504,1.0227874277230398
absolute-314381,teacher-314381,multi,9,centered_cosine,9,0,-0.2537273364700441,-0.4716040269960987,-0.9191671752075157,0.7086211302709688
absolute-314381,teacher-314381,multi,9,centered_weighted_norm_ratio,9,0,0.016719595229073493,0.006892331591454853,0.0018030807828340791,0.093022943118184
absolute-314381,teacher-314381,multi,9,centered_dmc_descent_factor,9,0,1.0022685037527883,0.9983426673301714,0.9882112825626432,1.0396203375045623
absolute-314381,teacher-314381,singleton,17,absolute_conflict,17,0,0.7058823529411765,True,False,True
absolute-314381,teacher-314381,singleton,17,absolute_strong_conflict,17,0,0.7058823529411765,True,False,True
absolute-314381,teacher-314381,singleton,17,absolute_reverse_dmc,17,0,0,False,False,False
absolute-314381,teacher-314381,singleton,17,centered_conflict,0,17,,,,
absolute-314381,teacher-314381,singleton,17,centered_strong_conflict,0,17,,,,
absolute-314381,teacher-314381,singleton,17,centered_reverse_dmc,17,0,0,False,False,False
absolute-314381,teacher-314381,singleton,17,model_span,17,0,0.0,0.0,0.0,0.0
absolute-314381,teacher-314381,singleton,17,model_top_gap,0,17,,,,
absolute-314381,teacher-314381,singleton,17,teacher_top_gap,0,17,,,,
absolute-314381,teacher-314381,singleton,17,top1,17,0,1,1,1,1
absolute-314381,teacher-314381,singleton,17,teacher_regret,17,0,0.0,0.0,0.0,0.0
absolute-314381,teacher-314381,singleton,17,saturation_fraction,17,0,0.0,0.0,0.0,0.0
absolute-314381,teacher-314381,singleton,17,tanh_slope_mean,17,0,0.9844146854359913,0.9900453787642793,0.930529278471024,0.9999965674603578
absolute-314381,teacher-314381,singleton,17,loss_dmc,17,0,0.9824033134123858,0.9246436357498169,0.6598172783851624,1.596616506576538
absolute-314381,teacher-314381,singleton,17,loss_absolute,17,0,0.015585314347484147,0.009954621084034443,3.432539642744814e-06,0.06947071850299835
absolute-314381,teacher-314381,singleton,17,loss_centered,17,0,0.0,0.0,0.0,0.0
absolute-314381,teacher-314381,singleton,17,absolute_cosine,17,0,-0.411764705882352,-0.9999999999999977,-0.9999999999999986,0.9999999999999987
absolute-314381,teacher-314381,singleton,17,absolute_weighted_norm_ratio,17,0,0.010575689328016608,0.009995038724775133,0.00018561503100801414,0.023108529716365515
absolute-314381,teacher-314381,singleton,17,absolute_dmc_descent_factor,17,0,0.9968076000818826,0.9960049153786614,0.9768914702836345,1.0208593409388338
absolute-314381,teacher-314381,singleton,17,centered_cosine,0,17,,,,
absolute-314381,teacher-314381,singleton,17,centered_weighted_norm_ratio,17,0,0.0,0.0,0.0,0.0
absolute-314381,teacher-314381,singleton,17,centered_dmc_descent_factor,17,0,1.0,1.0,1.0,1.0
absolute-314381,absolute-314381,all,26,absolute_conflict,26,0,0.5384615384615384,1.0,False,True
absolute-314381,absolute-314381,all,26,absolute_strong_conflict,26,0,0.5384615384615384,1.0,False,True
absolute-314381,absolute-314381,all,26,absolute_reverse_dmc,26,0,0,0.0,False,False
absolute-314381,absolute-314381,all,26,centered_conflict,9,17,0.7777777777777778,True,False,True
absolute-314381,absolute-314381,all,26,centered_strong_conflict,9,17,0.7777777777777778,True,False,True
absolute-314381,absolute-314381,all,26,centered_reverse_dmc,26,0,0,0.0,False,False
absolute-314381,absolute-314381,all,26,model_span,26,0,0.11851121137778346,0.0,0.0,0.5804890394210815
absolute-314381,absolute-314381,all,26,model_top_gap,9,17,0.16842472615341345,0.027827560901641846,0.000436246395111084,0.44535256922245026
absolute-314381,absolute-314381,all,26,teacher_top_gap,9,17,0.7271325323316786,0.13333332538604736,0.0,1.600000023841858
absolute-314381,absolute-314381,all,26,top1,26,0,0.8461538461538461,1.0,0,1
absolute-314381,absolute-314381,all,26,teacher_regret,26,0,0.006462748234088604,0.0,0.0,0.13333332538604736
absolute-314381,absolute-314381,all,26,saturation_fraction,26,0,0.0,0.0,0.0,0.0
absolute-314381,absolute-314381,all,26,tanh_slope_mean,26,0,0.8603386123877939,0.870992726073089,0.36900965104408434,0.9994107607630296
absolute-314381,absolute-314381,all,26,loss_dmc,26,0,1.1194329796215663,1.0670990943908691,0.04978715255856514,2.5299863815307617
absolute-314381,absolute-314381,all,26,loss_absolute,26,0,0.3153392025023305,0.1884353756904602,0.000589239236433059,2.3366355895996094
absolute-314381,absolute-314381,all,26,loss_centered,26,0,0.09466020132486637,0.0,0.0,0.4626150131225586
absolute-314381,absolute-314381,all,26,absolute_cosine,26,0,-0.07474970504078524,-0.46642412098655023,-0.9999999999999991,0.9999999999999991
absolute-314381,absolute-314381,all,26,absolute_weighted_norm_ratio,26,0,0.06435117598409366,0.030359122639936793,0.0023698976420480026,0.6317609557488009
absolute-314381,absolute-314381,all,26,absolute_dmc_descent_factor,26,0,0.956749220075294,0.9964886164544431,0.3717633025413499,1.0371303707219965
absolute-314381,absolute-314381,all,26,centered_cosine,9,17,-0.4022805833058038,-0.3039971061520241,-0.917808480853843,0.2614217294980484
absolute-314381,absolute-314381,all,26,centered_weighted_norm_ratio,26,0,0.005691266899991613,0.0,0.0,0.04567206225276437
absolute-314381,absolute-314381,all,26,centered_dmc_descent_factor,26,0,0.9974007669700704,1.0,0.9754903170007894,1.0046363493467048
absolute-314381,absolute-314381,multi,9,absolute_conflict,9,0,0.6666666666666666,True,False,True
absolute-314381,absolute-314381,multi,9,absolute_strong_conflict,9,0,0.6666666666666666,True,False,True
absolute-314381,absolute-314381,multi,9,absolute_reverse_dmc,9,0,0,False,False,False
absolute-314381,absolute-314381,multi,9,centered_conflict,9,0,0.7777777777777778,True,False,True
absolute-314381,absolute-314381,multi,9,centered_strong_conflict,9,0,0.7777777777777778,True,False,True
absolute-314381,absolute-314381,multi,9,centered_reverse_dmc,9,0,0,False,False,False
absolute-314381,absolute-314381,multi,9,model_span,9,0,0.34236572175804114,0.3852498233318329,0.05662095546722412,0.5804890394210815
absolute-314381,absolute-314381,multi,9,model_top_gap,9,0,0.16842472615341345,0.027827560901641846,0.000436246395111084,0.44535256922245026
absolute-314381,absolute-314381,multi,9,teacher_top_gap,9,0,0.7271325323316786,0.13333332538604736,0.0,1.600000023841858
absolute-314381,absolute-314381,multi,9,top1,9,0,0.5555555555555556,1,0,1
absolute-314381,absolute-314381,multi,9,teacher_regret,9,0,0.018670161565144856,0.0,0.0,0.13333332538604736
absolute-314381,absolute-314381,multi,9,saturation_fraction,9,0,0.0,0.0,0.0,0.0
absolute-314381,absolute-314381,multi,9,tanh_slope_mean,9,0,0.8358906234691653,0.8674648634450975,0.36900965104408434,0.9938741496109399
absolute-314381,absolute-314381,multi,9,loss_dmc,9,0,1.082110471609566,1.2460668087005615,0.04978715255856514,2.4575138092041016
absolute-314381,absolute-314381,multi,9,loss_absolute,9,0,0.6716230627563264,0.48324155807495117,0.21170340478420258,2.3366355895996094
absolute-314381,absolute-314381,multi,9,loss_centered,9,0,0.27346280382739174,0.28074586391448975,0.12027346342802048,0.4626150131225586
absolute-314381,absolute-314381,multi,9,absolute_cosine,9,0,-0.3270547034511575,-0.7738077212285562,-0.9984248715393236,0.8167356762307418
absolute-314381,absolute-314381,multi,9,absolute_weighted_norm_ratio,9,0,0.11567114871258947,0.041880131809661554,0.0058608798022505276,0.6317609557488009
absolute-314381,absolute-314381,multi,9,absolute_dmc_descent_factor,9,0,0.9036900866039879,0.9700793915580485,0.3717633025413499,1.031421598372882
absolute-314381,absolute-314381,multi,9,centered_cosine,9,0,-0.4022805833058038,-0.3039971061520241,-0.917808480853843,0.2614217294980484
absolute-314381,absolute-314381,multi,9,centered_weighted_norm_ratio,9,0,0.01644143771108688,0.015688231021618957,0.0033438231392557676,0.04567206225276437
absolute-314381,absolute-314381,multi,9,centered_dmc_descent_factor,9,0,0.9924911045802035,0.9946290304307428,0.9754903170007894,1.0046363493467048
absolute-314381,absolute-314381,singleton,17,absolute_conflict,17,0,0.47058823529411764,False,False,True
absolute-314381,absolute-314381,singleton,17,absolute_strong_conflict,17,0,0.47058823529411764,False,False,True
absolute-314381,absolute-314381,singleton,17,absolute_reverse_dmc,17,0,0,False,False,False
absolute-314381,absolute-314381,singleton,17,centered_conflict,0,17,,,,
absolute-314381,absolute-314381,singleton,17,centered_strong_conflict,0,17,,,,
absolute-314381,absolute-314381,singleton,17,centered_reverse_dmc,17,0,0,False,False,False
absolute-314381,absolute-314381,singleton,17,model_span,17,0,0.0,0.0,0.0,0.0
absolute-314381,absolute-314381,singleton,17,model_top_gap,0,17,,,,
absolute-314381,absolute-314381,singleton,17,teacher_top_gap,0,17,,,,
absolute-314381,absolute-314381,singleton,17,top1,17,0,1,1,1,1
absolute-314381,absolute-314381,singleton,17,teacher_regret,17,0,0.0,0.0,0.0,0.0
absolute-314381,absolute-314381,singleton,17,saturation_fraction,17,0,0.0,0.0,0.0,0.0
absolute-314381,absolute-314381,singleton,17,tanh_slope_mean,17,0,0.8732816653447149,0.8745205887010803,0.6511997907118143,0.9994107607630296
absolute-314381,absolute-314381,singleton,17,loss_dmc,17,0,1.1391919544514488,1.0491377115249634,0.2418256253004074,2.5299863815307617
absolute-314381,absolute-314381,singleton,17,loss_absolute,17,0,0.12671833530903848,0.12547941505908966,0.000589239236433059,0.3488002121448517
absolute-314381,absolute-314381,singleton,17,loss_centered,17,0,0.0,0.0,0.0,0.0
absolute-314381,absolute-314381,singleton,17,absolute_cosine,17,0,0.0588235294117648,0.9999999999999974,-0.9999999999999991,0.9999999999999991
absolute-314381,absolute-314381,singleton,17,absolute_weighted_norm_ratio,17,0,0.037181778657242925,0.029576798560268177,0.0023698976420480026,0.10335218015182336
absolute-314381,absolute-314381,singleton,17,absolute_dmc_descent_factor,17,0,0.984839349560103,1.002369897642048,0.8966478198481768,1.0371303707219965
absolute-314381,absolute-314381,singleton,17,centered_cosine,0,17,,,,
absolute-314381,absolute-314381,singleton,17,centered_weighted_norm_ratio,17,0,0.0,0.0,0.0,0.0
absolute-314381,absolute-314381,singleton,17,centered_dmc_descent_factor,17,0,1.0,1.0,1.0,1.0
absolute-314381,centered-314381,all,26,absolute_conflict,26,0,0.6538461538461539,1.0,False,True
absolute-314381,centered-314381,all,26,absolute_strong_conflict,26,0,0.6538461538461539,1.0,False,True
absolute-314381,centered-314381,all,26,absolute_reverse_dmc,26,0,0,0.0,False,False
absolute-314381,centered-314381,all,26,centered_conflict,9,17,0.7777777777777778,True,False,True
absolute-314381,centered-314381,all,26,centered_strong_conflict,9,17,0.7777777777777778,True,False,True
absolute-314381,centered-314381,all,26,centered_reverse_dmc,26,0,0,0.0,False,False
absolute-314381,centered-314381,all,26,model_span,26,0,0.06283707947183687,0.0,0.0,0.43458138406276703
absolute-314381,centered-314381,all,26,model_top_gap,9,17,0.06251582896543874,0.026792613323777914,0.0023253560066223145,0.31056130677461624
absolute-314381,centered-314381,all,26,teacher_top_gap,9,17,0.7271325323316786,0.13333332538604736,0.0,1.600000023841858
absolute-314381,centered-314381,all,26,top1,26,0,0.8461538461538461,1.0,0,1
absolute-314381,centered-314381,all,26,teacher_regret,26,0,0.0065706143012413615,0.0,0.0,0.13333332538604736
absolute-314381,centered-314381,all,26,saturation_fraction,26,0,0.0,0.0,0.0,0.0
absolute-314381,centered-314381,all,26,tanh_slope_mean,26,0,0.9700344269289561,0.9910977576918418,0.8110994127593202,0.9997193669087522
absolute-314381,centered-314381,all,26,loss_dmc,26,0,1.0409967005252838,0.9563202559947968,0.441200852394104,2.280404567718506
absolute-314381,centered-314381,all,26,loss_absolute,26,0,0.20205441682796496,0.04432054329663515,0.0002806331031024456,1.1989128589630127
absolute-314381,centered-314381,all,26,loss_centered,26,0,0.12699069913763267,0.0,0.0,0.6174919009208679
absolute-314381,centered-314381,all,26,absolute_cosine,26,0,-0.24620221710341114,-0.6848731821658915,-0.9999999999999989,0.9999999999999991
absolute-314381,centered-314381,all,26,absolute_weighted_norm_ratio,26,0,0.02247497723574347,0.011343771402531792,0.001703752108146191,0.1537235168085087
absolute-314381,centered-314381,all,26,absolute_dmc_descent_factor,26,0,0.9895478056605429,0.9949516886356115,0.8474800550113751,1.0317079462141683
absolute-314381,centered-314381,all,26,centered_cosine,9,17,-0.16900880839149948,-0.19605362999351286,-0.4577030071280593,0.3818478154108662
absolute-314381,centered-314381,all,26,centered_weighted_norm_ratio,26,0,0.005009315632014755,0.0,0.0,0.021552055646695083
absolute-314381,centered-314381,all,26,centered_dmc_descent_factor,26,0,0.9991794878625654,1.0,0.9907459591272353,1.0073038794422224
absolute-314381,centered-314381,multi,9,absolute_conflict,9,0,0.7777777777777778,True,False,True
absolute-314381,centered-314381,multi,9,absolute_strong_conflict,9,0,0.7777777777777778,True,False,True
absolute-314381,centered-314381,multi,9,absolute_reverse_dmc,9,0,0,False,False,False
absolute-314381,centered-314381,multi,9,centered_conflict,9,0,0.7777777777777778,True,False,True
absolute-314381,centered-314381,multi,9,centered_strong_conflict,9,0,0.7777777777777778,True,False,True
absolute-314381,centered-314381,multi,9,centered_reverse_dmc,9,0,0,False,False,False
absolute-314381,centered-314381,multi,9,model_span,9,0,0.18152934069641763,0.12770050019025803,0.028386872727423906,0.43458138406276703
absolute-314381,centered-314381,multi,9,model_top_gap,9,0,0.06251582896543874,0.026792613323777914,0.0023253560066223145,0.31056130677461624
absolute-314381,centered-314381,multi,9,teacher_top_gap,9,0,0.7271325323316786,0.13333332538604736,0.0,1.600000023841858
absolute-314381,centered-314381,multi,9,top1,9,0,0.5555555555555556,1,0,1
absolute-314381,centered-314381,multi,9,teacher_regret,9,0,0.018981774648030598,0.0,0.0,0.13333332538604736
absolute-314381,centered-314381,multi,9,saturation_fraction,9,0,0.0,0.0,0.0,0.0
absolute-314381,centered-314381,multi,9,tanh_slope_mean,9,0,0.9576537229461324,0.9855412203019762,0.8110994127593202,0.9994361254267323
absolute-314381,centered-314381,multi,9,loss_dmc,9,0,1.1066470874680414,0.9903355836868286,0.441200852394104,2.280404567718506
absolute-314381,centered-314381,multi,9,loss_absolute,9,0,0.5394918256335788,0.5496246814727783,0.21394628286361694,1.1989128589630127
absolute-314381,centered-314381,multi,9,loss_centered,9,0,0.3668620197309388,0.3032296895980835,0.1041904017329216,0.6174919009208679
absolute-314381,centered-314381,multi,9,absolute_cosine,9,0,-0.37791751607652135,-0.5068032501401881,-0.9921705419907672,0.7195302600056505
absolute-314381,centered-314381,multi,9,absolute_weighted_norm_ratio,9,0,0.040251037977686095,0.020779479664327378,0.010097360018432285,0.1537235168085087
absolute-314381,centered-314381,multi,9,absolute_dmc_descent_factor,9,0,0.9762412458499704,0.9935862818756227,0.8474800550113751,1.0317079462141683
absolute-314381,centered-314381,multi,9,centered_cosine,9,0,-0.16900880839149948,-0.19605362999351286,-0.4577030071280593,0.3818478154108662
absolute-314381,centered-314381,multi,9,centered_weighted_norm_ratio,9,0,0.01447135627026485,0.015795633114020005,0.003827901923629368,0.021552055646695083
absolute-314381,centered-314381,multi,9,centered_dmc_descent_factor,9,0,0.9976296316029666,0.9983718395777176,0.9907459591272353,1.0073038794422224
absolute-314381,centered-314381,singleton,17,absolute_conflict,17,0,0.5882352941176471,True,False,True
absolute-314381,centered-314381,singleton,17,absolute_strong_conflict,17,0,0.5882352941176471,True,False,True
absolute-314381,centered-314381,singleton,17,absolute_reverse_dmc,17,0,0,False,False,False
absolute-314381,centered-314381,singleton,17,centered_conflict,0,17,,,,
absolute-314381,centered-314381,singleton,17,centered_strong_conflict,0,17,,,,
absolute-314381,centered-314381,singleton,17,centered_reverse_dmc,17,0,0,False,False,False
absolute-314381,centered-314381,singleton,17,model_span,17,0,0.0,0.0,0.0,0.0
absolute-314381,centered-314381,singleton,17,model_top_gap,0,17,,,,
absolute-314381,centered-314381,singleton,17,teacher_top_gap,0,17,,,,
absolute-314381,centered-314381,singleton,17,top1,17,0,1,1,1,1
absolute-314381,centered-314381,singleton,17,teacher_regret,17,0,0.0,0.0,0.0,0.0
absolute-314381,centered-314381,singleton,17,saturation_fraction,17,0,0.0,0.0,0.0,0.0
absolute-314381,centered-314381,singleton,17,tanh_slope_mean,17,0,0.976588917272804,0.9918046076703821,0.9107551249294437,0.9997193669087522
absolute-314381,centered-314381,singleton,17,loss_dmc,17,0,1.0062406133202946,0.9345235824584961,0.4917672276496887,1.6365208625793457
absolute-314381,centered-314381,singleton,17,loss_absolute,17,0,0.023411082754404667,0.008195392787456512,0.0002806331031024456,0.08924487233161926
absolute-314381,centered-314381,singleton,17,loss_centered,17,0,0.0,0.0,0.0,0.0
absolute-314381,centered-314381,singleton,17,absolute_cosine,17,0,-0.176470588235294,-0.9999999999999983,-0.9999999999999989,0.9999999999999991
absolute-314381,centered-314381,singleton,17,absolute_weighted_norm_ratio,17,0,0.013064121548832668,0.00948846635044057,0.001703752108146191,0.042600220337799206
absolute-314381,centered-314381,singleton,17,absolute_dmc_descent_factor,17,0,0.9965924549720225,0.9965561016800808,0.9573997796622008,1.02183016081733
absolute-314381,centered-314381,singleton,17,centered_cosine,0,17,,,,
absolute-314381,centered-314381,singleton,17,centered_weighted_norm_ratio,17,0,0.0,0.0,0.0,0.0
absolute-314381,centered-314381,singleton,17,centered_dmc_descent_factor,17,0,1.0,1.0,1.0,1.0
absolute-314381,teacher-314382,all,26,absolute_conflict,26,0,0.5769230769230769,1.0,False,True
absolute-314381,teacher-314382,all,26,absolute_strong_conflict,26,0,0.5769230769230769,1.0,False,True
absolute-314381,teacher-314382,all,26,absolute_reverse_dmc,26,0,0,0.0,False,False
absolute-314381,teacher-314382,all,26,centered_conflict,9,17,0.7777777777777778,True,False,True
absolute-314381,teacher-314382,all,26,centered_strong_conflict,9,17,0.7777777777777778,True,False,True
absolute-314381,teacher-314382,all,26,centered_reverse_dmc,26,0,0,0.0,False,False
absolute-314381,teacher-314382,all,26,model_span,26,0,0.3975276110263971,0.0,0.0,1.4860767126083374
absolute-314381,teacher-314382,all,26,model_top_gap,9,17,0.5351646211412218,0.04448378086090088,0.002627432346343994,1.24890798330307
absolute-314381,teacher-314382,all,26,teacher_top_gap,9,17,0.7271325323316786,0.13333332538604736,0.0,1.600000023841858
absolute-314381,teacher-314382,all,26,top1,26,0,0.8846153846153846,1.0,0,1
absolute-314381,teacher-314382,all,26,teacher_regret,26,0,0.006339052548775306,0.0,0.0,0.13333332538604736
absolute-314381,teacher-314382,all,26,saturation_fraction,26,0,0.0,0.0,0.0,0.0
absolute-314381,teacher-314382,all,26,tanh_slope_mean,26,0,0.8507629054535899,0.968885194724923,0.37778966501825256,0.9999072013454167
absolute-314381,teacher-314382,all,26,loss_dmc,26,0,1.458482442710262,1.0560159981250763,0.045418400317430496,3.402777671813965
absolute-314381,teacher-314382,all,26,loss_absolute,26,0,0.06274402674674863,0.020514968782663345,9.279865480493754e-05,0.6529535055160522
absolute-314381,teacher-314382,all,26,loss_centered,26,0,0.019083024002611637,0.0,0.0,0.24243420362472534
absolute-314381,teacher-314382,all,26,absolute_cosine,26,0,-0.22934040866848618,-0.9697359011742475,-0.9999999999999986,0.9999999999999986
absolute-314381,teacher-314382,all,26,absolute_weighted_norm_ratio,26,0,0.02122891584645616,0.013924678285504182,0.0009726906788190781,0.11567863320423992
absolute-314381,teacher-314382,all,26,absolute_dmc_descent_factor,26,0,0.9921951987238992,0.9971062049549055,0.8869836464610089,1.0219480123100775
absolute-314381,teacher-314382,all,26,centered_cosine,9,17,-0.330892012962241,-0.39057450499679996,-0.9309492725556747,0.6190682363634155
absolute-314381,teacher-314382,all,26,centered_weighted_norm_ratio,26,0,0.004611464864324231,0.0,0.0,0.061398910626003264
absolute-314381,teacher-314382,all,26,centered_dmc_descent_factor,26,0,1.000247139535968,1.0,0.9851176689771943,1.0332042862949857
absolute-314381,teacher-314382,multi,9,absolute_conflict,9,0,0.4444444444444444,False,False,True
absolute-314381,teacher-314382,multi,9,absolute_strong_conflict,9,0,0.4444444444444444,False,False,True
absolute-314381,teacher-314382,multi,9,absolute_reverse_dmc,9,0,0,False,False,False
absolute-314381,teacher-314382,multi,9,centered_conflict,9,0,0.7777777777777778,True,False,True
absolute-314381,teacher-314382,multi,9,centered_strong_conflict,9,0,0.7777777777777778,True,False,True
absolute-314381,teacher-314382,multi,9,centered_reverse_dmc,9,0,0,False,False,False
absolute-314381,teacher-314382,multi,9,model_span,9,0,1.1484130985207028,1.2329024374485016,0.21100807189941406,1.4860767126083374
absolute-314381,teacher-314382,multi,9,model_top_gap,9,0,0.5351646211412218,0.04448378086090088,0.002627432346343994,1.24890798330307
absolute-314381,teacher-314382,multi,9,teacher_top_gap,9,0,0.7271325323316786,0.13333332538604736,0.0,1.600000023841858
absolute-314381,teacher-314382,multi,9,top1,9,0,0.6666666666666666,1,0,1
absolute-314381,teacher-314382,multi,9,teacher_regret,9,0,0.018312818474239774,0.0,0.0,0.13333332538604736
absolute-314381,teacher-314382,multi,9,saturation_fraction,9,0,0.0,0.0,0.0,0.0
absolute-314381,teacher-314382,multi,9,tanh_slope_mean,9,0,0.6116153292542971,0.6246242501289241,0.37778966501825256,0.8591701705694262
absolute-314381,teacher-314382,multi,9,loss_dmc,9,0,2.350202509512504,3.0029752254486084,0.045418400317430496,3.402777671813965
absolute-314381,teacher-314382,multi,9,loss_absolute,9,0,0.13851580779171652,0.05955931916832924,0.012186133302748203,0.6529535055160522
absolute-314381,teacher-314382,multi,9,loss_centered,9,0,0.055128736007544726,0.03081640601158142,0.009361212141811848,0.24243420362472534
absolute-314381,teacher-314382,multi,9,absolute_cosine,9,0,-0.1069834028200726,0.02269517487196748,-0.9775461717443147,0.7569060657659173
absolute-314381,teacher-314382,multi,9,absolute_weighted_norm_ratio,9,0,0.03592073784392202,0.016796310414382214,0.004145304834439454,0.11567863320423992
absolute-314381,teacher-314382,multi,9,absolute_dmc_descent_factor,9,0,0.9852475889797756,1.0002144364049843,0.8869836464610089,1.012713229235133
absolute-314381,teacher-314382,multi,9,centered_cosine,9,0,-0.330892012962241,-0.39057450499679996,-0.9309492725556747,0.6190682363634155
absolute-314381,teacher-314382,multi,9,centered_weighted_norm_ratio,9,0,0.01332200960804778,0.0069243323880347945,0.002281217288263961,0.061398910626003264
absolute-314381,teacher-314382,multi,9,centered_dmc_descent_factor,9,0,1.0007139586594629,0.9974634621623849,0.9851176689771943,1.0332042862949857
absolute-314381,teacher-314382,singleton,17,absolute_conflict,17,0,0.6470588235294118,True,False,True
absolute-314381,teacher-314382,singleton,17,absolute_strong_conflict,17,0,0.6470588235294118,True,False,True
absolute-314381,teacher-314382,singleton,17,absolute_reverse_dmc,17,0,0,False,False,False
absolute-314381,teacher-314382,singleton,17,centered_conflict,0,17,,,,
absolute-314381,teacher-314382,singleton,17,centered_strong_conflict,0,17,,,,
absolute-314381,teacher-314382,singleton,17,centered_reverse_dmc,17,0,0,False,False,False
absolute-314381,teacher-314382,singleton,17,model_span,17,0,0.0,0.0,0.0,0.0
absolute-314381,teacher-314382,singleton,17,model_top_gap,0,17,,,,
absolute-314381,teacher-314382,singleton,17,teacher_top_gap,0,17,,,,
absolute-314381,teacher-314382,singleton,17,top1,17,0,1,1,1,1
absolute-314381,teacher-314382,singleton,17,teacher_regret,17,0,0.0,0.0,0.0,0.0
absolute-314381,teacher-314382,singleton,17,saturation_fraction,17,0,0.0,0.0,0.0,0.0
absolute-314381,teacher-314382,singleton,17,tanh_slope_mean,17,0,0.9773704457943919,0.9846989163454927,0.9209280563726585,0.9999072013454167
absolute-314381,teacher-314382,singleton,17,loss_dmc,17,0,0.9863953485208399,0.9105057716369629,0.5720656514167786,1.641466498374939
absolute-314381,teacher-314382,singleton,17,loss_absolute,17,0,0.022629554428824444,0.015301083214581013,9.279865480493754e-05,0.07907194644212723
absolute-314381,teacher-314382,singleton,17,loss_centered,17,0,0.0,0.0,0.0,0.0
absolute-314381,teacher-314382,singleton,17,absolute_cosine,17,0,-0.2941176470588228,-0.9999999999999976,-0.9999999999999986,0.9999999999999986
absolute-314381,teacher-314382,singleton,17,absolute_weighted_norm_ratio,17,0,0.013450892436033058,0.012833505919108024,0.0009726906788190781,0.03221388217229179
absolute-314381,teacher-314382,singleton,17,absolute_dmc_descent_factor,17,0,0.9958733450590234,0.9952006337122606,0.9677861178277083,1.0219480123100775
absolute-314381,teacher-314382,singleton,17,centered_cosine,0,17,,,,
absolute-314381,teacher-314382,singleton,17,centered_weighted_norm_ratio,17,0,0.0,0.0,0.0,0.0
absolute-314381,teacher-314382,singleton,17,centered_dmc_descent_factor,17,0,1.0,1.0,1.0,1.0
absolute-314381,absolute-314382,all,26,absolute_conflict,26,0,0.46153846153846156,0.0,False,True
absolute-314381,absolute-314382,all,26,absolute_strong_conflict,26,0,0.4230769230769231,0.0,False,True
absolute-314381,absolute-314382,all,26,absolute_reverse_dmc,26,0,0,0.0,False,False
absolute-314381,absolute-314382,all,26,centered_conflict,9,17,0.5555555555555556,True,False,True
absolute-314381,absolute-314382,all,26,centered_strong_conflict,9,17,0.5555555555555556,True,False,True
absolute-314381,absolute-314382,all,26,centered_reverse_dmc,26,0,0,0.0,False,False
absolute-314381,absolute-314382,all,26,model_span,26,0,0.060889144213153765,0.0,0.0,0.28400783613324165
absolute-314381,absolute-314382,all,26,model_top_gap,9,17,0.07552191842761305,0.038878872990608215,0.002149045467376709,0.266230046749115
absolute-314381,absolute-314382,all,26,teacher_top_gap,9,17,0.7271325323316786,0.13333332538604736,0.0,1.600000023841858
absolute-314381,absolute-314382,all,26,top1,26,0,0.9615384615384616,1.0,0,1
absolute-314381,absolute-314382,all,26,teacher_regret,26,0,0.0010247436853555532,0.0,0.0,0.026643335819244385
absolute-314381,absolute-314382,all,26,saturation_fraction,26,0,0.0,0.0,0.0,0.0
absolute-314381,absolute-314382,all,26,tanh_slope_mean,26,0,0.945150830441622,0.9651210552905098,0.706899576599195,0.9994127404790851
absolute-314381,absolute-314382,all,26,loss_dmc,26,0,1.038752970787195,1.1146655678749084,0.2103254199028015,1.9517111778259277
absolute-314381,absolute-314382,all,26,loss_absolute,26,0,0.2317366143464684,0.05981309153139591,0.000587259535677731,1.256988525390625
absolute-314381,absolute-314382,all,26,loss_centered,26,0,0.12535490525456575,0.0,0.0,0.5907537937164307
absolute-314381,absolute-314382,all,26,absolute_cosine,26,0,0.06308643629946753,0.48108481941026593,-0.9999999999999993,0.9999999999999992
absolute-314381,absolute-314382,all,26,absolute_weighted_norm_ratio,26,0,0.03159097525937595,0.02237463092399444,0.002483528226670843,0.15282024052410864
absolute-314381,absolute-314382,all,26,absolute_dmc_descent_factor,26,0,0.9868453142022062,1.0052782616685745,0.8502340638899917,1.0365847164892539
absolute-314381,absolute-314382,all,26,centered_cosine,9,17,-0.05144827351304103,-0.1205725438215668,-0.5409025723291039,0.691099382188423
absolute-314381,absolute-314382,all,26,centered_weighted_norm_ratio,26,0,0.004810692407354016,0.0,0.0,0.038671184520272274
absolute-314381,absolute-314382,all,26,centered_dmc_descent_factor,26,0,1.0004785553549091,1.0,0.9937319904576858,1.0267256317304547
absolute-314381,absolute-314382,multi,9,absolute_conflict,9,0,0.5555555555555556,True,False,True
absolute-314381,absolute-314382,multi,9,absolute_strong_conflict,9,0,0.4444444444444444,False,False,True
absolute-314381,absolute-314382,multi,9,absolute_reverse_dmc,9,0,0,False,False,False
absolute-314381,absolute-314382,multi,9,centered_conflict,9,0,0.5555555555555556,True,False,True
absolute-314381,absolute-314382,multi,9,centered_strong_conflict,9,0,0.5555555555555556,True,False,True
absolute-314381,absolute-314382,multi,9,centered_reverse_dmc,9,0,0,False,False,False
absolute-314381,absolute-314382,multi,9,model_span,9,0,0.1759019721713331,0.15725407004356384,0.06278982013463974,0.28400783613324165
absolute-314381,absolute-314382,multi,9,model_top_gap,9,0,0.07552191842761305,0.038878872990608215,0.002149045467376709,0.266230046749115
absolute-314381,absolute-314382,multi,9,teacher_top_gap,9,0,0.7271325323316786,0.13333332538604736,0.0,1.600000023841858
absolute-314381,absolute-314382,multi,9,top1,9,0,0.8888888888888888,1,0,1
absolute-314381,absolute-314382,multi,9,teacher_regret,9,0,0.0029603706465827096,0.0,0.0,0.026643335819244385
absolute-314381,absolute-314382,multi,9,saturation_fraction,9,0,0.0,0.0,0.0,0.0
absolute-314381,absolute-314382,multi,9,tanh_slope_mean,9,0,0.9305452615131654,0.9392309386448274,0.8564563670531099,0.9870533597681437
absolute-314381,absolute-314382,multi,9,loss_dmc,9,0,1.1060479746924505,0.9738929867744446,0.4365236461162567,1.9517111778259277
absolute-314381,absolute-314382,multi,9,loss_absolute,9,0,0.580462912718455,0.5641607046127319,0.2877279222011566,1.256988525390625
absolute-314381,absolute-314382,multi,9,loss_centered,9,0,0.3621363929576344,0.2941800355911255,0.11350547522306442,0.5907537937164307
absolute-314381,absolute-314382,multi,9,absolute_cosine,9,0,-0.15108362846820425,-0.099205747399339,-0.9877533160064397,0.9600345184587835
absolute-314381,absolute-314382,multi,9,absolute_weighted_norm_ratio,9,0,0.047732714797246466,0.03649997183328625,0.021337155171564207,0.15282024052410864
absolute-314381,absolute-314382,multi,9,absolute_dmc_descent_factor,9,0,0.9795543966478505,0.9961924204311952,0.8502340638899917,1.0365847164892539
absolute-314381,absolute-314382,multi,9,centered_cosine,9,0,-0.05144827351304103,-0.1205725438215668,-0.5409025723291039,0.691099382188423
absolute-314381,absolute-314382,multi,9,centered_weighted_norm_ratio,9,0,0.013897555843467158,0.011588056450396287,0.0038160801583431354,0.038671184520272274
absolute-314381,absolute-314382,multi,9,centered_dmc_descent_factor,9,0,1.0013824932475153,0.9995398855078815,0.9937319904576858,1.0267256317304547
absolute-314381,absolute-314382,singleton,17,absolute_conflict,17,0,0.4117647058823529,False,False,True
absolute-314381,absolute-314382,singleton,17,absolute_strong_conflict,17,0,0.4117647058823529,False,False,True
absolute-314381,absolute-314382,singleton,17,absolute_reverse_dmc,17,0,0,False,False,False
absolute-314381,absolute-314382,singleton,17,centered_conflict,0,17,,,,
absolute-314381,absolute-314382,singleton,17,centered_strong_conflict,0,17,,,,
absolute-314381,absolute-314382,singleton,17,centered_reverse_dmc,17,0,0,False,False,False
absolute-314381,absolute-314382,singleton,17,model_span,17,0,0.0,0.0,0.0,0.0
absolute-314381,absolute-314382,singleton,17,model_top_gap,0,17,,,,
absolute-314381,absolute-314382,singleton,17,teacher_top_gap,0,17,,,,
absolute-314381,absolute-314382,singleton,17,top1,17,0,1,1,1,1
absolute-314381,absolute-314382,singleton,17,teacher_regret,17,0,0.0,0.0,0.0,0.0
absolute-314381,absolute-314382,singleton,17,saturation_fraction,17,0,0.0,0.0,0.0,0.0
absolute-314381,absolute-314382,singleton,17,tanh_slope_mean,17,0,0.9528831904625695,0.9689922429519109,0.706899576599195,0.9994127404790851
absolute-314381,absolute-314382,singleton,17,loss_dmc,17,0,1.0031262040138245,1.127604365348816,0.2103254199028015,1.5502161979675293
absolute-314381,absolute-314382,singleton,17,loss_absolute,17,0,0.04711680932600489,0.031007757410407066,0.000587259535677731,0.29310041666030884
absolute-314381,absolute-314382,singleton,17,loss_centered,17,0,0.0,0.0,0.0,0.0
absolute-314381,absolute-314382,singleton,17,absolute_cosine,17,0,0.17647058823529377,0.999999999999998,-0.9999999999999993,0.9999999999999992
absolute-314381,absolute-314382,singleton,17,absolute_weighted_norm_ratio,17,0,0.02304534844520921,0.015482837729122692,0.002483528226670843,0.11804899681236698
absolute-314381,absolute-314382,singleton,17,absolute_dmc_descent_factor,17,0,0.9907052117309829,1.0058280318976798,0.8819510031876332,1.0196836662581057
absolute-314381,absolute-314382,singleton,17,centered_cosine,0,17,,,,
absolute-314381,absolute-314382,singleton,17,centered_weighted_norm_ratio,17,0,0.0,0.0,0.0,0.0
absolute-314381,absolute-314382,singleton,17,centered_dmc_descent_factor,17,0,1.0,1.0,1.0,1.0
absolute-314381,centered-314382,all,26,absolute_conflict,26,0,0.6153846153846154,1.0,False,True
absolute-314381,centered-314382,all,26,absolute_strong_conflict,26,0,0.6153846153846154,1.0,False,True
absolute-314381,centered-314382,all,26,absolute_reverse_dmc,26,0,0,0.0,False,False
absolute-314381,centered-314382,all,26,centered_conflict,9,17,0.5555555555555556,True,False,True
absolute-314381,centered-314382,all,26,centered_strong_conflict,9,17,0.4444444444444444,False,False,True
absolute-314381,centered-314382,all,26,centered_reverse_dmc,26,0,0,0.0,False,False
absolute-314381,centered-314382,all,26,model_span,26,0,0.050513639186437316,0.0,0.0,0.3221568651497364
absolute-314381,centered-314382,all,26,model_top_gap,9,17,0.0470941708319717,0.007920593023300171,0.00014327466487884521,0.27108566276729107
absolute-314381,centered-314382,all,26,teacher_top_gap,9,17,0.7271325323316786,0.13333332538604736,0.0,1.600000023841858
absolute-314381,centered-314382,all,26,top1,26,0,0.9230769230769231,1.0,0,1
absolute-314381,centered-314382,all,26,teacher_regret,26,0,0.0015883835462423472,0.0,0.0,0.036459267139434814
absolute-314381,centered-314382,all,26,saturation_fraction,26,0,0.0,0.0,0.0,0.0
absolute-314381,centered-314382,all,26,tanh_slope_mean,26,0,0.9743291959342134,0.9932449024088051,0.8101865714596803,0.999998918020037
absolute-314381,centered-314382,all,26,loss_dmc,26,0,0.9656708595844415,0.9756309986114502,0.31846174597740173,1.8272864818572998
absolute-314381,centered-314382,all,26,loss_absolute,26,0,0.2006872230911785,0.03318801149725914,1.0819799172168132e-06,1.0421602725982666
absolute-314381,centered-314382,all,26,loss_centered,26,0,0.13196555754313102,0.0,0.0,0.6398853659629822
absolute-314381,centered-314382,all,26,absolute_cosine,26,0,-0.29299000675738396,-0.9434329408522146,-0.9999999999999991,0.9999999999999989
absolute-314381,centered-314382,all,26,absolute_weighted_norm_ratio,26,0,0.022714476252599165,0.01752632725884308,0.00010412657103713298,0.13527222734365654
absolute-314381,centered-314382,all,26,absolute_dmc_descent_factor,26,0,0.9875272008034002,0.997416726038929,0.8706472148349417,1.035826061174661
absolute-314381,centered-314382,all,26,centered_cosine,9,17,-0.06250441595302855,-0.08359278216093322,-0.447298623456477,0.32151505237612416
absolute-314381,centered-314382,all,26,centered_weighted_norm_ratio,26,0,0.004745583984910763,0.0,0.0,0.025129290615272117
absolute-314381,centered-314382,all,26,centered_dmc_descent_factor,26,0,0.9998619074402973,1.0,0.9924420085633348,1.0080794451883441
absolute-314381,centered-314382,multi,9,absolute_conflict,9,0,0.5555555555555556,True,False,True
absolute-314381,centered-314382,multi,9,absolute_strong_conflict,9,0,0.5555555555555556,True,False,True
absolute-314381,centered-314382,multi,9,absolute_reverse_dmc,9,0,0,False,False,False
absolute-314381,centered-314382,multi,9,centered_conflict,9,0,0.5555555555555556,True,False,True
absolute-314381,centered-314382,multi,9,centered_strong_conflict,9,0,0.4444444444444444,False,False,True
absolute-314381,centered-314382,multi,9,centered_reverse_dmc,9,0,0,False,False,False
absolute-314381,centered-314382,multi,9,model_span,9,0,0.14592829098304114,0.15937720239162445,0.00014327466487884521,0.3221568651497364
absolute-314381,centered-314382,multi,9,model_top_gap,9,0,0.0470941708319717,0.007920593023300171,0.00014327466487884521,0.27108566276729107
absolute-314381,centered-314382,multi,9,teacher_top_gap,9,0,0.7271325323316786,0.13333332538604736,0.0,1.600000023841858
absolute-314381,centered-314382,multi,9,top1,9,0,0.7777777777777778,1,0,1
absolute-314381,centered-314382,multi,9,teacher_regret,9,0,0.004588663578033447,0.0,0.0,0.036459267139434814
absolute-314381,centered-314382,multi,9,saturation_fraction,9,0,0.0,0.0,0.0,0.0
absolute-314381,centered-314382,multi,9,tanh_slope_mean,9,0,0.9712869712223141,0.981757267057106,0.9096656936732304,0.9990079030131491
absolute-314381,centered-314382,multi,9,loss_dmc,9,0,1.08560891283883,0.9893476963043213,0.5688762068748474,1.8272864818572998
absolute-314381,centered-314382,multi,9,loss_absolute,9,0,0.5343160165680779,0.5625230073928833,0.29344481229782104,1.0421602725982666
absolute-314381,centered-314382,multi,9,loss_centered,9,0,0.3812338329023785,0.32602548599243164,0.11058509349822998,0.6398853659629822
absolute-314381,centered-314382,multi,9,absolute_cosine,9,0,-0.29086001952133217,-0.3614393945199433,-0.9655289372185348,0.6523632576769459
absolute-314381,centered-314382,multi,9,absolute_weighted_norm_ratio,9,0,0.03896820729693921,0.02387632891215794,0.008923510816618147,0.13527222734365654
absolute-314381,centered-314382,multi,9,absolute_dmc_descent_factor,9,0,0.982010487123858,0.9967746916534493,0.8706472148349417,1.035826061174661
absolute-314381,centered-314382,multi,9,centered_cosine,9,0,-0.06250441595302855,-0.08359278216093322,-0.447298623456477,0.32151505237612416
absolute-314381,centered-314382,multi,9,centered_weighted_norm_ratio,9,0,0.013709464845297758,0.015070966314710112,0.004019799606772312,0.025129290615272117
absolute-314381,centered-314382,multi,9,centered_dmc_descent_factor,9,0,0.9996010659386367,0.9992034577113904,0.9924420085633348,1.0080794451883441
absolute-314381,centered-314382,singleton,17,absolute_conflict,17,0,0.6470588235294118,True,False,True
absolute-314381,centered-314382,singleton,17,absolute_strong_conflict,17,0,0.6470588235294118,True,False,True
absolute-314381,centered-314382,singleton,17,absolute_reverse_dmc,17,0,0,False,False,False
absolute-314381,centered-314382,singleton,17,centered_conflict,0,17,,,,
absolute-314381,centered-314382,singleton,17,centered_strong_conflict,0,17,,,,
absolute-314381,centered-314382,singleton,17,centered_reverse_dmc,17,0,0,False,False,False
absolute-314381,centered-314382,singleton,17,model_span,17,0,0.0,0.0,0.0,0.0
absolute-314381,centered-314382,singleton,17,model_top_gap,0,17,,,,
absolute-314381,centered-314382,singleton,17,teacher_top_gap,0,17,,,,
absolute-314381,centered-314382,singleton,17,top1,17,0,1,1,1,1
absolute-314381,centered-314382,singleton,17,teacher_regret,17,0,0.0,0.0,0.0,0.0
absolute-314381,centered-314382,singleton,17,saturation_fraction,17,0,0.0,0.0,0.0,0.0
absolute-314381,centered-314382,singleton,17,tanh_slope_mean,17,0,0.9759397854875718,0.9959119646379269,0.8101865714596803,0.999998918020037
absolute-314381,centered-314382,singleton,17,loss_dmc,17,0,0.9021742431556478,0.9622771739959717,0.31846174597740173,1.3874926567077637
absolute-314381,centered-314382,singleton,17,loss_absolute,17,0,0.024060214779878793,0.0040880353190004826,1.0819799172168132e-06,0.18981343507766724
absolute-314381,centered-314382,singleton,17,loss_centered,17,0,0.0,0.0,0.0,0.0
absolute-314381,centered-314382,singleton,17,absolute_cosine,17,0,-0.2941176470588231,-0.9999999999999983,-0.9999999999999991,0.9999999999999989
absolute-314381,centered-314382,singleton,17,absolute_weighted_norm_ratio,17,0,0.01410955981736032,0.006009538277826862,0.00010412657103713298,0.07720311900925265
absolute-314381,centered-314382,singleton,17,absolute_dmc_descent_factor,17,0,0.9904478139278637,0.9980587604244086,0.9227968809907474,1.0151045045016476
absolute-314381,centered-314382,singleton,17,centered_cosine,0,17,,,,
absolute-314381,centered-314382,singleton,17,centered_weighted_norm_ratio,17,0,0.0,0.0,0.0,0.0
absolute-314381,centered-314382,singleton,17,centered_dmc_descent_factor,17,0,1.0,1.0,1.0,1.0
centered-314381,teacher-314380,all,26,absolute_conflict,26,0,0.5,0.5,False,True
centered-314381,teacher-314380,all,26,absolute_strong_conflict,26,0,0.5,0.5,False,True
centered-314381,teacher-314380,all,26,absolute_reverse_dmc,26,0,0,0.0,False,False
centered-314381,teacher-314380,all,26,centered_conflict,8,18,0.625,1.0,False,True
centered-314381,teacher-314380,all,26,centered_strong_conflict,8,18,0.625,1.0,False,True
centered-314381,teacher-314380,all,26,centered_reverse_dmc,26,0,0,0.0,False,False
centered-314381,teacher-314380,all,26,model_span,26,0,0.32558399668106663,0.0,0.0,1.3713812232017517
centered-314381,teacher-314380,all,26,model_top_gap,8,18,0.32837190106511116,0.08581505715847015,0.010066628456115723,0.9012694656848907
centered-314381,teacher-314380,all,26,teacher_top_gap,8,18,0.49530591582879424,0.01584160327911377,0.0,1.600000023841858
centered-314381,teacher-314380,all,26,top1,26,0,0.9615384615384616,1.0,0,1
centered-314381,teacher-314380,all,26,teacher_regret,26,0,6.22868537902832e-05,0.0,0.0,0.0016194581985473633
centered-314381,teacher-314380,all,26,saturation_fraction,26,0,0.0,0.0,0.0,0.0
centered-314381,teacher-314380,all,26,tanh_slope_mean,26,0,0.8919749107939569,0.996233903811781,0.3586977347166062,0.9999728424422668
centered-314381,teacher-314380,all,26,loss_dmc,26,0,1.1683927780160537,1.0161733031272888,0.04547329246997833,3.494906425476074
centered-314381,teacher-314380,all,26,loss_absolute,26,0,0.030388172167477023,0.0037660960806533694,2.7157557269674726e-05,0.2236611396074295
centered-314381,teacher-314380,all,26,loss_centered,26,0,0.019327800219448712,0.0,0.0,0.12205608934164047
centered-314381,teacher-314380,all,26,absolute_cosine,26,0,0.029324591665987075,0.036197380052720524,-0.9999999999999986,0.9999999999999989
centered-314381,teacher-314380,all,26,absolute_weighted_norm_ratio,26,0,0.008212710066134424,0.005752637550776545,0.0005184274940761116,0.03203304591484158
centered-314381,teacher-314380,all,26,absolute_dmc_descent_factor,26,0,0.9990383986220761,0.9996421783333902,0.9857787968783457,1.0118790467388323
centered-314381,teacher-314380,all,26,centered_cosine,8,18,-0.06742324945722075,-0.3124114185926769,-0.8746548884614348,0.9478511088297857
centered-314381,teacher-314380,all,26,centered_weighted_norm_ratio,26,0,0.0027895079186057055,0.0,0.0,0.02276880777938955
centered-314381,teacher-314380,all,26,centered_dmc_descent_factor,26,0,1.0003176314534288,1.0,0.9937121773105525,1.0156058164769755
centered-314381,teacher-314380,multi,8,absolute_conflict,8,0,0.5,0.5,False,True
centered-314381,teacher-314380,multi,8,absolute_strong_conflict,8,0,0.5,0.5,False,True
centered-314381,teacher-314380,multi,8,absolute_reverse_dmc,8,0,0,0.0,False,False
centered-314381,teacher-314380,multi,8,centered_conflict,8,0,0.625,1.0,False,True
centered-314381,teacher-314380,multi,8,centered_strong_conflict,8,0,0.625,1.0,False,True
centered-314381,teacher-314380,multi,8,centered_reverse_dmc,8,0,0,0.0,False,False
centered-314381,teacher-314380,multi,8,model_span,8,0,1.0581479892134666,1.018187940120697,0.8369661271572113,1.3713812232017517
centered-314381,teacher-314380,multi,8,model_top_gap,8,0,0.32837190106511116,0.08581505715847015,0.010066628456115723,0.9012694656848907
centered-314381,teacher-314380,multi,8,teacher_top_gap,8,0,0.49530591582879424,0.01584160327911377,0.0,1.600000023841858
centered-314381,teacher-314380,multi,8,top1,8,0,0.875,1.0,0,1
centered-314381,teacher-314380,multi,8,teacher_regret,8,0,0.0002024322748184204,0.0,0.0,0.0016194581985473633
centered-314381,teacher-314380,multi,8,saturation_fraction,8,0,0.0,0.0,0.0,0.0
centered-314381,teacher-314380,multi,8,tanh_slope_mean,8,0,0.657297798731405,0.7035224532425368,0.3586977347166062,0.8240884439396542
centered-314381,teacher-314380,multi,8,loss_dmc,8,0,1.5765664372593164,1.7107467651367188,0.04547329246997833,3.494906425476074
centered-314381,teacher-314380,multi,8,loss_absolute,8,0,0.09038222092203796,0.07943148910999298,0.01889713667333126,0.2236611396074295
centered-314381,teacher-314380,multi,8,loss_centered,8,0,0.06281535071320832,0.04644707590341568,0.012773873284459114,0.12205608934164047
centered-314381,teacher-314380,multi,8,absolute_cosine,8,0,0.095304922914458,0.036197380052720524,-0.7307781359350503,0.8936337123686172
centered-314381,teacher-314380,multi,8,absolute_weighted_norm_ratio,8,0,0.015143325311850872,0.011778740271635908,0.006152801491005902,0.03203304591484158
centered-314381,teacher-314380,multi,8,absolute_dmc_descent_factor,8,0,0.9996104804451863,1.002049197133882,0.9857787968783457,1.009511064647247
centered-314381,teacher-314380,multi,8,centered_cosine,8,0,-0.06742324945722075,-0.3124114185926769,-0.8746548884614348,0.9478511088297857
centered-314381,teacher-314380,multi,8,centered_weighted_norm_ratio,8,0,0.009065900735468544,0.0076553425485322915,0.0029897310634516717,0.02276880777938955
centered-314381,teacher-314380,multi,8,centered_dmc_descent_factor,8,0,1.0010323022236431,0.9989317173637128,0.9937121773105525,1.0156058164769755
centered-314381,teacher-314380,singleton,18,absolute_conflict,18,0,0.5,0.5,False,True
centered-314381,teacher-314380,singleton,18,absolute_strong_conflict,18,0,0.5,0.5,False,True
centered-314381,teacher-314380,singleton,18,absolute_reverse_dmc,18,0,0,0.0,False,False
centered-314381,teacher-314380,singleton,18,centered_conflict,0,18,,,,
centered-314381,teacher-314380,singleton,18,centered_strong_conflict,0,18,,,,
centered-314381,teacher-314380,singleton,18,centered_reverse_dmc,18,0,0,0.0,False,False
centered-314381,teacher-314380,singleton,18,model_span,18,0,0.0,0.0,0.0,0.0
centered-314381,teacher-314380,singleton,18,model_top_gap,0,18,,,,
centered-314381,teacher-314380,singleton,18,teacher_top_gap,0,18,,,,
centered-314381,teacher-314380,singleton,18,top1,18,0,1,1.0,1,1
centered-314381,teacher-314380,singleton,18,teacher_regret,18,0,0.0,0.0,0.0,0.0
centered-314381,teacher-314380,singleton,18,saturation_fraction,18,0,0.0,0.0,0.0,0.0
centered-314381,teacher-314380,singleton,18,tanh_slope_mean,18,0,0.9962758494884243,0.9980578906335942,0.9818279149396749,0.9999728424422668
centered-314381,teacher-314380,singleton,18,loss_dmc,18,0,0.9869822627968259,0.9931088387966156,0.799300491809845,1.2877799272537231
centered-314381,teacher-314380,singleton,18,loss_absolute,18,0,0.003724150498783274,0.0019421093165874481,2.7157557269674726e-05,0.018172085285186768
centered-314381,teacher-314380,singleton,18,loss_centered,18,0,0.0,0.0,0.0,0.0
centered-314381,teacher-314380,singleton,18,absolute_cosine,18,0,0.0,-1.1102230246251565e-16,-0.9999999999999986,0.9999999999999989
centered-314381,teacher-314380,singleton,18,absolute_weighted_norm_ratio,18,0,0.0051324366235937805,0.0043638695765983206,0.0005184274940761116,0.011879046738832466
centered-314381,teacher-314380,singleton,18,absolute_dmc_descent_factor,18,0,0.9987841400340272,0.9996421783333902,0.9881476849693528,1.0118790467388323
centered-314381,teacher-314380,singleton,18,centered_cosine,0,18,,,,
centered-314381,teacher-314380,singleton,18,centered_weighted_norm_ratio,18,0,0.0,0.0,0.0,0.0
centered-314381,teacher-314380,singleton,18,centered_dmc_descent_factor,18,0,1.0,1.0,1.0,1.0
centered-314381,absolute-314380,all,26,absolute_conflict,26,0,0.5384615384615384,1.0,False,True
centered-314381,absolute-314380,all,26,absolute_strong_conflict,26,0,0.5384615384615384,1.0,False,True
centered-314381,absolute-314380,all,26,absolute_reverse_dmc,26,0,0,0.0,False,False
centered-314381,absolute-314380,all,26,centered_conflict,8,18,0.625,1.0,False,True
centered-314381,absolute-314380,all,26,centered_strong_conflict,8,18,0.625,1.0,False,True
centered-314381,absolute-314380,all,26,centered_reverse_dmc,26,0,0,0.0,False,False
centered-314381,absolute-314380,all,26,model_span,26,0,0.06265080369149263,0.0,0.0,0.290768152102828
centered-314381,absolute-314380,all,26,model_top_gap,8,18,0.063673508586362,0.030022830702364445,0.008464246988296509,0.23353669792413712
centered-314381,absolute-314380,all,26,teacher_top_gap,8,18,0.49530591582879424,0.01584160327911377,0.0,1.600000023841858
centered-314381,absolute-314380,all,26,top1,26,0,0.8846153846153846,1.0,0,1
centered-314381,absolute-314380,all,26,teacher_regret,26,0,0.05850084928365854,0.0,0.0,1.4922772645950317
centered-314381,absolute-314380,all,26,saturation_fraction,26,0,0.0,0.0,0.0,0.0
centered-314381,absolute-314380,all,26,tanh_slope_mean,26,0,0.9572946401916093,0.9841952397122352,0.8038628449651375,0.9999910833511837
centered-314381,absolute-314380,all,26,loss_dmc,26,0,0.8678177881699342,0.8610515296459198,0.3103896975517273,1.6580930948257446
centered-314381,absolute-314380,all,26,loss_absolute,26,0,0.19205601422908541,0.050703005865216255,8.916648766899016e-06,0.8637344837188721
centered-314381,absolute-314380,all,26,loss_centered,26,0,0.09699020764002433,0.0,0.0,0.46680548787117004
centered-314381,absolute-314380,all,26,absolute_cosine,26,0,-0.14041517514695429,-0.8743873133611735,-0.9999999999999989,0.9999999999999992
centered-314381,absolute-314380,all,26,absolute_weighted_norm_ratio,26,0,0.030646419738930526,0.017279527977300334,0.00029771855383965484,0.13744983972136268
centered-314381,absolute-314380,all,26,absolute_dmc_descent_factor,26,0,0.9838044135273634,0.9937875009247717,0.8726079964339426,1.0385640989308964
centered-314381,absolute-314380,all,26,centered_cosine,8,18,-0.13788620834828424,-0.17759820638178692,-0.39356500429215513,0.19944355095291147
centered-314381,absolute-314380,all,26,centered_weighted_norm_ratio,26,0,0.0029465110594202436,0.0,0.0,0.013662030783707287
centered-314381,absolute-314380,all,26,centered_dmc_descent_factor,26,0,0.9996460570255711,1.0,0.9955743604344333,1.0021612133819757
centered-314381,absolute-314380,multi,8,absolute_conflict,8,0,0.375,0.0,False,True
centered-314381,absolute-314380,multi,8,absolute_strong_conflict,8,0,0.375,0.0,False,True
centered-314381,absolute-314380,multi,8,absolute_reverse_dmc,8,0,0,0.0,False,False
centered-314381,absolute-314380,multi,8,centered_conflict,8,0,0.625,1.0,False,True
centered-314381,absolute-314380,multi,8,centered_strong_conflict,8,0,0.625,1.0,False,True
centered-314381,absolute-314380,multi,8,centered_reverse_dmc,8,0,0,0.0,False,False
centered-314381,absolute-314380,multi,8,model_span,8,0,0.20361511199735105,0.2058599255979061,0.11486905440688133,0.290768152102828
centered-314381,absolute-314380,multi,8,model_top_gap,8,0,0.063673508586362,0.030022830702364445,0.008464246988296509,0.23353669792413712
centered-314381,absolute-314380,multi,8,teacher_top_gap,8,0,0.49530591582879424,0.01584160327911377,0.0,1.600000023841858
centered-314381,absolute-314380,multi,8,top1,8,0,0.625,1.0,0,1
centered-314381,absolute-314380,multi,8,teacher_regret,8,0,0.19012776017189026,0.0,0.0,1.4922772645950317
centered-314381,absolute-314380,multi,8,saturation_fraction,8,0,0.0,0.0,0.0,0.0
centered-314381,absolute-314380,multi,8,tanh_slope_mean,8,0,0.960756427743129,0.9860769723831524,0.8397480751428795,0.9983824010341223
centered-314381,absolute-314380,multi,8,loss_dmc,8,0,0.8349517248570919,0.820307582616806,0.39423295855522156,1.3287919759750366
centered-314381,absolute-314380,multi,8,loss_absolute,8,0,0.5246331989765167,0.5273978859186172,0.23682796955108643,0.8637344837188721
centered-314381,absolute-314380,multi,8,loss_centered,8,0,0.3152181748300791,0.3075891137123108,0.15517614781856537,0.46680548787117004
centered-314381,absolute-314380,multi,8,absolute_cosine,8,0,0.04365068077239756,0.277590437228096,-0.9917436393230179,0.9488445075217024
centered-314381,absolute-314380,multi,8,absolute_weighted_norm_ratio,8,0,0.05080860077338765,0.03849872769570582,0.011361693737679016,0.13744983972136268
centered-314381,absolute-314380,multi,8,absolute_dmc_descent_factor,8,0,0.97977504880596,1.0051416842180378,0.8726079964339426,1.0385640989308964
centered-314381,absolute-314380,multi,8,centered_cosine,8,0,-0.13788620834828424,-0.17759820638178692,-0.39356500429215513,0.19944355095291147
centered-314381,absolute-314380,multi,8,centered_weighted_norm_ratio,8,0,0.00957616094311579,0.00962268537989449,0.005750943691223494,0.013662030783707287
centered-314381,absolute-314380,multi,8,centered_dmc_descent_factor,8,0,0.9988496853331059,0.9986717037715147,0.9955743604344333,1.0021612133819757
centered-314381,absolute-314380,singleton,18,absolute_conflict,18,0,0.6111111111111112,1.0,False,True
centered-314381,absolute-314380,singleton,18,absolute_strong_conflict,18,0,0.6111111111111112,1.0,False,True
centered-314381,absolute-314380,singleton,18,absolute_reverse_dmc,18,0,0,0.0,False,False
centered-314381,absolute-314380,singleton,18,centered_conflict,0,18,,,,
centered-314381,absolute-314380,singleton,18,centered_strong_conflict,0,18,,,,
centered-314381,absolute-314380,singleton,18,centered_reverse_dmc,18,0,0,0.0,False,False
centered-314381,absolute-314380,singleton,18,model_span,18,0,0.0,0.0,0.0,0.0
centered-314381,absolute-314380,singleton,18,model_top_gap,0,18,,,,
centered-314381,absolute-314380,singleton,18,teacher_top_gap,0,18,,,,
centered-314381,absolute-314380,singleton,18,top1,18,0,1,1.0,1,1
centered-314381,absolute-314380,singleton,18,teacher_regret,18,0,0.0,0.0,0.0,0.0
centered-314381,absolute-314380,singleton,18,saturation_fraction,18,0,0.0,0.0,0.0,0.0
centered-314381,absolute-314380,singleton,18,tanh_slope_mean,18,0,0.9557560679464894,0.9822770920425066,0.8038628449651375,0.9999910833511837
centered-314381,absolute-314380,singleton,18,loss_dmc,18,0,0.8824249274200864,0.8768594861030579,0.3103896975517273,1.6580930948257446
centered-314381,absolute-314380,singleton,18,loss_absolute,18,0,0.044243932119115925,0.017722908407449722,8.916648766899016e-06,0.19613716006278992
centered-314381,absolute-314380,singleton,18,loss_centered,18,0,0.0,0.0,0.0,0.0
centered-314381,absolute-314380,singleton,18,absolute_cosine,18,0,-0.22222222222222177,-0.999999999999998,-0.9999999999999989,0.9999999999999992
centered-314381,absolute-314380,singleton,18,absolute_weighted_norm_ratio,18,0,0.021685450390282916,0.01437509613461711,0.00029771855383965484,0.07949251990708829
centered-314381,absolute-314380,singleton,18,absolute_dmc_descent_factor,18,0,0.9855952422924315,0.9932076677613191,0.9205074800929118,1.0223403312014472
centered-314381,absolute-314380,singleton,18,centered_cosine,0,18,,,,
centered-314381,absolute-314380,singleton,18,centered_weighted_norm_ratio,18,0,0.0,0.0,0.0,0.0
centered-314381,absolute-314380,singleton,18,centered_dmc_descent_factor,18,0,1.0,1.0,1.0,1.0
centered-314381,centered-314380,all,26,absolute_conflict,26,0,0.46153846153846156,0.0,False,True
centered-314381,centered-314380,all,26,absolute_strong_conflict,26,0,0.46153846153846156,0.0,False,True
centered-314381,centered-314380,all,26,absolute_reverse_dmc,26,0,0,0.0,False,False
centered-314381,centered-314380,all,26,centered_conflict,8,18,0.625,1.0,False,True
centered-314381,centered-314380,all,26,centered_strong_conflict,8,18,0.625,1.0,False,True
centered-314381,centered-314380,all,26,centered_reverse_dmc,26,0,0,0.0,False,False
centered-314381,centered-314380,all,26,model_span,26,0,0.05033289307119468,0.0,0.0,0.28827112540602684
centered-314381,centered-314380,all,26,model_top_gap,8,18,0.056164426263421774,0.017967071384191513,0.00030666589736938477,0.1724706068634987
centered-314381,centered-314380,all,26,teacher_top_gap,8,18,0.49530591582879424,0.01584160327911377,0.0,1.600000023841858
centered-314381,centered-314380,all,26,top1,26,0,0.9230769230769231,1.0,0,1
centered-314381,centered-314380,all,26,teacher_regret,26,0,0.0007953964746915377,0.0,0.0,0.01584160327911377
centered-314381,centered-314380,all,26,saturation_fraction,26,0,0.0,0.0,0.0,0.0
centered-314381,centered-314380,all,26,tanh_slope_mean,26,0,0.9889887548452477,0.9926377526019663,0.9555901036726834,0.9999933084734708
centered-314381,centered-314380,all,26,loss_dmc,26,0,1.0388729365972371,1.0271591544151306,0.5427361130714417,1.420249104499817
centered-314381,centered-314380,all,26,loss_absolute,26,0,0.17447951371912915,0.013728500343859196,6.691526323265862e-06,0.7009373903274536
centered-314381,centered-314380,all,26,loss_centered,26,0,0.10112552115550408,0.0,0.0,0.5094599723815918
centered-314381,centered-314380,all,26,absolute_cosine,26,0,0.08768104435050274,0.7552354650470973,-0.999999999999999,0.9999999999999994
centered-314381,centered-314380,all,26,absolute_weighted_norm_ratio,26,0,0.01922710010761607,0.011410469261117936,0.0002580124135687998,0.06472702925929924
centered-314381,centered-314380,all,26,absolute_dmc_descent_factor,26,0,0.9990754972562997,1.0013139616160776,0.9372101623090326,1.0410791344486088
centered-314381,centered-314380,all,26,centered_cosine,8,18,-0.03303362979806243,-0.13417457378132303,-0.3981519708735847,0.4740976041754459
centered-314381,centered-314380,all,26,centered_weighted_norm_ratio,26,0,0.003418833706972311,0.0,0.0,0.019131267610352647
centered-314381,centered-314380,all,26,centered_dmc_descent_factor,26,0,0.9999186203858089,1.0,0.995066076798241,1.0050006507215228
centered-314381,centered-314380,multi,8,absolute_conflict,8,0,0.5,0.5,False,True
centered-314381,centered-314380,multi,8,absolute_strong_conflict,8,0,0.5,0.5,False,True
centered-314381,centered-314380,multi,8,absolute_reverse_dmc,8,0,0,0.0,False,False
centered-314381,centered-314380,multi,8,centered_conflict,8,0,0.625,1.0,False,True
centered-314381,centered-314380,multi,8,centered_strong_conflict,8,0,0.625,1.0,False,True
centered-314381,centered-314380,multi,8,centered_reverse_dmc,8,0,0,0.0,False,False
centered-314381,centered-314380,multi,8,model_span,8,0,0.1635819024813827,0.14695898815989494,0.07753674569539726,0.28827112540602684
centered-314381,centered-314380,multi,8,model_top_gap,8,0,0.056164426263421774,0.017967071384191513,0.00030666589736938477,0.1724706068634987
centered-314381,centered-314380,multi,8,teacher_top_gap,8,0,0.49530591582879424,0.01584160327911377,0.0,1.600000023841858
centered-314381,centered-314380,multi,8,top1,8,0,0.75,1.0,0,1
centered-314381,centered-314380,multi,8,teacher_regret,8,0,0.0025850385427474976,0.0,0.0,0.01584160327911377
centered-314381,centered-314380,multi,8,saturation_fraction,8,0,0.0,0.0,0.0,0.0
centered-314381,centered-314380,multi,8,tanh_slope_mean,8,0,0.9881523115684738,0.9926377526019663,0.9555901036726834,0.9988746843814853
centered-314381,centered-314380,multi,8,loss_dmc,8,0,0.9818306043744087,1.0123656690120697,0.5427361130714417,1.2932710647583008
centered-314381,centered-314380,multi,8,loss_absolute,8,0,0.5431195609271526,0.5322046875953674,0.3959089517593384,0.7009373903274536
centered-314381,centered-314380,multi,8,loss_centered,8,0,0.32865794375538826,0.3234749138355255,0.1578340232372284,0.5094599723815918
centered-314381,centered-314380,multi,8,absolute_cosine,8,0,0.034963394139134185,0.2224076100745555,-0.9700713660042786,0.9160590525075714
centered-314381,centered-314380,multi,8,absolute_weighted_norm_ratio,8,0,0.044232389615923316,0.04246392883394941,0.018723461954535465,0.06472702925929924
centered-314381,centered-314380,multi,8,absolute_dmc_descent_factor,8,0,0.9932593035165669,1.0063283678175938,0.9372101623090326,1.0410791344486088
centered-314381,centered-314380,multi,8,centered_cosine,8,0,-0.03303362979806243,-0.13417457378132303,-0.3981519708735847,0.4740976041754459
centered-314381,centered-314380,multi,8,centered_weighted_norm_ratio,8,0,0.01111120954766001,0.009882888738235344,0.005541605909843321,0.019131267610352647
centered-314381,centered-314380,multi,8,centered_dmc_descent_factor,8,0,0.999735516253879,0.9991354001700938,0.995066076798241,1.0050006507215228
centered-314381,centered-314380,singleton,18,absolute_conflict,18,0,0.4444444444444444,0.0,False,True
centered-314381,centered-314380,singleton,18,absolute_strong_conflict,18,0,0.4444444444444444,0.0,False,True
centered-314381,centered-314380,singleton,18,absolute_reverse_dmc,18,0,0,0.0,False,False
centered-314381,centered-314380,singleton,18,centered_conflict,0,18,,,,
centered-314381,centered-314380,singleton,18,centered_strong_conflict,0,18,,,,
centered-314381,centered-314380,singleton,18,centered_reverse_dmc,18,0,0,0.0,False,False
centered-314381,centered-314380,singleton,18,model_span,18,0,0.0,0.0,0.0,0.0
centered-314381,centered-314380,singleton,18,model_top_gap,0,18,,,,
centered-314381,centered-314380,singleton,18,teacher_top_gap,0,18,,,,
centered-314381,centered-314380,singleton,18,top1,18,0,1,1.0,1,1
centered-314381,centered-314380,singleton,18,teacher_regret,18,0,0.0,0.0,0.0,0.0
centered-314381,centered-314380,singleton,18,saturation_fraction,18,0,0.0,0.0,0.0,0.0
centered-314381,centered-314380,singleton,18,tanh_slope_mean,18,0,0.9893605074127028,0.9940335414233901,0.9632349814419143,0.9999933084734708
centered-314381,centered-314380,singleton,18,loss_dmc,18,0,1.0642250842518277,1.0271591544151306,0.6744400262832642,1.420249104499817
centered-314381,centered-314380,singleton,18,loss_absolute,18,0,0.01063949273778538,0.0059664585860446095,6.691526323265862e-06,0.036765020340681076
centered-314381,centered-314380,singleton,18,loss_centered,18,0,0.0,0.0,0.0,0.0
centered-314381,centered-314380,singleton,18,absolute_cosine,18,0,0.11111111111111098,0.999999999999998,-0.999999999999999,0.9999999999999994
centered-314381,centered-314380,singleton,18,absolute_weighted_norm_ratio,18,0,0.008113638103923959,0.007743227559493181,0.0002580124135687998,0.021766639221666512
centered-314381,centered-314380,singleton,18,absolute_dmc_descent_factor,18,0,1.0016604722517366,1.0013139616160776,0.9782333607783336,1.0160892245959174
centered-314381,centered-314380,singleton,18,centered_cosine,0,18,,,,
centered-314381,centered-314380,singleton,18,centered_weighted_norm_ratio,18,0,0.0,0.0,0.0,0.0
centered-314381,centered-314380,singleton,18,centered_dmc_descent_factor,18,0,1.0,1.0,1.0,1.0
centered-314381,teacher-314381,all,26,absolute_conflict,26,0,0.5384615384615384,1.0,False,True
centered-314381,teacher-314381,all,26,absolute_strong_conflict,26,0,0.5384615384615384,1.0,False,True
centered-314381,teacher-314381,all,26,absolute_reverse_dmc,26,0,0,0.0,False,False
centered-314381,teacher-314381,all,26,centered_conflict,8,18,0.75,1.0,False,True
centered-314381,teacher-314381,all,26,centered_strong_conflict,8,18,0.625,1.0,False,True
centered-314381,teacher-314381,all,26,centered_reverse_dmc,26,0,0,0.0,False,False
centered-314381,teacher-314381,all,26,model_span,26,0,0.34774397084346187,0.0,0.0,1.400409758090973
centered-314381,teacher-314381,all,26,model_top_gap,8,18,0.33826365135610104,0.09334440529346466,0.0013659000396728516,0.9394058287143707
centered-314381,teacher-314381,all,26,teacher_top_gap,8,18,0.49530591582879424,0.01584160327911377,0.0,1.600000023841858
centered-314381,teacher-314381,all,26,top1,26,0,0.9230769230769231,1.0,0,1
centered-314381,teacher-314381,all,26,teacher_regret,26,0,0.0004344949355492225,0.0,0.0,0.009677410125732422
centered-314381,teacher-314381,all,26,saturation_fraction,26,0,0.0,0.0,0.0,0.0
centered-314381,teacher-314381,all,26,tanh_slope_mean,26,0,0.8827839949758584,0.9841977515060699,0.42229281782887823,0.9999852181346783
centered-314381,teacher-314381,all,26,loss_dmc,26,0,1.1433588845225482,1.023025393486023,0.1270606517791748,3.2539632320404053
centered-314381,teacher-314381,all,26,loss_absolute,26,0,0.03097294313867958,0.015418009832501411,1.4781865502300207e-05,0.18325911462306976
centered-314381,teacher-314381,all,26,loss_centered,26,0,0.017299213231756136,0.0,0.0,0.13324743509292603
centered-314381,teacher-314381,all,26,absolute_cosine,26,0,-0.08264462645317708,-0.5410141190835571,-0.9999999999999989,0.9999999999999984
centered-314381,teacher-314381,all,26,absolute_weighted_norm_ratio,26,0,0.010432329428499096,0.008418182245397001,0.00038595582234198373,0.02398955665054937
centered-314381,teacher-314381,all,26,absolute_dmc_descent_factor,26,0,0.9985136512272934,0.9989116590842203,0.9790529812317733,1.023224681311542
centered-314381,teacher-314381,all,26,centered_cosine,8,18,-0.19235424716000965,-0.3174166228517056,-0.8754329779078072,0.9092646753508148
centered-314381,teacher-314381,all,26,centered_weighted_norm_ratio,26,0,0.0023591306222679105,0.0,0.0,0.017031659746786058
centered-314381,teacher-314381,all,26,centered_dmc_descent_factor,26,0,0.9998089518518526,1.0,0.9914355368051677,1.015486286570347
centered-314381,teacher-314381,multi,8,absolute_conflict,8,0,0.5,0.5,False,True
centered-314381,teacher-314381,multi,8,absolute_strong_conflict,8,0,0.5,0.5,False,True
centered-314381,teacher-314381,multi,8,absolute_reverse_dmc,8,0,0,0.0,False,False
centered-314381,teacher-314381,multi,8,centered_conflict,8,0,0.75,1.0,False,True
centered-314381,teacher-314381,multi,8,centered_strong_conflict,8,0,0.625,1.0,False,True
centered-314381,teacher-314381,multi,8,centered_reverse_dmc,8,0,0,0.0,False,False
centered-314381,teacher-314381,multi,8,model_span,8,0,1.130167905241251,1.1436714380979538,0.8125764727592468,1.400409758090973
centered-314381,teacher-314381,multi,8,model_top_gap,8,0,0.33826365135610104,0.09334440529346466,0.0013659000396728516,0.9394058287143707
centered-314381,teacher-314381,multi,8,teacher_top_gap,8,0,0.49530591582879424,0.01584160327911377,0.0,1.600000023841858
centered-314381,teacher-314381,multi,8,top1,8,0,0.75,1.0,0,1
centered-314381,teacher-314381,multi,8,teacher_regret,8,0,0.0014121085405349731,0.0,0.0,0.009677410125732422
centered-314381,teacher-314381,multi,8,saturation_fraction,8,0,0.0,0.0,0.0,0.0
centered-314381,teacher-314381,multi,8,tanh_slope_mean,8,0,0.6468509308077889,0.6469941049024,0.42229281782887823,0.7933570866475432
centered-314381,teacher-314381,multi,8,loss_dmc,8,0,1.5147096384316683,1.6387689709663391,0.1270606517791748,3.2539632320404053
centered-314381,teacher-314381,multi,8,loss_absolute,8,0,0.07285911799408495,0.05571533553302288,0.017269384115934372,0.18325911462306976
centered-314381,teacher-314381,multi,8,loss_centered,8,0,0.056222443003207445,0.03655334375798702,0.014584539458155632,0.13324743509292603
centered-314381,teacher-314381,multi,8,absolute_cosine,8,0,-0.01859503597282553,-0.10284750247620447,-0.8345084139588363,0.9681163203576835
centered-314381,teacher-314381,multi,8,absolute_weighted_norm_ratio,8,0,0.012632587550573787,0.011935432201484216,0.0045889758320617115,0.02398955665054937
centered-314381,teacher-314381,multi,8,absolute_dmc_descent_factor,8,0,1.0018904277171465,0.999326217697013,0.9909741423980722,1.023224681311542
centered-314381,teacher-314381,multi,8,centered_cosine,8,0,-0.19235424716000965,-0.3174166228517056,-0.8754329779078072,0.9092646753508148
centered-314381,teacher-314381,multi,8,centered_weighted_norm_ratio,8,0,0.007667174522370709,0.006264560135242797,0.002794045312469197,0.017031659746786058
centered-314381,teacher-314381,multi,8,centered_dmc_descent_factor,8,0,0.9993790935185208,0.999017383711019,0.9914355368051677,1.015486286570347
centered-314381,teacher-314381,singleton,18,absolute_conflict,18,0,0.5555555555555556,1.0,False,True
centered-314381,teacher-314381,singleton,18,absolute_strong_conflict,18,0,0.5555555555555556,1.0,False,True
centered-314381,teacher-314381,singleton,18,absolute_reverse_dmc,18,0,0,0.0,False,False
centered-314381,teacher-314381,singleton,18,centered_conflict,0,18,,,,
centered-314381,teacher-314381,singleton,18,centered_strong_conflict,0,18,,,,
centered-314381,teacher-314381,singleton,18,centered_reverse_dmc,18,0,0,0.0,False,False
centered-314381,teacher-314381,singleton,18,model_span,18,0,0.0,0.0,0.0,0.0
centered-314381,teacher-314381,singleton,18,model_top_gap,0,18,,,,
centered-314381,teacher-314381,singleton,18,teacher_top_gap,0,18,,,,
centered-314381,teacher-314381,singleton,18,top1,18,0,1,1.0,1,1
centered-314381,teacher-314381,singleton,18,teacher_regret,18,0,0.0,0.0,0.0,0.0
centered-314381,teacher-314381,singleton,18,saturation_fraction,18,0,0.0,0.0,0.0,0.0
centered-314381,teacher-314381,singleton,18,tanh_slope_mean,18,0,0.9876431346061114,0.9941606233037426,0.9370949581698333,0.9999852181346783
centered-314381,teacher-314381,singleton,18,loss_dmc,18,0,0.9783141050073836,0.9787251353263855,0.683612048625946,1.564522385597229
centered-314381,teacher-314381,singleton,18,loss_absolute,18,0,0.012356865425166083,0.005839376710355282,1.4781865502300207e-05,0.06290504336357117
centered-314381,teacher-314381,singleton,18,loss_centered,18,0,0.0,0.0,0.0,0.0
centered-314381,teacher-314381,singleton,18,absolute_cosine,18,0,-0.11111111111111109,-0.9999999999999971,-0.9999999999999989,0.9999999999999984
centered-314381,teacher-314381,singleton,18,absolute_weighted_norm_ratio,18,0,0.009454436929799232,0.00762057697850234,0.00038595582234198373,0.020947018768226737
centered-314381,teacher-314381,singleton,18,absolute_dmc_descent_factor,18,0,0.9970128616762475,0.9989116590842203,0.9790529812317733,1.0200517303105163
centered-314381,teacher-314381,singleton,18,centered_cosine,0,18,,,,
centered-314381,teacher-314381,singleton,18,centered_weighted_norm_ratio,18,0,0.0,0.0,0.0,0.0
centered-314381,teacher-314381,singleton,18,centered_dmc_descent_factor,18,0,1.0,1.0,1.0,1.0
centered-314381,absolute-314381,all,26,absolute_conflict,26,0,0.6538461538461539,1.0,False,True
centered-314381,absolute-314381,all,26,absolute_strong_conflict,26,0,0.6538461538461539,1.0,False,True
centered-314381,absolute-314381,all,26,absolute_reverse_dmc,26,0,0,0.0,False,False
centered-314381,absolute-314381,all,26,centered_conflict,8,18,0.625,1.0,False,True
centered-314381,absolute-314381,all,26,centered_strong_conflict,8,18,0.625,1.0,False,True
centered-314381,absolute-314381,all,26,centered_reverse_dmc,26,0,0,0.0,False,False
centered-314381,absolute-314381,all,26,model_span,26,0,0.11935259147475545,0.0,0.0,0.6364340782165527
centered-314381,absolute-314381,all,26,model_top_gap,8,18,0.1338056717067957,0.052922144532203674,0.0014020204544067383,0.37116312980651855
centered-314381,absolute-314381,all,26,teacher_top_gap,8,18,0.49530591582879424,0.01584160327911377,0.0,1.600000023841858
centered-314381,absolute-314381,all,26,top1,26,0,0.9615384615384616,1.0,0,1
centered-314381,absolute-314381,all,26,teacher_regret,26,0,0.00018610404087946966,0.0,0.0,0.004838705062866211
centered-314381,absolute-314381,all,26,saturation_fraction,26,0,0.0,0.0,0.0,0.0
centered-314381,absolute-314381,all,26,tanh_slope_mean,26,0,0.8799218364171182,0.9202686201587331,0.4140321078857016,0.9972734487944535
centered-314381,absolute-314381,all,26,loss_dmc,26,0,0.9555316552376518,0.809350997209549,0.02325618825852871,2.079038619995117
centered-314381,absolute-314381,all,26,loss_absolute,26,0,0.21464068919885904,0.1306370422244072,0.0027265511453151703,0.7956579923629761
centered-314381,absolute-314381,all,26,loss_centered,26,0,0.07883247675803992,0.0,0.0,0.42017778754234314
centered-314381,absolute-314381,all,26,absolute_cosine,26,0,-0.3249149920344815,-0.9792256853047494,-0.9999999999999988,0.9999999999999989
centered-314381,absolute-314381,all,26,absolute_weighted_norm_ratio,26,0,0.07193371521435164,0.023364479572445737,0.00550931553798206,0.747039411035658
centered-314381,absolute-314381,all,26,absolute_dmc_descent_factor,26,0,0.9506821513371663,0.9888393979595076,0.32851203008415797,1.0514266746753984
centered-314381,absolute-314381,all,26,centered_cosine,8,18,-0.23941618609511636,-0.20840232912077294,-0.9325042006947284,0.6566031333677558
centered-314381,absolute-314381,all,26,centered_weighted_norm_ratio,26,0,0.014858399733050212,0.0,0.0,0.2978183960443515
centered-314381,absolute-314381,all,26,centered_dmc_descent_factor,26,0,0.9908025028537223,1.0,0.7878873711273269,1.0037642291048028
centered-314381,absolute-314381,multi,8,absolute_conflict,8,0,0.625,1.0,False,True
centered-314381,absolute-314381,multi,8,absolute_strong_conflict,8,0,0.625,1.0,False,True
centered-314381,absolute-314381,multi,8,absolute_reverse_dmc,8,0,0,0.0,False,False
centered-314381,absolute-314381,multi,8,centered_conflict,8,0,0.625,1.0,False,True
centered-314381,absolute-314381,multi,8,centered_strong_conflict,8,0,0.625,1.0,False,True
centered-314381,absolute-314381,multi,8,centered_reverse_dmc,8,0,0,0.0,False,False
centered-314381,absolute-314381,multi,8,model_span,8,0,0.3878959222929552,0.37333206087350845,0.21026967465877533,0.6364340782165527
centered-314381,absolute-314381,multi,8,model_top_gap,8,0,0.1338056717067957,0.052922144532203674,0.0014020204544067383,0.37116312980651855
centered-314381,absolute-314381,multi,8,teacher_top_gap,8,0,0.49530591582879424,0.01584160327911377,0.0,1.600000023841858
centered-314381,absolute-314381,multi,8,top1,8,0,0.875,1.0,0,1
centered-314381,absolute-314381,multi,8,teacher_regret,8,0,0.0006048381328582764,0.0,0.0,0.004838705062866211
centered-314381,absolute-314381,multi,8,saturation_fraction,8,0,0.0,0.0,0.0,0.0
centered-314381,absolute-314381,multi,8,tanh_slope_mean,8,0,0.8168569834309144,0.8894002273981351,0.4140321078857016,0.9767538124232702
centered-314381,absolute-314381,multi,8,loss_dmc,8,0,0.9384072262328118,0.7117778956890106,0.02325618825852871,1.98465895652771
centered-314381,absolute-314381,multi,8,loss_absolute,8,0,0.4904712215065956,0.5416001975536346,0.14734044671058655,0.7956579923629761
centered-314381,absolute-314381,multi,8,loss_centered,8,0,0.2562055494636297,0.2467769831418991,0.07993100583553314,0.42017778754234314
centered-314381,absolute-314381,multi,8,absolute_cosine,8,0,-0.30597372411206636,-0.6815679192723563,-0.9995113921319795,0.8803449491590237
centered-314381,absolute-314381,multi,8,absolute_weighted_norm_ratio,8,0,0.15361291033390884,0.049544743991506955,0.006353196037147499,0.747039411035658
centered-314381,absolute-314381,multi,8,absolute_dmc_descent_factor,8,0,0.8878359963424175,0.982363279853007,0.32851203008415797,1.0514266746753984
centered-314381,absolute-314381,multi,8,centered_cosine,8,0,-0.23941618609511636,-0.20840232912077294,-0.9325042006947284,0.6566031333677558
centered-314381,absolute-314381,multi,8,centered_weighted_norm_ratio,8,0,0.04828979913241319,0.009341640259924986,0.004401836747046643,0.2978183960443515
centered-314381,absolute-314381,multi,8,centered_dmc_descent_factor,8,0,0.9701081342745974,0.9971688761490289,0.7878873711273269,1.0037642291048028
centered-314381,absolute-314381,singleton,18,absolute_conflict,18,0,0.6666666666666666,1.0,False,True
centered-314381,absolute-314381,singleton,18,absolute_strong_conflict,18,0,0.6666666666666666,1.0,False,True
centered-314381,absolute-314381,singleton,18,absolute_reverse_dmc,18,0,0,0.0,False,False
centered-314381,absolute-314381,singleton,18,centered_conflict,0,18,,,,
centered-314381,absolute-314381,singleton,18,centered_strong_conflict,0,18,,,,
centered-314381,absolute-314381,singleton,18,centered_reverse_dmc,18,0,0,0.0,False,False
centered-314381,absolute-314381,singleton,18,model_span,18,0,0.0,0.0,0.0,0.0
centered-314381,absolute-314381,singleton,18,model_top_gap,0,18,,,,
centered-314381,absolute-314381,singleton,18,teacher_top_gap,0,18,,,,
centered-314381,absolute-314381,singleton,18,top1,18,0,1,1.0,1,1
centered-314381,absolute-314381,singleton,18,teacher_regret,18,0,0.0,0.0,0.0,0.0
centered-314381,absolute-314381,singleton,18,saturation_fraction,18,0,0.0,0.0,0.0,0.0
centered-314381,absolute-314381,singleton,18,tanh_slope_mean,18,0,0.9079506599665421,0.957412818944216,0.6306316075055634,0.9972734487944535
centered-314381,absolute-314381,singleton,18,loss_dmc,18,0,0.9631425125731362,0.8449720442295074,0.15385468304157257,2.079038619995117
centered-314381,absolute-314381,singleton,18,loss_absolute,18,0,0.09204934150653167,0.04258717969059944,0.0027265511453151703,0.36936840415000916
centered-314381,absolute-314381,singleton,18,loss_centered,18,0,0.0,0.0,0.0,0.0
centered-314381,absolute-314381,singleton,18,absolute_cosine,18,0,-0.33333333333333265,-0.9999999999999982,-0.9999999999999988,0.9999999999999989
centered-314381,absolute-314381,singleton,18,absolute_weighted_norm_ratio,18,0,0.03563185071677068,0.019134918441784915,0.00550931553798206,0.1549439044490921
centered-314381,absolute-314381,singleton,18,absolute_dmc_descent_factor,18,0,0.9786137757792769,0.9911714687531261,0.8450560955509081,1.030646441269845
centered-314381,absolute-314381,singleton,18,centered_cosine,0,18,,,,
centered-314381,absolute-314381,singleton,18,centered_weighted_norm_ratio,18,0,0.0,0.0,0.0,0.0
centered-314381,absolute-314381,singleton,18,centered_dmc_descent_factor,18,0,1.0,1.0,1.0,1.0
centered-314381,centered-314381,all,26,absolute_conflict,26,0,0.6538461538461539,1.0,False,True
centered-314381,centered-314381,all,26,absolute_strong_conflict,26,0,0.6538461538461539,1.0,False,True
centered-314381,centered-314381,all,26,absolute_reverse_dmc,26,0,0,0.0,False,False
centered-314381,centered-314381,all,26,centered_conflict,8,18,0.625,1.0,False,True
centered-314381,centered-314381,all,26,centered_strong_conflict,8,18,0.5,0.5,False,True
centered-314381,centered-314381,all,26,centered_reverse_dmc,26,0,0,0.0,False,False
centered-314381,centered-314381,all,26,model_span,26,0,0.041594739233215265,0.0,0.0,0.20171674340963364
centered-314381,centered-314381,all,26,model_top_gap,8,18,0.04929518204880878,0.028794752433896065,0.007310643792152405,0.20171674340963364
centered-314381,centered-314381,all,26,teacher_top_gap,8,18,0.49530591582879424,0.01584160327911377,0.0,1.600000023841858
centered-314381,centered-314381,all,26,top1,26,0,0.9615384615384616,1.0,0,1
centered-314381,centered-314381,all,26,teacher_regret,26,0,0.0004962774423452524,0.0,0.0,0.012903213500976562
centered-314381,centered-314381,all,26,saturation_fraction,26,0,0.0,0.0,0.0,0.0
centered-314381,centered-314381,all,26,tanh_slope_mean,26,0,0.9716085138314363,0.9893876760914516,0.8267701821451823,0.9999989890592329
centered-314381,centered-314381,all,26,loss_dmc,26,0,0.969451252084512,0.9448088705539703,0.340812087059021,1.7588529586791992
centered-314381,centered-314381,all,26,loss_absolute,26,0,0.18158808297466486,0.02853506524115801,1.0109407639902201e-06,0.6032801866531372
centered-314381,centered-314381,all,26,loss_centered,26,0,0.10536387505439612,0.0,0.0,0.48879900574684143
centered-314381,centered-314381,all,26,absolute_cosine,26,0,-0.26923843694368066,-0.9314652159250426,-0.9999999999999991,0.999999999999999
centered-314381,centered-314381,all,26,absolute_weighted_norm_ratio,26,0,0.023858728745722327,0.019925699763319815,0.00010064674370404815,0.07129413971838267
centered-314381,centered-314381,all,26,absolute_dmc_descent_factor,26,0,0.9938298002057593,0.9951755155769995,0.9287058602816174,1.0427165998485188
centered-314381,centered-314381,all,26,centered_cosine,8,18,-0.07061159502217712,-0.15868850503881432,-0.305952080129113,0.2612637575785002
centered-314381,centered-314381,all,26,centered_weighted_norm_ratio,26,0,0.004074748099189373,0.0,0.0,0.026894503208649025
centered-314381,centered-314381,all,26,centered_dmc_descent_factor,26,0,0.9997073004513567,1.0,0.9921236053306846,1.0025786609613694
centered-314381,centered-314381,multi,8,absolute_conflict,8,0,0.625,1.0,False,True
centered-314381,centered-314381,multi,8,absolute_strong_conflict,8,0,0.625,1.0,False,True
centered-314381,centered-314381,multi,8,absolute_reverse_dmc,8,0,0,0.0,False,False
centered-314381,centered-314381,multi,8,centered_conflict,8,0,0.625,1.0,False,True
centered-314381,centered-314381,multi,8,centered_strong_conflict,8,0,0.5,0.5,False,True
centered-314381,centered-314381,multi,8,centered_reverse_dmc,8,0,0,0.0,False,False
centered-314381,centered-314381,multi,8,model_span,8,0,0.13518290250794962,0.15856457850895822,0.026855958625674248,0.20171674340963364
centered-314381,centered-314381,multi,8,model_top_gap,8,0,0.04929518204880878,0.028794752433896065,0.007310643792152405,0.20171674340963364
centered-314381,centered-314381,multi,8,teacher_top_gap,8,0,0.49530591582879424,0.01584160327911377,0.0,1.600000023841858
centered-314381,centered-314381,multi,8,top1,8,0,0.875,1.0,0,1
centered-314381,centered-314381,multi,8,teacher_regret,8,0,0.0016129016876220703,0.0,0.0,0.012903213500976562
centered-314381,centered-314381,multi,8,saturation_fraction,8,0,0.0,0.0,0.0,0.0
centered-314381,centered-314381,multi,8,tanh_slope_mean,8,0,0.9773248727500556,0.9959534915613866,0.8761504815517386,0.9995473390514544
centered-314381,centered-314381,multi,8,loss_dmc,8,0,0.9279332123696804,1.0321139097213745,0.3410246670246124,1.1616560220718384
centered-314381,centered-314381,multi,8,loss_absolute,8,0,0.5205640681087971,0.538733959197998,0.37801510095596313,0.6032801866531372
centered-314381,centered-314381,multi,8,loss_centered,8,0,0.3424325939267874,0.32441532611846924,0.15645837783813477,0.48879900574684143
centered-314381,centered-314381,multi,8,absolute_cosine,8,0,-0.12502492006696334,-0.49796102629610006,-0.9583827627755321,0.9036608642212944
centered-314381,centered-314381,multi,8,absolute_weighted_norm_ratio,8,0,0.04292405402049124,0.04151713242652354,0.029771942272723895,0.060361242508240154
centered-314381,centered-314381,multi,8,absolute_dmc_descent_factor,8,0,0.9931488152424927,0.9838760078428306,0.9454003787867276,1.0427165998485188
centered-314381,centered-314381,multi,8,centered_cosine,8,0,-0.07061159502217712,-0.15868850503881432,-0.305952080129113,0.2612637575785002
centered-314381,centered-314381,multi,8,centered_weighted_norm_ratio,8,0,0.013242931322365462,0.00924955930838766,0.006393407142296811,0.026894503208649025
centered-314381,centered-314381,multi,8,centered_dmc_descent_factor,8,0,0.9990487264669093,0.9988521557620555,0.9921236053306846,1.0025786609613694
centered-314381,centered-314381,singleton,18,absolute_conflict,18,0,0.6666666666666666,1.0,False,True
centered-314381,centered-314381,singleton,18,absolute_strong_conflict,18,0,0.6666666666666666,1.0,False,True
centered-314381,centered-314381,singleton,18,absolute_reverse_dmc,18,0,0,0.0,False,False
centered-314381,centered-314381,singleton,18,centered_conflict,0,18,,,,
centered-314381,centered-314381,singleton,18,centered_strong_conflict,0,18,,,,
centered-314381,centered-314381,singleton,18,centered_reverse_dmc,18,0,0,0.0,False,False
centered-314381,centered-314381,singleton,18,model_span,18,0,0.0,0.0,0.0,0.0
centered-314381,centered-314381,singleton,18,model_top_gap,0,18,,,,
centered-314381,centered-314381,singleton,18,teacher_top_gap,0,18,,,,
centered-314381,centered-314381,singleton,18,top1,18,0,1,1.0,1,1
centered-314381,centered-314381,singleton,18,teacher_regret,18,0,0.0,0.0,0.0,0.0
centered-314381,centered-314381,singleton,18,saturation_fraction,18,0,0.0,0.0,0.0,0.0
centered-314381,centered-314381,singleton,18,tanh_slope_mean,18,0,0.9690679098676055,0.9863705729179082,0.8267701821451823,0.9999989890592329
centered-314381,centered-314381,singleton,18,loss_dmc,18,0,0.9879037141799927,0.9204961061477661,0.340812087059021,1.7588529586791992
centered-314381,centered-314381,singleton,18,loss_absolute,18,0,0.030932089581717212,0.013629427179694176,1.0109407639902201e-06,0.17322981357574463
centered-314381,centered-314381,singleton,18,loss_centered,18,0,0.0,0.0,0.0,0.0
centered-314381,centered-314381,singleton,18,absolute_cosine,18,0,-0.3333333333333328,-0.9999999999999982,-0.9999999999999991,0.999999999999999
centered-314381,centered-314381,singleton,18,absolute_weighted_norm_ratio,18,0,0.015385250845825031,0.011133664050823253,0.00010064674370404815,0.07129413971838267
centered-314381,centered-314381,singleton,18,absolute_dmc_descent_factor,18,0,0.9941324601894332,0.9957679999786231,0.9287058602816174,1.0245975870363595
centered-314381,centered-314381,singleton,18,centered_cosine,0,18,,,,
centered-314381,centered-314381,singleton,18,centered_weighted_norm_ratio,18,0,0.0,0.0,0.0,0.0
centered-314381,centered-314381,singleton,18,centered_dmc_descent_factor,18,0,1.0,1.0,1.0,1.0
centered-314381,teacher-314382,all,26,absolute_conflict,26,0,0.5,0.5,False,True
centered-314381,teacher-314382,all,26,absolute_strong_conflict,26,0,0.5,0.5,False,True
centered-314381,teacher-314382,all,26,absolute_reverse_dmc,26,0,0,0.0,False,False
centered-314381,teacher-314382,all,26,centered_conflict,8,18,0.75,1.0,False,True
centered-314381,teacher-314382,all,26,centered_strong_conflict,8,18,0.75,1.0,False,True
centered-314381,teacher-314382,all,26,centered_reverse_dmc,26,0,0,0.0,False,False
centered-314381,teacher-314382,all,26,model_span,26,0,0.3524362805944223,0.0,0.0,1.427740454673767
centered-314381,teacher-314382,all,26,model_top_gap,8,18,0.35923441033810377,0.1524503380060196,0.002673625946044922,1.000204160809517
centered-314381,teacher-314382,all,26,teacher_top_gap,8,18,0.49530591582879424,0.01584160327911377,0.0,1.600000023841858
centered-314381,teacher-314382,all,26,top1,26,0,0.9615384615384616,1.0,0,1
centered-314381,teacher-314382,all,26,teacher_regret,26,0,6.22868537902832e-05,0.0,0.0,0.0016194581985473633
centered-314381,teacher-314382,all,26,saturation_fraction,26,0,0.0,0.0,0.0,0.0
centered-314381,teacher-314382,all,26,tanh_slope_mean,26,0,0.8627396231976378,0.9822055869368603,0.4622930130770651,0.999850959169112
centered-314381,teacher-314382,all,26,loss_dmc,26,0,1.1613639200536103,1.0521697402000427,0.09167011827230453,3.194232940673828
centered-314381,teacher-314382,all,26,loss_absolute,26,0,0.03164034108788026,0.016224671620875597,0.00014904083218425512,0.17238794267177582
centered-314381,teacher-314382,all,26,loss_centered,26,0,0.01545916497707367,0.0,0.0,0.10736133903265
centered-314381,teacher-314382,all,26,absolute_cosine,26,0,-0.0346345613043609,-0.21372856902858994,-0.9999999999999991,0.9999999999999987
centered-314381,teacher-314382,all,26,absolute_weighted_norm_ratio,26,0,0.011487790682414232,0.010388856458902682,0.0012359110594809665,0.027409283177053562
centered-314381,teacher-314382,all,26,absolute_dmc_descent_factor,26,0,0.9989740710983773,0.9997472473160194,0.9725907168229465,1.0239882171811032
centered-314381,teacher-314382,all,26,centered_cosine,8,18,-0.25665210562049484,-0.4083749670865117,-0.9242603912775231,0.9332405331199057
centered-314381,teacher-314382,all,26,centered_weighted_norm_ratio,26,0,0.002700231826349176,0.0,0.0,0.022248093258937805
centered-314381,teacher-314382,all,26,centered_dmc_descent_factor,26,0,0.9999891539898741,1.0,0.992904896983483,1.018694148693726
centered-314381,teacher-314382,multi,8,absolute_conflict,8,0,0.5,0.5,False,True
centered-314381,teacher-314382,multi,8,absolute_strong_conflict,8,0,0.5,0.5,False,True
centered-314381,teacher-314382,multi,8,absolute_reverse_dmc,8,0,0,0.0,False,False
centered-314381,teacher-314382,multi,8,centered_conflict,8,0,0.75,1.0,False,True
centered-314381,teacher-314382,multi,8,centered_strong_conflict,8,0,0.75,1.0,False,True
centered-314381,teacher-314382,multi,8,centered_reverse_dmc,8,0,0,0.0,False,False
centered-314381,teacher-314382,multi,8,model_span,8,0,1.1454179119318724,1.1283506527543068,0.9287379086017609,1.427740454673767
centered-314381,teacher-314382,multi,8,model_top_gap,8,0,0.35923441033810377,0.1524503380060196,0.002673625946044922,1.000204160809517
centered-314381,teacher-314382,multi,8,teacher_top_gap,8,0,0.49530591582879424,0.01584160327911377,0.0,1.600000023841858
centered-314381,teacher-314382,multi,8,top1,8,0,0.875,1.0,0,1
centered-314381,teacher-314382,multi,8,teacher_regret,8,0,0.0002024322748184204,0.0,0.0,0.0016194581985473633
centered-314381,teacher-314382,multi,8,saturation_fraction,8,0,0.0,0.0,0.0,0.0
centered-314381,teacher-314382,multi,8,tanh_slope_mean,8,0,0.594768945822911,0.6022455183347644,0.4622930130770651,0.7379940284412051
centered-314381,teacher-314382,multi,8,loss_dmc,8,0,1.4954278161749244,1.655438780784607,0.09167011827230453,3.194232940673828
centered-314381,teacher-314382,multi,8,loss_absolute,8,0,0.06196593784261495,0.03635410126298666,0.013786236755549908,0.17238794267177582
centered-314381,teacher-314382,multi,8,loss_centered,8,0,0.050242286175489426,0.03310104552656412,0.012723302468657494,0.10736133903265
centered-314381,teacher-314382,multi,8,absolute_cosine,8,0,-0.11256232423917219,-0.21372856902858994,-0.9559667868420129,0.995278729299797
centered-314381,teacher-314382,multi,8,absolute_weighted_norm_ratio,8,0,0.011524683008092439,0.009798523789308677,0.002621277739509265,0.02720296480229946
centered-314381,teacher-314382,multi,8,absolute_dmc_descent_factor,8,0,1.0013421958560178,0.9994754229798112,0.9913378145694994,1.017680126844337
centered-314381,teacher-314382,multi,8,centered_cosine,8,0,-0.25665210562049484,-0.4083749670865117,-0.9242603912775231,0.9332405331199057
centered-314381,teacher-314382,multi,8,centered_weighted_norm_ratio,8,0,0.008775753435634822,0.0064018994877485065,0.0031139946545515594,0.022248093258937805
centered-314381,teacher-314382,multi,8,centered_dmc_descent_factor,8,0,0.9999647504670908,0.9971496048907369,0.992904896983483,1.018694148693726
centered-314381,teacher-314382,singleton,18,absolute_conflict,18,0,0.5,0.5,False,True
centered-314381,teacher-314382,singleton,18,absolute_strong_conflict,18,0,0.5,0.5,False,True
centered-314381,teacher-314382,singleton,18,absolute_reverse_dmc,18,0,0,0.0,False,False
centered-314381,teacher-314382,singleton,18,centered_conflict,0,18,,,,
centered-314381,teacher-314382,singleton,18,centered_strong_conflict,0,18,,,,
centered-314381,teacher-314382,singleton,18,centered_reverse_dmc,18,0,0,0.0,False,False
centered-314381,teacher-314382,singleton,18,model_span,18,0,0.0,0.0,0.0,0.0
centered-314381,teacher-314382,singleton,18,model_top_gap,0,18,,,,
centered-314381,teacher-314382,singleton,18,teacher_top_gap,0,18,,,,
centered-314381,teacher-314382,singleton,18,top1,18,0,1,1.0,1,1
centered-314381,teacher-314382,singleton,18,teacher_regret,18,0,0.0,0.0,0.0,0.0
centered-314381,teacher-314382,singleton,18,saturation_fraction,18,0,0.0,0.0,0.0,0.0
centered-314381,teacher-314382,singleton,18,tanh_slope_mean,18,0,0.9818377020308497,0.9863186324204954,0.9004057583298923,0.999850959169112
centered-314381,teacher-314382,singleton,18,loss_dmc,18,0,1.0128910773330264,1.0059154629707336,0.6160243153572083,1.730765461921692
centered-314381,teacher-314382,singleton,18,loss_absolute,18,0,0.01816229808577595,0.013681367505341768,0.00014904083218425512,0.09959424287080765
centered-314381,teacher-314382,singleton,18,loss_centered,18,0,0.0,0.0,0.0,0.0
centered-314381,teacher-314382,singleton,18,absolute_cosine,18,0,-3.20731096002823e-16,-8.326672684688674e-16,-0.9999999999999991,0.9999999999999987
centered-314381,teacher-314382,singleton,18,absolute_weighted_norm_ratio,18,0,0.011471394093223918,0.011199263680627715,0.0012359110594809665,0.027409283177053562
centered-314381,teacher-314382,singleton,18,absolute_dmc_descent_factor,18,0,0.9979215712060927,1.000260782737007,0.9725907168229465,1.0239882171811032
centered-314381,teacher-314382,singleton,18,centered_cosine,0,18,,,,
centered-314381,teacher-314382,singleton,18,centered_weighted_norm_ratio,18,0,0.0,0.0,0.0,0.0
centered-314381,teacher-314382,singleton,18,centered_dmc_descent_factor,18,0,1.0,1.0,1.0,1.0
centered-314381,absolute-314382,all,26,absolute_conflict,26,0,0.5,0.5,False,True
centered-314381,absolute-314382,all,26,absolute_strong_conflict,26,0,0.5,0.5,False,True
centered-314381,absolute-314382,all,26,absolute_reverse_dmc,26,0,0,0.0,False,False
centered-314381,absolute-314382,all,26,centered_conflict,8,18,0.75,1.0,False,True
centered-314381,absolute-314382,all,26,centered_strong_conflict,8,18,0.5,0.5,False,True
centered-314381,absolute-314382,all,26,centered_reverse_dmc,26,0,0,0.0,False,False
centered-314381,absolute-314382,all,26,model_span,26,0,0.061289041446378596,0.0,0.0,0.33544984459877014
centered-314381,absolute-314382,all,26,model_top_gap,8,18,0.057131173089146614,0.01746460050344467,0.0005362853407859802,0.20276274532079697
centered-314381,absolute-314382,all,26,teacher_top_gap,8,18,0.49530591582879424,0.01584160327911377,0.0,1.600000023841858
centered-314381,absolute-314382,all,26,top1,26,0,0.9615384615384616,1.0,0,1
centered-314381,absolute-314382,all,26,teacher_regret,26,0,0.04672761376087482,0.0,0.0,1.2149179577827454
centered-314381,absolute-314382,all,26,saturation_fraction,26,0,0.0,0.0,0.0,0.0
centered-314381,absolute-314382,all,26,tanh_slope_mean,26,0,0.9573824255838346,0.9810510318911585,0.8408773378548489,0.9999932148663255
centered-314381,absolute-314382,all,26,loss_dmc,26,0,0.9538943836322198,0.9471164047718048,0.30226370692253113,1.6998393535614014
centered-314381,absolute-314382,all,26,loss_absolute,26,0,0.18869474386469148,0.06451930291950703,6.785133791709086e-06,0.6657361388206482
centered-314381,absolute-314382,all,26,loss_centered,26,0,0.09903489683683102,0.0,0.0,0.48806801438331604
centered-314381,absolute-314382,all,26,absolute_cosine,26,0,0.01148540214089615,0.012695758596421969,-0.9999999999999989,0.9999999999999992
centered-314381,absolute-314382,all,26,absolute_weighted_norm_ratio,26,0,0.02844584532766216,0.02167436628707009,0.0002598061336308398,0.07898131104137131
centered-314381,absolute-314382,all,26,absolute_dmc_descent_factor,26,0,0.9887694614761077,0.9965686699649452,0.9283019762808007,1.0417067226158798
centered-314381,absolute-314382,all,26,centered_cosine,8,18,-0.0965869207172923,-0.09761221869918613,-0.2661567162422892,0.08687217847972285
centered-314381,absolute-314382,all,26,centered_weighted_norm_ratio,26,0,0.003928939398926982,0.0,0.0,0.028306789491956575
centered-314381,absolute-314382,all,26,centered_dmc_descent_factor,26,0,0.9994794005994796,1.0,0.9933994991684735,1.000496064787029
centered-314381,absolute-314382,multi,8,absolute_conflict,8,0,0.625,1.0,False,True
centered-314381,absolute-314382,multi,8,absolute_strong_conflict,8,0,0.625,1.0,False,True
centered-314381,absolute-314382,multi,8,absolute_reverse_dmc,8,0,0,0.0,False,False
centered-314381,absolute-314382,multi,8,centered_conflict,8,0,0.75,1.0,False,True
centered-314381,absolute-314382,multi,8,centered_strong_conflict,8,0,0.5,0.5,False,True
centered-314381,absolute-314382,multi,8,centered_reverse_dmc,8,0,0,0.0,False,False
centered-314381,absolute-314382,multi,8,model_span,8,0,0.19918938470073044,0.20041624177247286,0.12354034930467606,0.33544984459877014
centered-314381,absolute-314382,multi,8,model_top_gap,8,0,0.057131173089146614,0.01746460050344467,0.0005362853407859802,0.20276274532079697
centered-314381,absolute-314382,multi,8,teacher_top_gap,8,0,0.49530591582879424,0.01584160327911377,0.0,1.600000023841858
centered-314381,absolute-314382,multi,8,top1,8,0,0.875,1.0,0,1
centered-314381,absolute-314382,multi,8,teacher_regret,8,0,0.15186474472284317,0.0,0.0,1.2149179577827454
centered-314381,absolute-314382,multi,8,saturation_fraction,8,0,0.0,0.0,0.0,0.0
centered-314381,absolute-314382,multi,8,tanh_slope_mean,8,0,0.9537501792030701,0.9830804281610921,0.8463127778421576,0.9931514863294271
centered-314381,absolute-314382,multi,8,loss_dmc,8,0,0.9191068597137928,0.8841414153575897,0.30226370692253113,1.4761269092559814
centered-314381,absolute-314382,multi,8,loss_absolute,8,0,0.5210006218403578,0.5510401427745819,0.22517456114292145,0.6657361388206482
centered-314381,absolute-314382,multi,8,loss_centered,8,0,0.3218634147197008,0.30818837881088257,0.154913067817688,0.48806801438331604
centered-314381,absolute-314382,multi,8,absolute_cosine,8,0,-0.21267244304208727,-0.7200490370097016,-0.9911243099628816,0.8871309390710187
centered-314381,absolute-314382,multi,8,absolute_weighted_norm_ratio,8,0,0.04847847219918101,0.04452723756844369,0.019178225282883765,0.07898131104137131
centered-314381,absolute-314382,multi,8,absolute_dmc_descent_factor,8,0,0.9833464735163643,0.9784177487160172,0.9283019762808007,1.0417067226158798
centered-314381,absolute-314382,multi,8,centered_cosine,8,0,-0.0965869207172923,-0.09761221869918613,-0.2661567162422892,0.08687217847972285
centered-314381,absolute-314382,multi,8,centered_weighted_norm_ratio,8,0,0.01276905304651269,0.011406578746916685,0.005710283726160678,0.028306789491956575
centered-314381,absolute-314382,multi,8,centered_dmc_descent_factor,8,0,0.9983080519483087,0.9990135294930983,0.9933994991684735,1.000496064787029
centered-314381,absolute-314382,singleton,18,absolute_conflict,18,0,0.4444444444444444,0.0,False,True
centered-314381,absolute-314382,singleton,18,absolute_strong_conflict,18,0,0.4444444444444444,0.0,False,True
centered-314381,absolute-314382,singleton,18,absolute_reverse_dmc,18,0,0,0.0,False,False
centered-314381,absolute-314382,singleton,18,centered_conflict,0,18,,,,
centered-314381,absolute-314382,singleton,18,centered_strong_conflict,0,18,,,,
centered-314381,absolute-314382,singleton,18,centered_reverse_dmc,18,0,0,0.0,False,False
centered-314381,absolute-314382,singleton,18,model_span,18,0,0.0,0.0,0.0,0.0
centered-314381,absolute-314382,singleton,18,model_top_gap,0,18,,,,
centered-314381,absolute-314382,singleton,18,teacher_top_gap,0,18,,,,
centered-314381,absolute-314382,singleton,18,top1,18,0,1,1.0,1,1
centered-314381,absolute-314382,singleton,18,teacher_regret,18,0,0.0,0.0,0.0,0.0
centered-314381,absolute-314382,singleton,18,saturation_fraction,18,0,0.0,0.0,0.0,0.0
centered-314381,absolute-314382,singleton,18,tanh_slope_mean,18,0,0.9589967573086188,0.9810510318911585,0.8408773378548489,0.9999932148663255
centered-314381,absolute-314382,singleton,18,loss_dmc,18,0,0.9693555053737428,1.0094741582870483,0.36131903529167175,1.6998393535614014
centered-314381,absolute-314382,singleton,18,loss_absolute,18,0,0.04100324254217311,0.01894896849989891,6.785133791709086e-06,0.15912266075611115
centered-314381,absolute-314382,singleton,18,loss_centered,18,0,0.0,0.0,0.0,0.0
centered-314381,absolute-314382,singleton,18,absolute_cosine,18,0,0.11111111111111101,0.999999999999998,-0.9999999999999989,0.9999999999999992
centered-314381,absolute-314382,singleton,18,absolute_weighted_norm_ratio,18,0,0.019542455606987114,0.012085273581358462,0.0002598061336308398,0.06636217387636859
centered-314381,absolute-314382,singleton,18,absolute_dmc_descent_factor,18,0,0.9911796783471047,1.0004697055632832,0.9336378261236316,1.023299881719988
centered-314381,absolute-314382,singleton,18,centered_cosine,0,18,,,,
centered-314381,absolute-314382,singleton,18,centered_weighted_norm_ratio,18,0,0.0,0.0,0.0,0.0
centered-314381,absolute-314382,singleton,18,centered_dmc_descent_factor,18,0,1.0,1.0,1.0,1.0
centered-314381,centered-314382,all,26,absolute_conflict,26,0,0.46153846153846156,0.0,False,True
centered-314381,centered-314382,all,26,absolute_strong_conflict,26,0,0.46153846153846156,0.0,False,True
centered-314381,centered-314382,all,26,absolute_reverse_dmc,26,0,0,0.0,False,False
centered-314381,centered-314382,all,26,centered_conflict,8,18,0.75,1.0,False,True
centered-314381,centered-314382,all,26,centered_strong_conflict,8,18,0.5,0.5,False,True
centered-314381,centered-314382,all,26,centered_reverse_dmc,26,0,0,0.0,False,False
centered-314381,centered-314382,all,26,model_span,26,0,0.046665192590668224,0.0,0.0,0.2427985817193985
centered-314381,centered-314382,all,26,model_top_gap,8,18,0.053492939041461796,0.01568824052810669,0.004735127091407776,0.2427985817193985
centered-314381,centered-314382,all,26,teacher_top_gap,8,18,0.49530591582879424,0.01584160327911377,0.0,1.600000023841858
centered-314381,centered-314382,all,26,top1,26,0,0.9230769230769231,1.0,0,1
centered-314381,centered-314382,all,26,teacher_regret,26,0,0.05758801561135512,0.0,0.0,1.4827722907066345
centered-314381,centered-314382,all,26,saturation_fraction,26,0,0.0,0.0,0.0,0.0
centered-314381,centered-314382,all,26,tanh_slope_mean,26,0,0.9845173019516645,0.992740589670983,0.9389225166234016,0.9999096117716546
centered-314381,centered-314382,all,26,loss_dmc,26,0,0.9801564675111037,1.0060710310935974,0.4900474548339844,1.348102331161499
centered-314381,centered-314382,all,26,loss_absolute,26,0,0.17512348019114982,0.0218236381188035,9.038823191076517e-05,0.7348268032073975
centered-314381,centered-314382,all,26,loss_centered,26,0,0.1035910821877993,0.0,0.0,0.46049895882606506
centered-314381,centered-314382,all,26,absolute_cosine,26,0,0.05121928153319303,0.45154319220392514,-0.9999999999999993,0.9999999999999993
centered-314381,centered-314382,all,26,absolute_weighted_norm_ratio,26,0,0.023929321675960433,0.013782319429198761,0.0009417735440663291,0.11290028363673367
centered-314381,centered-314382,all,26,absolute_dmc_descent_factor,26,0,0.9951013450040241,1.0030190775356602,0.9186946812826589,1.0441392875551703
centered-314381,centered-314382,all,26,centered_cosine,8,18,-0.1385767237832166,-0.08287471387135345,-0.41807098839253487,0.06167495433493684
centered-314381,centered-314382,all,26,centered_weighted_norm_ratio,26,0,0.004788901810328031,0.0,0.0,0.02242450217585576
centered-314381,centered-314382,all,26,centered_dmc_descent_factor,26,0,0.9992943162277459,1.0,0.9906249662111294,1.0013032016388306
centered-314381,centered-314382,multi,8,absolute_conflict,8,0,0.5,0.5,False,True
centered-314381,centered-314382,multi,8,absolute_strong_conflict,8,0,0.5,0.5,False,True
centered-314381,centered-314382,multi,8,absolute_reverse_dmc,8,0,0,0.0,False,False
centered-314381,centered-314382,multi,8,centered_conflict,8,0,0.75,1.0,False,True
centered-314381,centered-314382,multi,8,centered_strong_conflict,8,0,0.5,0.5,False,True
centered-314381,centered-314382,multi,8,centered_reverse_dmc,8,0,0,0.0,False,False
centered-314381,centered-314382,multi,8,model_span,8,0,0.15166187591967173,0.15706771612167358,0.043248824775218964,0.2427985817193985
centered-314381,centered-314382,multi,8,model_top_gap,8,0,0.053492939041461796,0.01568824052810669,0.004735127091407776,0.2427985817193985
centered-314381,centered-314382,multi,8,teacher_top_gap,8,0,0.49530591582879424,0.01584160327911377,0.0,1.600000023841858
centered-314381,centered-314382,multi,8,top1,8,0,0.75,1.0,0,1
centered-314381,centered-314382,multi,8,teacher_regret,8,0,0.18716105073690414,0.0,0.0,1.4827722907066345
centered-314381,centered-314382,multi,8,saturation_fraction,8,0,0.0,0.0,0.0,0.0
centered-314381,centered-314382,multi,8,tanh_slope_mean,8,0,0.9811043479748,0.9850761121620011,0.9389225166234016,0.9982685690544836
centered-314381,centered-314382,multi,8,loss_dmc,8,0,0.8922436609864235,0.9622061550617218,0.4900474548339844,1.156017780303955
centered-314381,centered-314382,multi,8,loss_absolute,8,0,0.5377281941473484,0.5337502211332321,0.3661416172981262,0.7348268032073975
centered-314381,centered-314382,multi,8,loss_centered,8,0,0.33667101711034775,0.34075431525707245,0.15599873661994934,0.46049895882606506
centered-314381,centered-314382,multi,8,absolute_cosine,8,0,-0.08353733501712285,-0.2240261414961844,-0.9801958804845383,0.8994163502952393
centered-314381,centered-314382,multi,8,absolute_weighted_norm_ratio,8,0,0.05380096898570928,0.04860728886412223,0.0219526308378798,0.11290028363673367
centered-314381,centered-314382,multi,8,absolute_dmc_descent_factor,8,0,0.9868546283472831,0.9937193086197811,0.9186946812826589,1.0441392875551703
centered-314381,centered-314382,multi,8,centered_cosine,8,0,-0.1385767237832166,-0.08287471387135345,-0.41807098839253487,0.06167495433493684
centered-314381,centered-314382,multi,8,centered_weighted_norm_ratio,8,0,0.015563930883566102,0.01526393761015045,0.008190503853611945,0.02242450217585576
centered-314381,centered-314382,multi,8,centered_dmc_descent_factor,8,0,0.9977065277401743,0.999172840906465,0.9906249662111294,1.0013032016388306
centered-314381,centered-314382,singleton,18,absolute_conflict,18,0,0.4444444444444444,0.0,False,True
centered-314381,centered-314382,singleton,18,absolute_strong_conflict,18,0,0.4444444444444444,0.0,False,True
centered-314381,centered-314382,singleton,18,absolute_reverse_dmc,18,0,0,0.0,False,False
centered-314381,centered-314382,singleton,18,centered_conflict,0,18,,,,
centered-314381,centered-314382,singleton,18,centered_strong_conflict,0,18,,,,
centered-314381,centered-314382,singleton,18,centered_reverse_dmc,18,0,0,0.0,False,False
centered-314381,centered-314382,singleton,18,model_span,18,0,0.0,0.0,0.0,0.0
centered-314381,centered-314382,singleton,18,model_top_gap,0,18,,,,
centered-314381,centered-314382,singleton,18,teacher_top_gap,0,18,,,,
centered-314381,centered-314382,singleton,18,top1,18,0,1,1.0,1,1
centered-314381,centered-314382,singleton,18,teacher_regret,18,0,0.0,0.0,0.0,0.0
centered-314381,centered-314382,singleton,18,saturation_fraction,18,0,0.0,0.0,0.0,0.0
centered-314381,centered-314382,singleton,18,tanh_slope_mean,18,0,0.9860341703858266,0.992740589670983,0.9486311961493632,0.9999096117716546
centered-314381,centered-314382,singleton,18,loss_dmc,18,0,1.0192288259665172,1.0646949410438538,0.5980750322341919,1.348102331161499
centered-314381,centered-314382,singleton,18,loss_absolute,18,0,0.01396582954395045,0.007259410107508302,9.038823191076517e-05,0.05136880278587341
centered-314381,centered-314382,singleton,18,loss_centered,18,0,0.0,0.0,0.0,0.0
centered-314381,centered-314382,singleton,18,absolute_cosine,18,0,0.1111111111111112,0.9999999999999984,-0.9999999999999993,0.9999999999999993
centered-314381,centered-314382,singleton,18,absolute_weighted_norm_ratio,18,0,0.01065303398273872,0.007807769684528782,0.0009417735440663291,0.02930703582276004
centered-314381,centered-314382,singleton,18,absolute_dmc_descent_factor,18,0,0.9987665524070202,1.0030190775356602,0.9706929641772399,1.0138731450435174
centered-314381,centered-314382,singleton,18,centered_cosine,0,18,,,,
centered-314381,centered-314382,singleton,18,centered_weighted_norm_ratio,18,0,0.0,0.0,0.0,0.0
centered-314381,centered-314382,singleton,18,centered_dmc_descent_factor,18,0,1.0,1.0,1.0,1.0
teacher-314382,teacher-314380,all,26,absolute_conflict,26,0,0.5769230769230769,1.0,False,True
teacher-314382,teacher-314380,all,26,absolute_strong_conflict,26,0,0.5769230769230769,1.0,False,True
teacher-314382,teacher-314380,all,26,absolute_reverse_dmc,26,0,0.038461538461538464,0.0,False,True
teacher-314382,teacher-314380,all,26,centered_conflict,13,13,0.6923076923076923,True,False,True
teacher-314382,teacher-314380,all,26,centered_strong_conflict,13,13,0.6923076923076923,True,False,True
teacher-314382,teacher-314380,all,26,centered_reverse_dmc,26,0,0.038461538461538464,0.0,False,True
teacher-314382,teacher-314380,all,26,model_span,26,0,0.5024307404573147,0.31662558764219284,0.0,1.3568134307861328
teacher-314382,teacher-314380,all,26,model_top_gap,13,13,0.4768304331944539,0.5371256321668625,0.005318701267242432,1.0956671833992004
teacher-314382,teacher-314380,all,26,teacher_top_gap,13,13,1.0111173120184014,1.497600018978119,0.0,1.600000023841858
teacher-314382,teacher-314380,all,26,top1,26,0,1,1.0,1,1
teacher-314382,teacher-314380,all,26,teacher_regret,26,0,0.0,0.0,0.0,0.0
teacher-314382,teacher-314380,all,26,saturation_fraction,26,0,0.0,0.0,0.0,0.0
teacher-314382,teacher-314380,all,26,tanh_slope_mean,26,0,0.8409585578053614,0.9062618767756694,0.37430846187253647,0.9999660145079066
teacher-314382,teacher-314380,all,26,loss_dmc,26,0,1.0858461432642519,0.9630942940711975,0.0029485689010471106,3.4811666011810303
teacher-314382,teacher-314380,all,26,loss_absolute,26,0,0.07312750594554437,0.040901124477386475,3.39854923367966e-05,0.26891618967056274
teacher-314382,teacher-314380,all,26,loss_centered,26,0,0.03930133659965717,0.005450497381389141,0.0,0.2336508333683014
teacher-314382,teacher-314380,all,26,absolute_cosine,26,0,-0.13569020110933638,-0.5337282957448555,-0.9999999999999988,0.9999999999999992
teacher-314382,teacher-314380,all,26,absolute_weighted_norm_ratio,26,0,0.21752684022827856,0.010263556311915972,0.0005795919742591698,4.757615890315569
teacher-314382,teacher-314380,all,26,absolute_dmc_descent_factor,26,0,0.8529222012329594,0.9973850739622014,-2.3964654680584023,1.0186519930813978
teacher-314382,teacher-314380,all,26,centered_cosine,13,13,-0.28190151696474824,-0.5580209501621474,-0.9230459120420331,0.8604489794301484
teacher-314382,teacher-314380,all,26,centered_weighted_norm_ratio,26,0,0.07614491726977392,0.0013774483390553245,0.0,1.6547139439399887
teacher-314382,teacher-314380,all,26,centered_dmc_descent_factor,26,0,0.9588490206899226,1.0,-0.033349249908772416,1.0101110116477328
teacher-314382,teacher-314380,multi,13,absolute_conflict,13,0,0.6153846153846154,True,False,True
teacher-314382,teacher-314380,multi,13,absolute_strong_conflict,13,0,0.6153846153846154,True,False,True
teacher-314382,teacher-314380,multi,13,absolute_reverse_dmc,13,0,0.07692307692307693,False,False,True
teacher-314382,teacher-314380,multi,13,centered_conflict,13,0,0.6923076923076923,True,False,True
teacher-314382,teacher-314380,multi,13,centered_strong_conflict,13,0,0.6923076923076923,True,False,True
teacher-314382,teacher-314380,multi,13,centered_reverse_dmc,13,0,0.07692307692307693,False,False,True
teacher-314382,teacher-314380,multi,13,model_span,13,0,1.0048614809146295,1.009791910648346,0.6332511752843857,1.3568134307861328
teacher-314382,teacher-314380,multi,13,model_top_gap,13,0,0.4768304331944539,0.5371256321668625,0.005318701267242432,1.0956671833992004
teacher-314382,teacher-314380,multi,13,teacher_top_gap,13,0,1.0111173120184014,1.497600018978119,0.0,1.600000023841858
teacher-314382,teacher-314380,multi,13,top1,13,0,1,1,1,1
teacher-314382,teacher-314380,multi,13,teacher_regret,13,0,0.0,0.0,0.0,0.0
teacher-314382,teacher-314380,multi,13,saturation_fraction,13,0,0.0,0.0,0.0,0.0
teacher-314382,teacher-314380,multi,13,tanh_slope_mean,13,0,0.6931006721094483,0.7405566039569693,0.37430846187253647,0.8650960147394497
teacher-314382,teacher-314380,multi,13,loss_dmc,13,0,1.1141670460705286,0.5153153538703918,0.0029485689010471106,3.4811666011810303
teacher-314382,teacher-314380,multi,13,loss_absolute,13,0,0.13507145528609937,0.11793448776006699,0.020046114921569824,0.26891618967056274
teacher-314382,teacher-314380,multi,13,loss_centered,13,0,0.07860267319931434,0.07208990305662155,0.010900994762778282,0.2336508333683014
teacher-314382,teacher-314380,multi,13,absolute_cosine,13,0,-0.19445732529559603,-0.513568756544691,-0.8583610007267369,0.9051472059438195
teacher-314382,teacher-314380,multi,13,absolute_weighted_norm_ratio,13,0,0.427887097161108,0.01809590761692533,0.005899840819365027,4.757615890315569
teacher-314382,teacher-314380,multi,13,absolute_dmc_descent_factor,13,0,0.7045274629173046,0.9959012205486797,-2.3964654680584023,1.0163794602184775
teacher-314382,teacher-314380,multi,13,centered_cosine,13,0,-0.28190151696474824,-0.5580209501621474,-0.9230459120420331,0.8604489794301484
teacher-314382,teacher-314380,multi,13,centered_weighted_norm_ratio,13,0,0.15228983453954784,0.010968503783386943,0.002754896678110649,1.6547139439399887
teacher-314382,teacher-314380,multi,13,centered_dmc_descent_factor,13,0,0.9176980413798453,0.9960584941377061,-0.033349249908772416,1.0101110116477328
teacher-314382,teacher-314380,singleton,13,absolute_conflict,13,0,0.5384615384615384,True,False,True
teacher-314382,teacher-314380,singleton,13,absolute_strong_conflict,13,0,0.5384615384615384,True,False,True
teacher-314382,teacher-314380,singleton,13,absolute_reverse_dmc,13,0,0,False,False,False
teacher-314382,teacher-314380,singleton,13,centered_conflict,0,13,,,,
teacher-314382,teacher-314380,singleton,13,centered_strong_conflict,0,13,,,,
teacher-314382,teacher-314380,singleton,13,centered_reverse_dmc,13,0,0,False,False,False
teacher-314382,teacher-314380,singleton,13,model_span,13,0,0.0,0.0,0.0,0.0
teacher-314382,teacher-314380,singleton,13,model_top_gap,0,13,,,,
teacher-314382,teacher-314380,singleton,13,teacher_top_gap,0,13,,,,
teacher-314382,teacher-314380,singleton,13,top1,13,0,1,1,1,1
teacher-314382,teacher-314380,singleton,13,teacher_regret,13,0,0.0,0.0,0.0,0.0
teacher-314382,teacher-314380,singleton,13,saturation_fraction,13,0,0.0,0.0,0.0,0.0
teacher-314382,teacher-314380,singleton,13,tanh_slope_mean,13,0,0.9888164435012745,0.9987726430578702,0.947427738811889,0.9999660145079066
teacher-314382,teacher-314380,singleton,13,loss_dmc,13,0,1.057525240457975,0.969844400882721,0.7351512312889099,1.5111451148986816
teacher-314382,teacher-314380,singleton,13,loss_absolute,13,0,0.011183556604989393,0.0012273569591343403,3.39854923367966e-05,0.05257226154208183
teacher-314382,teacher-314380,singleton,13,loss_centered,13,0,0.0,0.0,0.0,0.0
teacher-314382,teacher-314380,singleton,13,absolute_cosine,13,0,-0.0769230769230767,-0.9999999999999977,-0.9999999999999988,0.9999999999999992
teacher-314382,teacher-314380,singleton,13,absolute_weighted_norm_ratio,13,0,0.007166583295449111,0.003630556973428525,0.0005795919742591698,0.018651993081397873
teacher-314382,teacher-314380,singleton,13,absolute_dmc_descent_factor,13,0,1.0013169395486141,0.9984572387800466,0.98336962677055,1.0186519930813978
teacher-314382,teacher-314380,singleton,13,centered_cosine,0,13,,,,
teacher-314382,teacher-314380,singleton,13,centered_weighted_norm_ratio,13,0,0.0,0.0,0.0,0.0
teacher-314382,teacher-314380,singleton,13,centered_dmc_descent_factor,13,0,1.0,1.0,1.0,1.0
teacher-314382,absolute-314380,all,26,absolute_conflict,26,0,0.5769230769230769,1.0,False,True
teacher-314382,absolute-314380,all,26,absolute_strong_conflict,26,0,0.5769230769230769,1.0,False,True
teacher-314382,absolute-314380,all,26,absolute_reverse_dmc,26,0,0,0.0,False,False
teacher-314382,absolute-314380,all,26,centered_conflict,13,13,0.46153846153846156,False,False,True
teacher-314382,absolute-314380,all,26,centered_strong_conflict,13,13,0.38461538461538464,False,False,True
teacher-314382,absolute-314380,all,26,centered_reverse_dmc,26,0,0,0.0,False,False
teacher-314382,absolute-314380,all,26,model_span,26,0,0.10372667630704549,0.02542819082736969,0.0,0.41881804168224335
teacher-314382,absolute-314380,all,26,model_top_gap,13,13,0.08048455585510685,0.04073500633239746,0.00011043623089790344,0.2976224645972252
teacher-314382,absolute-314380,all,26,teacher_top_gap,13,13,1.0111173120184014,1.497600018978119,0.0,1.600000023841858
teacher-314382,absolute-314380,all,26,top1,26,0,0.9230769230769231,1.0,0,1
teacher-314382,absolute-314380,all,26,teacher_regret,26,0,0.00010017248300405649,0.0,0.0,0.0016137361526489258
teacher-314382,absolute-314380,all,26,saturation_fraction,26,0,0.0,0.0,0.0,0.0
teacher-314382,absolute-314380,all,26,tanh_slope_mean,26,0,0.9574335563429145,0.9789424548465735,0.8198616192821219,0.9999995704148464
teacher-314382,absolute-314380,all,26,loss_dmc,26,0,0.9746089554750003,0.9283594787120819,0.4688996374607086,2.00567626953125
teacher-314382,absolute-314380,all,26,loss_absolute,26,0,0.2509780650305078,0.13590995594859123,4.2958515678037656e-07,1.077662467956543
teacher-314382,absolute-314380,all,26,loss_centered,26,0,0.15923173381732061,0.07335048168897629,0.0,0.5688869953155518
teacher-314382,absolute-314380,all,26,absolute_cosine,26,0,-0.03777925857435926,-0.17164852099682906,-0.9999999999999989,0.9999999999999992
teacher-314382,absolute-314380,all,26,absolute_weighted_norm_ratio,26,0,0.02541047733743984,0.022205952059741907,6.5499819675941e-05,0.06890803116934655
teacher-314382,absolute-314380,all,26,absolute_dmc_descent_factor,26,0,0.9945238414719901,0.9973787357382795,0.9411258569776058,1.0639509032157373
teacher-314382,absolute-314380,all,26,centered_cosine,13,13,-0.0011723589644391736,0.026916470780309686,-0.45579890610742796,0.5155232492570525
teacher-314382,absolute-314380,all,26,centered_weighted_norm_ratio,26,0,0.00619172969824427,0.0025215696148024277,0.0,0.02670252212733229
teacher-314382,absolute-314380,all,26,centered_dmc_descent_factor,26,0,0.9999639541296885,1.0,0.992750979412873,1.0101701261455982
teacher-314382,absolute-314380,multi,13,absolute_conflict,13,0,0.6923076923076923,True,False,True
teacher-314382,absolute-314380,multi,13,absolute_strong_conflict,13,0,0.6923076923076923,True,False,True
teacher-314382,absolute-314380,multi,13,absolute_reverse_dmc,13,0,0,False,False,False
teacher-314382,absolute-314380,multi,13,centered_conflict,13,0,0.46153846153846156,False,False,True
teacher-314382,absolute-314380,multi,13,centered_strong_conflict,13,0,0.38461538461538464,False,False,True
teacher-314382,absolute-314380,multi,13,centered_reverse_dmc,13,0,0,False,False,False
teacher-314382,absolute-314380,multi,13,model_span,13,0,0.20745335261409098,0.2394392415881157,0.05085638165473938,0.41881804168224335
teacher-314382,absolute-314380,multi,13,model_top_gap,13,0,0.08048455585510685,0.04073500633239746,0.00011043623089790344,0.2976224645972252
teacher-314382,absolute-314380,multi,13,teacher_top_gap,13,0,1.0111173120184014,1.497600018978119,0.0,1.600000023841858
teacher-314382,absolute-314380,multi,13,top1,13,0,0.8461538461538461,1,0,1
teacher-314382,absolute-314380,multi,13,teacher_regret,13,0,0.00020034496600811297,0.0,0.0,0.0016137361526489258
teacher-314382,absolute-314380,multi,13,saturation_fraction,13,0,0.0,0.0,0.0,0.0
teacher-314382,absolute-314380,multi,13,tanh_slope_mean,13,0,0.9436719190861597,0.9766124928732142,0.8198616192821219,0.9978618317955765
teacher-314382,absolute-314380,multi,13,loss_dmc,13,0,0.9578215181827545,0.869847297668457,0.4725746214389801,2.00567626953125
teacher-314382,absolute-314380,multi,13,loss_absolute,13,0,0.4731513238870181,0.4509485363960266,0.17169667780399323,1.077662467956543
teacher-314382,absolute-314380,multi,13,loss_centered,13,0,0.31846346763464123,0.2745893895626068,0.14670096337795258,0.5688869953155518
teacher-314382,absolute-314380,multi,13,absolute_cosine,13,0,-0.1524815940717954,-0.20032169458739346,-0.9874178404967172,0.9618146110167017
teacher-314382,absolute-314380,multi,13,absolute_weighted_norm_ratio,13,0,0.03603375279095704,0.028490712890550062,0.00881886769491197,0.06890803116934655
teacher-314382,absolute-314380,multi,13,absolute_dmc_descent_factor,13,0,0.9941220861486464,0.9948515044249175,0.9411258569776058,1.0639509032157373
teacher-314382,absolute-314380,multi,13,centered_cosine,13,0,-0.0011723589644391736,0.026916470780309686,-0.45579890610742796,0.5155232492570525
teacher-314382,absolute-314380,multi,13,centered_weighted_norm_ratio,13,0,0.01238345939648854,0.00878185548860086,0.005043139229604855,0.02670252212733229
teacher-314382,absolute-314380,multi,13,centered_dmc_descent_factor,13,0,0.999927908259377,1.0001357435097147,0.992750979412873,1.0101701261455982
teacher-314382,absolute-314380,singleton,13,absolute_conflict,13,0,0.46153846153846156,False,False,True
teacher-314382,absolute-314380,singleton,13,absolute_strong_conflict,13,0,0.46153846153846156,False,False,True
teacher-314382,absolute-314380,singleton,13,absolute_reverse_dmc,13,0,0,False,False,False
teacher-314382,absolute-314380,singleton,13,centered_conflict,0,13,,,,
teacher-314382,absolute-314380,singleton,13,centered_strong_conflict,0,13,,,,
teacher-314382,absolute-314380,singleton,13,centered_reverse_dmc,13,0,0,False,False,False
teacher-314382,absolute-314380,singleton,13,model_span,13,0,0.0,0.0,0.0,0.0
teacher-314382,absolute-314380,singleton,13,model_top_gap,0,13,,,,
teacher-314382,absolute-314380,singleton,13,teacher_top_gap,0,13,,,,
teacher-314382,absolute-314380,singleton,13,top1,13,0,1,1,1,1
teacher-314382,absolute-314380,singleton,13,teacher_regret,13,0,0.0,0.0,0.0,0.0
teacher-314382,absolute-314380,singleton,13,saturation_fraction,13,0,0.0,0.0,0.0,0.0
teacher-314382,absolute-314380,singleton,13,tanh_slope_mean,13,0,0.9711951935996693,0.9816893706068244,0.8998767686678582,0.9999995704148464
teacher-314382,absolute-314380,singleton,13,loss_dmc,13,0,0.991396392767246,1.0013113021850586,0.4688996374607086,1.7329684495925903
teacher-314382,absolute-314380,singleton,13,loss_absolute,13,0,0.028804806173997558,0.018310628831386566,4.2958515678037656e-07,0.10012323409318924
teacher-314382,absolute-314380,singleton,13,loss_centered,13,0,0.0,0.0,0.0,0.0
teacher-314382,absolute-314380,singleton,13,absolute_cosine,13,0,0.07692307692307689,0.9999999999999983,-0.9999999999999989,0.9999999999999992
teacher-314382,absolute-314380,singleton,13,absolute_weighted_norm_ratio,13,0,0.014787201883922641,0.011918856094612913,6.5499819675941e-05,0.04603603556187066
teacher-314382,absolute-314380,singleton,13,absolute_dmc_descent_factor,13,0,0.994925596795334,1.0000654998196759,0.9539639644381294,1.0240365489986927
teacher-314382,absolute-314380,singleton,13,centered_cosine,0,13,,,,
teacher-314382,absolute-314380,singleton,13,centered_weighted_norm_ratio,13,0,0.0,0.0,0.0,0.0
teacher-314382,absolute-314380,singleton,13,centered_dmc_descent_factor,13,0,1.0,1.0,1.0,1.0
teacher-314382,centered-314380,all,26,absolute_conflict,26,0,0.4230769230769231,0.0,False,True
teacher-314382,centered-314380,all,26,absolute_strong_conflict,26,0,0.4230769230769231,0.0,False,True
teacher-314382,centered-314380,all,26,absolute_reverse_dmc,26,0,0,0.0,False,False
teacher-314382,centered-314380,all,26,centered_conflict,13,13,0.46153846153846156,False,False,True
teacher-314382,centered-314380,all,26,centered_strong_conflict,13,13,0.38461538461538464,False,False,True
teacher-314382,centered-314380,all,26,centered_reverse_dmc,26,0,0,0.0,False,False
teacher-314382,centered-314380,all,26,model_span,26,0,0.07130464223714975,0.002647317945957184,0.0,0.24982129782438278
teacher-314382,centered-314380,all,26,model_top_gap,13,13,0.06214656960219145,0.023680567741394043,0.0002891272306442261,0.20717511884868145
teacher-314382,centered-314380,all,26,teacher_top_gap,13,13,1.0111173120184014,1.497600018978119,0.0,1.600000023841858
teacher-314382,centered-314380,all,26,top1,26,0,0.9615384615384616,1.0,0,1
teacher-314382,centered-314380,all,26,teacher_regret,26,0,0.0006803251229799711,0.0,0.0,0.017688453197479248
teacher-314382,centered-314380,all,26,saturation_fraction,26,0,0.0,0.0,0.0,0.0
teacher-314382,centered-314380,all,26,tanh_slope_mean,26,0,0.9736274426908406,0.9908339877074472,0.81937187402088,0.999879907986903
teacher-314382,centered-314380,all,26,loss_dmc,26,0,1.0343044572151625,1.0709826350212097,0.33062079548835754,1.8203644752502441
teacher-314382,centered-314380,all,26,loss_absolute,26,0,0.3023293830631771,0.29853537678718567,0.0001200920160044916,0.9251387715339661
teacher-314382,centered-314380,all,26,loss_centered,26,0,0.17299785980811486,0.08731289207935333,0.0,0.6357712745666504
teacher-314382,centered-314380,all,26,absolute_cosine,26,0,0.14266180399282516,0.6247782419106175,-0.9999999999999993,0.999999999999999
teacher-314382,centered-314380,all,26,absolute_weighted_norm_ratio,26,0,0.032562295394091174,0.021241785360288118,0.0010839860425134757,0.15590644481488375
teacher-314382,centered-314380,all,26,absolute_dmc_descent_factor,26,0,0.9939428464188254,1.0037075986944384,0.8624116619438533,1.0542855781765217
teacher-314382,centered-314380,all,26,centered_cosine,13,13,0.002460688781306727,0.023795034761286263,-0.38053306446318114,0.47231940407036604
teacher-314382,centered-314380,all,26,centered_weighted_norm_ratio,26,0,0.00588097953948398,0.0019514328596766245,0.0,0.02089502473677847
teacher-314382,centered-314380,all,26,centered_dmc_descent_factor,26,0,1.0002618518900337,1.0,0.9956183457006365,1.0094260566944173
teacher-314382,centered-314380,multi,13,absolute_conflict,13,0,0.46153846153846156,False,False,True
teacher-314382,centered-314380,multi,13,absolute_strong_conflict,13,0,0.46153846153846156,False,False,True
teacher-314382,centered-314380,multi,13,absolute_reverse_dmc,13,0,0,False,False,False
teacher-314382,centered-314380,multi,13,centered_conflict,13,0,0.46153846153846156,False,False,True
teacher-314382,centered-314380,multi,13,centered_strong_conflict,13,0,0.38461538461538464,False,False,True
teacher-314382,centered-314380,multi,13,centered_reverse_dmc,13,0,0,False,False,False
teacher-314382,centered-314380,multi,13,model_span,13,0,0.1426092844742995,0.13088399171829224,0.005294635891914368,0.24982129782438278
teacher-314382,centered-314380,multi,13,model_top_gap,13,0,0.06214656960219145,0.023680567741394043,0.0002891272306442261,0.20717511884868145
teacher-314382,centered-314380,multi,13,teacher_top_gap,13,0,1.0111173120184014,1.497600018978119,0.0,1.600000023841858
teacher-314382,centered-314380,multi,13,top1,13,0,0.9230769230769231,1,0,1
teacher-314382,centered-314380,multi,13,teacher_regret,13,0,0.0013606502459599422,0.0,0.0,0.017688453197479248
teacher-314382,centered-314380,multi,13,saturation_fraction,13,0,0.0,0.0,0.0,0.0
teacher-314382,centered-314380,multi,13,tanh_slope_mean,13,0,0.9740958932627992,0.9852683631618494,0.9037516076206307,0.999469227578171
teacher-314382,centered-314380,multi,13,loss_dmc,13,0,1.0318724788152254,1.0798310041427612,0.36451512575149536,1.8203644752502441
teacher-314382,centered-314380,multi,13,loss_absolute,13,0,0.5778177586885599,0.5129821300506592,0.4164426326751709,0.9251387715339661
teacher-314382,centered-314380,multi,13,loss_centered,13,0,0.3459957196162297,0.2760356664657593,0.17462578415870667,0.6357712745666504
teacher-314382,centered-314380,multi,13,absolute_cosine,13,0,0.05455437721641998,0.37443857167511224,-0.9785395503276213,0.9841758954374078
teacher-314382,centered-314380,multi,13,absolute_weighted_norm_ratio,13,0,0.05249790572395643,0.04707289850432087,0.016122317444069195,0.15590644481488375
teacher-314382,centered-314380,multi,13,absolute_dmc_descent_factor,13,0,0.9908570694233443,1.0065356830986543,0.8624116619438533,1.0542855781765217
teacher-314382,centered-314380,multi,13,centered_cosine,13,0,0.002460688781306727,0.023795034761286263,-0.38053306446318114,0.47231940407036604
teacher-314382,centered-314380,multi,13,centered_weighted_norm_ratio,13,0,0.01176195907896796,0.011514516630886722,0.003902865719353249,0.02089502473677847
teacher-314382,centered-314380,multi,13,centered_dmc_descent_factor,13,0,1.0005237037800676,1.0002725770468348,0.9956183457006365,1.0094260566944173
teacher-314382,centered-314380,singleton,13,absolute_conflict,13,0,0.38461538461538464,False,False,True
teacher-314382,centered-314380,singleton,13,absolute_strong_conflict,13,0,0.38461538461538464,False,False,True
teacher-314382,centered-314380,singleton,13,absolute_reverse_dmc,13,0,0,False,False,False
teacher-314382,centered-314380,singleton,13,centered_conflict,0,13,,,,
teacher-314382,centered-314380,singleton,13,centered_strong_conflict,0,13,,,,
teacher-314382,centered-314380,singleton,13,centered_reverse_dmc,13,0,0,False,False,False
teacher-314382,centered-314380,singleton,13,model_span,13,0,0.0,0.0,0.0,0.0
teacher-314382,centered-314380,singleton,13,model_top_gap,0,13,,,,
teacher-314382,centered-314380,singleton,13,teacher_top_gap,0,13,,,,
teacher-314382,centered-314380,singleton,13,top1,13,0,1,1,1,1
teacher-314382,centered-314380,singleton,13,teacher_regret,13,0,0.0,0.0,0.0,0.0
teacher-314382,centered-314380,singleton,13,saturation_fraction,13,0,0.0,0.0,0.0,0.0
teacher-314382,centered-314380,singleton,13,tanh_slope_mean,13,0,0.973158992118882,0.9955244029627206,0.81937187402088,0.999879907986903
teacher-314382,centered-314380,singleton,13,loss_dmc,13,0,1.0367364356150994,1.0621342658996582,0.33062079548835754,1.8142340183258057
teacher-314382,centered-314380,singleton,13,loss_absolute,13,0,0.02684100743779429,0.004475596826523542,0.0001200920160044916,0.18062812089920044
teacher-314382,centered-314380,singleton,13,loss_centered,13,0,0.0,0.0,0.0,0.0
teacher-314382,centered-314380,singleton,13,absolute_cosine,13,0,0.23076923076923037,0.9999999999999982,-0.9999999999999993,0.999999999999999
teacher-314382,centered-314380,singleton,13,absolute_weighted_norm_ratio,13,0,0.012626685064225927,0.007169638579982646,0.0010839860425134757,0.07391414914426105
teacher-314382,centered-314380,singleton,13,absolute_dmc_descent_factor,13,0,0.9970286234143064,1.002969054607357,0.926085850855739,1.0257573727421048
teacher-314382,centered-314380,singleton,13,centered_cosine,0,13,,,,
teacher-314382,centered-314380,singleton,13,centered_weighted_norm_ratio,13,0,0.0,0.0,0.0,0.0
teacher-314382,centered-314380,singleton,13,centered_dmc_descent_factor,13,0,1.0,1.0,1.0,1.0
teacher-314382,teacher-314381,all,26,absolute_conflict,26,0,0.7307692307692307,1.0,False,True
teacher-314382,teacher-314381,all,26,absolute_strong_conflict,26,0,0.6923076923076923,1.0,False,True
teacher-314382,teacher-314381,all,26,absolute_reverse_dmc,26,0,0.038461538461538464,0.0,False,True
teacher-314382,teacher-314381,all,26,centered_conflict,13,13,0.7692307692307693,True,False,True
teacher-314382,teacher-314381,all,26,centered_strong_conflict,13,13,0.7692307692307693,True,False,True
teacher-314382,teacher-314381,all,26,centered_reverse_dmc,26,0,0,0.0,False,False
teacher-314382,teacher-314381,all,26,model_span,26,0,0.5271132393525197,0.3342635855078697,0.0,1.529237985610962
teacher-314382,teacher-314381,all,26,model_top_gap,13,13,0.4884712489751669,0.5600061044096947,0.002271115779876709,1.1388829350471497
teacher-314382,teacher-314381,all,26,teacher_top_gap,13,13,1.0111173120184014,1.497600018978119,0.0,1.600000023841858
teacher-314382,teacher-314381,all,26,top1,26,0,0.9230769230769231,1.0,0,1
teacher-314382,teacher-314381,all,26,teacher_regret,26,0,0.00028549707852877106,0.0,0.0,0.006432175636291504
teacher-314382,teacher-314381,all,26,saturation_fraction,26,0,0.0,0.0,0.0,0.0
teacher-314382,teacher-314381,all,26,tanh_slope_mean,26,0,0.8302766796423077,0.8861769883173103,0.4412235898118524,0.9994557621483353
teacher-314382,teacher-314381,all,26,loss_dmc,26,0,1.0560421186785858,0.9451818764209747,0.008027064613997936,3.147779703140259
teacher-314382,teacher-314381,all,26,loss_absolute,26,0,0.0637683313622032,0.0322476951405406,0.0005442378460429609,0.23881317675113678
teacher-314382,teacher-314381,all,26,loss_centered,26,0,0.036988502726531945,0.004685308784246445,0.0,0.2169104367494583
teacher-314382,teacher-314381,all,26,absolute_cosine,26,0,-0.24842952386419348,-0.4550074154537955,-0.9999999999999986,0.9999999999999983
teacher-314382,teacher-314381,all,26,absolute_weighted_norm_ratio,26,0,0.09610032791740779,0.009057012787910105,0.0017690537732595495,1.7730656493902077
teacher-314382,teacher-314381,all,26,absolute_dmc_descent_factor,26,0,0.9377289987384975,0.9958357648864593,-0.264550781098317,1.0234662043614118
teacher-314382,teacher-314381,all,26,centered_cosine,13,13,-0.3595229594309672,-0.5796023121375086,-0.9046491210103309,0.8474630921346625
teacher-314382,teacher-314381,all,26,centered_weighted_norm_ratio,26,0,0.03244312564297159,0.0010311696422514655,0.0,0.6152641775101284
teacher-314382,teacher-314381,all,26,centered_dmc_descent_factor,26,0,0.9838332842295964,1.0,0.6433914601397471,1.0165614506038638
teacher-314382,teacher-314381,multi,13,absolute_conflict,13,0,0.9230769230769231,True,False,True
teacher-314382,teacher-314381,multi,13,absolute_strong_conflict,13,0,0.8461538461538461,True,False,True
teacher-314382,teacher-314381,multi,13,absolute_reverse_dmc,13,0,0.07692307692307693,False,False,True
teacher-314382,teacher-314381,multi,13,centered_conflict,13,0,0.7692307692307693,True,False,True
teacher-314382,teacher-314381,multi,13,centered_strong_conflict,13,0,0.7692307692307693,True,False,True
teacher-314382,teacher-314381,multi,13,centered_reverse_dmc,13,0,0,False,False,False
teacher-314382,teacher-314381,multi,13,model_span,13,0,1.0542264787050395,1.0219973027706146,0.6685271710157394,1.529237985610962
teacher-314382,teacher-314381,multi,13,model_top_gap,13,0,0.4884712489751669,0.5600061044096947,0.002271115779876709,1.1388829350471497
teacher-314382,teacher-314381,multi,13,teacher_top_gap,13,0,1.0111173120184014,1.497600018978119,0.0,1.600000023841858
teacher-314382,teacher-314381,multi,13,top1,13,0,0.8461538461538461,1,0,1
teacher-314382,teacher-314381,multi,13,teacher_regret,13,0,0.0005709941570575421,0.0,0.0,0.006432175636291504
teacher-314382,teacher-314381,multi,13,saturation_fraction,13,0,0.0,0.0,0.0,0.0
teacher-314382,teacher-314381,multi,13,tanh_slope_mean,13,0,0.6773469678867949,0.7064181750510367,0.4412235898118524,0.8663651052668605
teacher-314382,teacher-314381,multi,13,loss_dmc,13,0,1.0390939849357193,0.5485324859619141,0.008027064613997936,3.147779703140259
teacher-314382,teacher-314381,multi,13,loss_absolute,13,0,0.11074305440370853,0.09461312741041183,0.009754190221428871,0.23881317675113678
teacher-314382,teacher-314381,multi,13,loss_centered,13,0,0.07397700545306389,0.06692244112491608,0.00937061756849289,0.2169104367494583
teacher-314382,teacher-314381,multi,13,absolute_cosine,13,0,-0.41993597080531014,-0.4362664855052633,-0.8264031012614473,0.30706277453626984
teacher-314382,teacher-314381,multi,13,absolute_weighted_norm_ratio,13,0,0.18283657712331908,0.015922003765074084,0.0017690537732595495,1.7730656493902077
teacher-314382,teacher-314381,multi,13,absolute_dmc_descent_factor,13,0,0.874076749152273,0.9934282831958745,-0.264550781098317,1.0066958556451036
teacher-314382,teacher-314381,multi,13,centered_cosine,13,0,-0.3595229594309672,-0.5796023121375086,-0.9046491210103309,0.8474630921346625
teacher-314382,teacher-314381,multi,13,centered_weighted_norm_ratio,13,0,0.06488625128594318,0.011875253656542942,0.002062339284502931,0.6152641775101284
teacher-314382,teacher-314381,multi,13,centered_dmc_descent_factor,13,0,0.9676665684591927,0.995557179611381,0.6433914601397471,1.0165614506038638
teacher-314382,teacher-314381,singleton,13,absolute_conflict,13,0,0.5384615384615384,True,False,True
teacher-314382,teacher-314381,singleton,13,absolute_strong_conflict,13,0,0.5384615384615384,True,False,True
teacher-314382,teacher-314381,singleton,13,absolute_reverse_dmc,13,0,0,False,False,False
teacher-314382,teacher-314381,singleton,13,centered_conflict,0,13,,,,
teacher-314382,teacher-314381,singleton,13,centered_strong_conflict,0,13,,,,
teacher-314382,teacher-314381,singleton,13,centered_reverse_dmc,13,0,0,False,False,False
teacher-314382,teacher-314381,singleton,13,model_span,13,0,0.0,0.0,0.0,0.0
teacher-314382,teacher-314381,singleton,13,model_top_gap,0,13,,,,
teacher-314382,teacher-314381,singleton,13,teacher_top_gap,0,13,,,,
teacher-314382,teacher-314381,singleton,13,top1,13,0,1,1,1,1
teacher-314382,teacher-314381,singleton,13,teacher_regret,13,0,0.0,0.0,0.0,0.0
teacher-314382,teacher-314381,singleton,13,saturation_fraction,13,0,0.0,0.0,0.0,0.0
teacher-314382,teacher-314381,singleton,13,tanh_slope_mean,13,0,0.9832063913978203,0.9951273644349159,0.90598887136776,0.9994557621483353
teacher-314382,teacher-314381,singleton,13,loss_dmc,13,0,1.0729902524214525,0.9538864493370056,0.7684854865074158,1.7072359323501587
teacher-314382,teacher-314381,singleton,13,loss_absolute,13,0,0.016793608320697855,0.004872635472565889,0.0005442378460429609,0.09401112794876099
teacher-314382,teacher-314381,singleton,13,loss_centered,13,0,0.0,0.0,0.0,0.0
teacher-314382,teacher-314381,singleton,13,absolute_cosine,13,0,-0.07692307692307679,-0.9999999999999971,-0.9999999999999986,0.9999999999999983
teacher-314382,teacher-314381,singleton,13,absolute_weighted_norm_ratio,13,0,0.009364078711496509,0.007504256056536266,0.0023886142320032637,0.023466204361411763
teacher-314382,teacher-314381,singleton,13,absolute_dmc_descent_factor,13,0,1.001381248324722,0.9976113857679968,0.985927187633221,1.0234662043614118
teacher-314382,teacher-314381,singleton,13,centered_cosine,0,13,,,,
teacher-314382,teacher-314381,singleton,13,centered_weighted_norm_ratio,13,0,0.0,0.0,0.0,0.0
teacher-314382,teacher-314381,singleton,13,centered_dmc_descent_factor,13,0,1.0,1.0,1.0,1.0
teacher-314382,absolute-314381,all,26,absolute_conflict,26,0,0.5384615384615384,1.0,False,True
teacher-314382,absolute-314381,all,26,absolute_strong_conflict,26,0,0.5384615384615384,1.0,False,True
teacher-314382,absolute-314381,all,26,absolute_reverse_dmc,26,0,0,0.0,False,False
teacher-314382,absolute-314381,all,26,centered_conflict,13,13,0.46153846153846156,False,False,True
teacher-314382,absolute-314381,all,26,centered_strong_conflict,13,13,0.46153846153846156,False,False,True
teacher-314382,absolute-314381,all,26,centered_reverse_dmc,26,0,0,0.0,False,False
teacher-314382,absolute-314381,all,26,model_span,26,0,0.2248498652703487,0.10830924473702908,0.0,0.7945063188672066
teacher-314382,absolute-314381,all,26,model_top_gap,13,13,0.19553933278299296,0.13739996030926704,0.0014462172985076904,0.6026081815361977
teacher-314382,absolute-314381,all,26,teacher_top_gap,13,13,1.0111173120184014,1.497600018978119,0.0,1.600000023841858
teacher-314382,absolute-314381,all,26,top1,26,0,0.8846153846153846,1.0,0,1
teacher-314382,absolute-314381,all,26,teacher_regret,26,0,0.00044022615139301005,0.0,0.0,0.009648263454437256
teacher-314382,absolute-314381,all,26,saturation_fraction,26,0,0.0,0.0,0.0,0.0
teacher-314382,absolute-314381,all,26,tanh_slope_mean,26,0,0.9128469024752751,0.9594763396485412,0.6568815944162765,0.9999990978804854
teacher-314382,absolute-314381,all,26,loss_dmc,26,0,1.062416304475986,0.9667027294635773,0.1243300661444664,2.5146446228027344
teacher-314382,absolute-314381,all,26,loss_absolute,26,0,0.27115166646073546,0.24866361171007156,9.021194955494138e-07,1.0964810848236084
teacher-314382,absolute-314381,all,26,loss_centered,26,0,0.11227084610324639,0.044813308864831924,0.0,0.4522477686405182
teacher-314382,absolute-314381,all,26,absolute_cosine,26,0,-0.027077983228962512,-0.3343283786353378,-0.9999999999999993,0.999999999999999
teacher-314382,absolute-314381,all,26,absolute_weighted_norm_ratio,26,0,0.0463707665913264,0.027766318547417783,9.488985487188082e-05,0.34881122293454636
teacher-314382,absolute-314381,all,26,absolute_dmc_descent_factor,26,0,0.9832057578575034,0.9981698407662577,0.6908614871202997,1.0767997436747232
teacher-314382,absolute-314381,all,26,centered_cosine,13,13,-0.009589562443628633,0.044656176618768986,-0.6076862771202015,0.8972996960560017
teacher-314382,absolute-314381,all,26,centered_weighted_norm_ratio,26,0,0.005803237079443675,0.0020421170355914425,0.0,0.022450862886792728
teacher-314382,absolute-314381,all,26,centered_dmc_descent_factor,26,0,0.9997185656697477,1.0,0.9877652068175529,1.0111311219195664
teacher-314382,absolute-314381,multi,13,absolute_conflict,13,0,0.5384615384615384,True,False,True
teacher-314382,absolute-314381,multi,13,absolute_strong_conflict,13,0,0.5384615384615384,True,False,True
teacher-314382,absolute-314381,multi,13,absolute_reverse_dmc,13,0,0,False,False,False
teacher-314382,absolute-314381,multi,13,centered_conflict,13,0,0.46153846153846156,False,False,True
teacher-314382,absolute-314381,multi,13,centered_strong_conflict,13,0,0.46153846153846156,False,False,True
teacher-314382,absolute-314381,multi,13,centered_reverse_dmc,13,0,0,False,False,False
teacher-314382,absolute-314381,multi,13,model_span,13,0,0.4496997305406974,0.44134049117565155,0.21661848947405815,0.7945063188672066
teacher-314382,absolute-314381,multi,13,model_top_gap,13,0,0.19553933278299296,0.13739996030926704,0.0014462172985076904,0.6026081815361977
teacher-314382,absolute-314381,multi,13,teacher_top_gap,13,0,1.0111173120184014,1.497600018978119,0.0,1.600000023841858
teacher-314382,absolute-314381,multi,13,top1,13,0,0.7692307692307693,1,0,1
teacher-314382,absolute-314381,multi,13,teacher_regret,13,0,0.0008804523027860201,0.0,0.0,0.009648263454437256
teacher-314382,absolute-314381,multi,13,saturation_fraction,13,0,0.0,0.0,0.0,0.0
teacher-314382,absolute-314381,multi,13,tanh_slope_mean,13,0,0.9139301963438343,0.9314052689214641,0.7048505483498658,0.9845065507535576
teacher-314382,absolute-314381,multi,13,loss_dmc,13,0,1.0123163845676642,0.9681881666183472,0.1243300661444664,2.4123733043670654
teacher-314382,absolute-314381,multi,13,loss_absolute,13,0,0.4540669419444524,0.3721132278442383,0.09287654608488083,1.0964810848236084
teacher-314382,absolute-314381,multi,13,loss_centered,13,0,0.22454169220649278,0.22263193130493164,0.08962661772966385,0.4522477686405182
teacher-314382,absolute-314381,multi,13,absolute_cosine,13,0,0.022767110465151827,-0.25349635759169775,-0.9942559100218562,0.985496685017868
teacher-314382,absolute-314381,multi,13,absolute_weighted_norm_ratio,13,0,0.06766938694796229,0.038462767387534076,0.009889560372850064,0.34881122293454636
teacher-314382,absolute-314381,multi,13,absolute_dmc_descent_factor,13,0,0.9752404014324669,0.994375945901414,0.6908614871202997,1.0767997436747232
teacher-314382,absolute-314381,multi,13,centered_cosine,13,0,-0.009589562443628633,0.044656176618768986,-0.6076862771202015,0.8972996960560017
teacher-314382,absolute-314381,multi,13,centered_weighted_norm_ratio,13,0,0.01160647415888735,0.008272580916873006,0.004084234071182885,0.022450862886792728
teacher-314382,absolute-314381,multi,13,centered_dmc_descent_factor,13,0,0.9994371313394954,1.0005282361085095,0.9877652068175529,1.0111311219195664
teacher-314382,absolute-314381,singleton,13,absolute_conflict,13,0,0.5384615384615384,True,False,True
teacher-314382,absolute-314381,singleton,13,absolute_strong_conflict,13,0,0.5384615384615384,True,False,True
teacher-314382,absolute-314381,singleton,13,absolute_reverse_dmc,13,0,0,False,False,False
teacher-314382,absolute-314381,singleton,13,centered_conflict,0,13,,,,
teacher-314382,absolute-314381,singleton,13,centered_strong_conflict,0,13,,,,
teacher-314382,absolute-314381,singleton,13,centered_reverse_dmc,13,0,0,False,False,False
teacher-314382,absolute-314381,singleton,13,model_span,13,0,0.0,0.0,0.0,0.0
teacher-314382,absolute-314381,singleton,13,model_top_gap,0,13,,,,
teacher-314382,absolute-314381,singleton,13,teacher_top_gap,0,13,,,,
teacher-314382,absolute-314381,singleton,13,top1,13,0,1,1,1,1
teacher-314382,absolute-314381,singleton,13,teacher_regret,13,0,0.0,0.0,0.0,0.0
teacher-314382,absolute-314381,singleton,13,saturation_fraction,13,0,0.0,0.0,0.0,0.0
teacher-314382,absolute-314381,singleton,13,tanh_slope_mean,13,0,0.9117636086067159,0.969950886031034,0.6568815944162765,0.9999990978804854
teacher-314382,absolute-314381,singleton,13,loss_dmc,13,0,1.1125162243843079,0.9652172923088074,0.23303046822547913,2.5146446228027344
teacher-314382,absolute-314381,singleton,13,loss_absolute,13,0,0.08823639097701849,0.030049113556742668,9.021194955494138e-07,0.3431183993816376
teacher-314382,absolute-314381,singleton,13,loss_centered,13,0,0.0,0.0,0.0,0.0
teacher-314382,absolute-314381,singleton,13,absolute_cosine,13,0,-0.07692307692307686,-0.9999999999999974,-0.9999999999999993,0.999999999999999
teacher-314382,absolute-314381,singleton,13,absolute_weighted_norm_ratio,13,0,0.02507214623469051,0.020969713345465737,9.488985487188082e-05,0.10715415034929077
teacher-314382,absolute-314381,singleton,13,absolute_dmc_descent_factor,13,0,0.9911711142825398,0.998214137398016,0.8928458496507095,1.0369388785732871
teacher-314382,absolute-314381,singleton,13,centered_cosine,0,13,,,,
teacher-314382,absolute-314381,singleton,13,centered_weighted_norm_ratio,13,0,0.0,0.0,0.0,0.0
teacher-314382,absolute-314381,singleton,13,centered_dmc_descent_factor,13,0,1.0,1.0,1.0,1.0
teacher-314382,centered-314381,all,26,absolute_conflict,26,0,0.5,0.5,False,True
teacher-314382,centered-314381,all,26,absolute_strong_conflict,26,0,0.46153846153846156,0.0,False,True
teacher-314382,centered-314381,all,26,absolute_reverse_dmc,26,0,0,0.0,False,False
teacher-314382,centered-314381,all,26,centered_conflict,13,13,0.5384615384615384,True,False,True
teacher-314382,centered-314381,all,26,centered_strong_conflict,13,13,0.38461538461538464,False,False,True
teacher-314382,centered-314381,all,26,centered_reverse_dmc,26,0,0,0.0,False,False
teacher-314382,centered-314381,all,26,model_span,26,0,0.09186545603622037,0.01815081387758255,0.0,0.4971871078014374
teacher-314382,centered-314381,all,26,model_top_gap,13,13,0.07034067820327786,0.019229933619499207,0.0005110949277877808,0.33198264986276627
teacher-314382,centered-314381,all,26,teacher_top_gap,13,13,1.0111173120184014,1.497600018978119,0.0,1.600000023841858
teacher-314382,centered-314381,all,26,top1,26,0,0.8846153846153846,1.0,0,1
teacher-314382,centered-314381,all,26,teacher_regret,26,0,0.05782612470480112,0.0,0.0,1.4848000407218933
teacher-314382,centered-314381,all,26,saturation_fraction,26,0,0.0,0.0,0.0,0.0
teacher-314382,centered-314381,all,26,tanh_slope_mean,26,0,0.9812852229089408,0.9919475150660582,0.8743914125002554,0.999873379522443
teacher-314382,centered-314381,all,26,loss_dmc,26,0,1.0388796627521515,1.0036315321922302,0.504755437374115,2.1177518367767334
teacher-314382,centered-314381,all,26,loss_absolute,26,0,0.27888063483092435,0.18463523499667645,0.0001266204781131819,0.887748658657074
teacher-314382,centered-314381,all,26,loss_centered,26,0,0.1654334876399774,0.08775690943002701,0.0,0.5821775794029236
teacher-314382,centered-314381,all,26,absolute_cosine,26,0,0.05807354831094213,0.3214875542053041,-0.9999999999999991,0.999999999999999
teacher-314382,centered-314381,all,26,absolute_weighted_norm_ratio,26,0,0.027230753106828785,0.016954122411086646,0.0011127365313312483,0.10700948524938143
teacher-314382,centered-314381,all,26,absolute_dmc_descent_factor,26,0,0.9988502975752256,1.000175147840654,0.901739655829094,1.0526012272949574
teacher-314382,centered-314381,all,26,centered_cosine,13,13,0.049840588876197106,-0.01606049472165651,-0.35050100299424053,0.5648929329445949
teacher-314382,centered-314381,all,26,centered_weighted_norm_ratio,26,0,0.006679763574983387,0.002211780602158959,0.0,0.025388985248140577
teacher-314382,centered-314381,all,26,centered_dmc_descent_factor,26,0,1.0005619584685899,1.0,0.9949205858273077,1.0116646634145037
teacher-314382,centered-314381,multi,13,absolute_conflict,13,0,0.5384615384615384,True,False,True
teacher-314382,centered-314381,multi,13,absolute_strong_conflict,13,0,0.46153846153846156,False,False,True
teacher-314382,centered-314381,multi,13,absolute_reverse_dmc,13,0,0,False,False,False
teacher-314382,centered-314381,multi,13,centered_conflict,13,0,0.5384615384615384,True,False,True
teacher-314382,centered-314381,multi,13,centered_strong_conflict,13,0,0.38461538461538464,False,False,True
teacher-314382,centered-314381,multi,13,centered_reverse_dmc,13,0,0,False,False,False
teacher-314382,centered-314381,multi,13,model_span,13,0,0.18373091207244074,0.1193578727543354,0.0363016277551651,0.4971871078014374
teacher-314382,centered-314381,multi,13,model_top_gap,13,0,0.07034067820327786,0.019229933619499207,0.0005110949277877808,0.33198264986276627
teacher-314382,centered-314381,multi,13,teacher_top_gap,13,0,1.0111173120184014,1.497600018978119,0.0,1.600000023841858
teacher-314382,centered-314381,multi,13,top1,13,0,0.7692307692307693,1,0,1
teacher-314382,centered-314381,multi,13,teacher_regret,13,0,0.11565224940960224,0.0,0.0,1.4848000407218933
teacher-314382,centered-314381,multi,13,saturation_fraction,13,0,0.0,0.0,0.0,0.0
teacher-314382,centered-314381,multi,13,tanh_slope_mean,13,0,0.9682839974730414,0.9820820491954776,0.8743914125002554,0.9988445406558732
teacher-314382,centered-314381,multi,13,loss_dmc,13,0,1.070391677893125,0.9846314191818237,0.504755437374115,2.1177518367767334
teacher-314382,centered-314381,multi,13,loss_absolute,13,0,0.5520477180297558,0.5134105682373047,0.3402152955532074,0.887748658657074
teacher-314382,centered-314381,multi,13,loss_centered,13,0,0.3308669752799548,0.2855411469936371,0.17551381886005402,0.5821775794029236
teacher-314382,centered-314381,multi,13,absolute_cosine,13,0,0.03922401969880737,-0.039412713899208154,-0.9636690271025624,0.9852240506320736
teacher-314382,centered-314381,multi,13,absolute_weighted_norm_ratio,13,0,0.048179900470272825,0.047327009717281966,0.019345048198743952,0.10700948524938143
teacher-314382,centered-314381,multi,13,absolute_dmc_descent_factor,13,0,0.9981684409288096,0.9992375591499765,0.901739655829094,1.0526012272949574
teacher-314382,centered-314381,multi,13,centered_cosine,13,0,0.049840588876197106,-0.01606049472165651,-0.35050100299424053,0.5648929329445949
teacher-314382,centered-314381,multi,13,centered_weighted_norm_ratio,13,0,0.013359527149966775,0.011966404239574046,0.004423561204317918,0.025388985248140577
teacher-314382,centered-314381,multi,13,centered_dmc_descent_factor,13,0,1.00112391693718,0.9997922221510207,0.9949205858273077,1.0116646634145037
teacher-314382,centered-314381,singleton,13,absolute_conflict,13,0,0.46153846153846156,False,False,True
teacher-314382,centered-314381,singleton,13,absolute_strong_conflict,13,0,0.46153846153846156,False,False,True
teacher-314382,centered-314381,singleton,13,absolute_reverse_dmc,13,0,0,False,False,False
teacher-314382,centered-314381,singleton,13,centered_conflict,0,13,,,,
teacher-314382,centered-314381,singleton,13,centered_strong_conflict,0,13,,,,
teacher-314382,centered-314381,singleton,13,centered_reverse_dmc,13,0,0,False,False,False
teacher-314382,centered-314381,singleton,13,model_span,13,0,0.0,0.0,0.0,0.0
teacher-314382,centered-314381,singleton,13,model_top_gap,0,13,,,,
teacher-314382,centered-314381,singleton,13,teacher_top_gap,0,13,,,,
teacher-314382,centered-314381,singleton,13,top1,13,0,1,1,1,1
teacher-314382,centered-314381,singleton,13,teacher_regret,13,0,0.0,0.0,0.0,0.0
teacher-314382,centered-314381,singleton,13,saturation_fraction,13,0,0.0,0.0,0.0,0.0
teacher-314382,centered-314381,singleton,13,tanh_slope_mean,13,0,0.9942864483448404,0.9967664426157556,0.9709448258354092,0.999873379522443
teacher-314382,centered-314381,singleton,13,loss_dmc,13,0,1.007367647611178,1.0226316452026367,0.8222998976707458,1.3699668645858765
teacher-314382,centered-314381,singleton,13,loss_absolute,13,0,0.005713551632092835,0.0032335573341697454,0.0001266204781131819,0.029055174440145493
teacher-314382,centered-314381,singleton,13,loss_centered,13,0,0.0,0.0,0.0,0.0
teacher-314382,centered-314381,singleton,13,absolute_cosine,13,0,0.07692307692307689,0.9999999999999982,-0.9999999999999991,0.999999999999999
teacher-314382,centered-314381,singleton,13,absolute_weighted_norm_ratio,13,0,0.006281605743384745,0.0053804798054833776,0.0011127365313312483,0.014563196623429338
teacher-314382,centered-314381,singleton,13,absolute_dmc_descent_factor,13,0,0.9995321542216415,1.0011127365313313,0.9897230183103914,1.0145631966234294
teacher-314382,centered-314381,singleton,13,centered_cosine,0,13,,,,
teacher-314382,centered-314381,singleton,13,centered_weighted_norm_ratio,13,0,0.0,0.0,0.0,0.0
teacher-314382,centered-314381,singleton,13,centered_dmc_descent_factor,13,0,1.0,1.0,1.0,1.0
teacher-314382,teacher-314382,all,26,absolute_conflict,26,0,0.6923076923076923,1.0,False,True
teacher-314382,teacher-314382,all,26,absolute_strong_conflict,26,0,0.6923076923076923,1.0,False,True
teacher-314382,teacher-314382,all,26,absolute_reverse_dmc,26,0,0,0.0,False,False
teacher-314382,teacher-314382,all,26,centered_conflict,13,13,0.7692307692307693,True,False,True
teacher-314382,teacher-314382,all,26,centered_strong_conflict,13,13,0.7692307692307693,True,False,True
teacher-314382,teacher-314382,all,26,centered_reverse_dmc,26,0,0,0.0,False,False
teacher-314382,teacher-314382,all,26,model_span,26,0,0.5630682549448326,0.3805347944726236,0.0,1.5853896737098694
teacher-314382,teacher-314382,all,26,model_top_gap,13,13,0.556648601177865,0.6353723406791687,0.0012984871864318848,1.248675286769867
teacher-314382,teacher-314382,all,26,teacher_top_gap,13,13,1.0111173120184014,1.497600018978119,0.0,1.600000023841858
teacher-314382,teacher-314382,all,26,top1,26,0,0.9615384615384616,1.0,0,1
teacher-314382,teacher-314382,all,26,teacher_regret,26,0,3.810570790217473e-05,0.0,0.0,0.000990748405456543
teacher-314382,teacher-314382,all,26,saturation_fraction,26,0,0.0,0.0,0.0,0.0
teacher-314382,teacher-314382,all,26,tanh_slope_mean,26,0,0.8073940246640131,0.8363453866704973,0.47039398821874356,0.9983718151634604
teacher-314382,teacher-314382,all,26,loss_dmc,26,0,1.0566091583683515,0.9078531563282013,0.012880315072834492,3.14477276802063
teacher-314382,teacher-314382,all,26,loss_absolute,26,0,0.051833056105981365,0.036615077406167984,0.0016281848074868321,0.16779808700084686
teacher-314382,teacher-314382,all,26,loss_centered,26,0,0.02923977794125676,0.007634384091943502,0.0,0.1453516036272049
teacher-314382,teacher-314382,all,26,absolute_cosine,26,0,-0.2865687698682588,-0.5867214066218158,-0.9999999999999988,0.9999999999999991
teacher-314382,teacher-314382,all,26,absolute_weighted_norm_ratio,26,0,0.05291968417663289,0.012722011313419402,0.003071991979451742,0.7507213969803883
teacher-314382,teacher-314382,all,26,absolute_dmc_descent_factor,26,0,0.9735871102654245,0.9944410405301691,0.5836637034481076,1.0264639214413511
teacher-314382,teacher-314382,all,26,centered_cosine,13,13,-0.3634972250148163,-0.5370507579256762,-0.9555170710298101,0.6781811828520228
teacher-314382,teacher-314382,all,26,centered_weighted_norm_ratio,26,0,0.019605956210893657,0.0014975278186521467,0.0,0.26143104588432714
teacher-314382,teacher-314382,all,26,centered_dmc_descent_factor,26,0,0.9944247993268994,1.0,0.9256434906692299,1.016544290295102
teacher-314382,teacher-314382,multi,13,absolute_conflict,13,0,0.8461538461538461,True,False,True
teacher-314382,teacher-314382,multi,13,absolute_strong_conflict,13,0,0.8461538461538461,True,False,True
teacher-314382,teacher-314382,multi,13,absolute_reverse_dmc,13,0,0,False,False,False
teacher-314382,teacher-314382,multi,13,centered_conflict,13,0,0.7692307692307693,True,False,True
teacher-314382,teacher-314382,multi,13,centered_strong_conflict,13,0,0.7692307692307693,True,False,True
teacher-314382,teacher-314382,multi,13,centered_reverse_dmc,13,0,0,False,False,False
teacher-314382,teacher-314382,multi,13,model_span,13,0,1.1261365098896652,1.1569325029850006,0.7610695889452472,1.5853896737098694
teacher-314382,teacher-314382,multi,13,model_top_gap,13,0,0.556648601177865,0.6353723406791687,0.0012984871864318848,1.248675286769867
teacher-314382,teacher-314382,multi,13,teacher_top_gap,13,0,1.0111173120184014,1.497600018978119,0.0,1.600000023841858
teacher-314382,teacher-314382,multi,13,top1,13,0,0.9230769230769231,1,0,1
teacher-314382,teacher-314382,multi,13,teacher_regret,13,0,7.621141580434945e-05,0.0,0.0,0.000990748405456543
teacher-314382,teacher-314382,multi,13,saturation_fraction,13,0,0.0,0.0,0.0,0.0
teacher-314382,teacher-314382,multi,13,tanh_slope_mean,13,0,0.639088734474997,0.6170277194286564,0.47039398821874356,0.8022019855479168
teacher-314382,teacher-314382,multi,13,loss_dmc,13,0,1.0408113507840495,0.374651163816452,0.012880315072834492,3.14477276802063
teacher-314382,teacher-314382,multi,13,loss_absolute,13,0,0.07936542724760678,0.07939183712005615,0.015276027843356133,0.16779808700084686
teacher-314382,teacher-314382,multi,13,loss_centered,13,0,0.05847955588251352,0.05133838951587677,0.015268768183887005,0.1453516036272049
teacher-314382,teacher-314382,multi,13,absolute_cosine,13,0,-0.4962144628134409,-0.5545816307174853,-0.9787349647895793,0.23356411954909054
teacher-314382,teacher-314382,multi,13,absolute_weighted_norm_ratio,13,0,0.09410805405214723,0.018668155907787726,0.003071991979451742,0.7507213969803883
teacher-314382,teacher-314382,multi,13,absolute_dmc_descent_factor,13,0,0.9468457741079428,0.9936978362503907,0.5836637034481076,1.0043602113982075
teacher-314382,teacher-314382,multi,13,centered_cosine,13,0,-0.3634972250148163,-0.5370507579256762,-0.9555170710298101,0.6781811828520228
teacher-314382,teacher-314382,multi,13,centered_weighted_norm_ratio,13,0,0.039211912421787315,0.011136314433380123,0.0029950556373042935,0.26143104588432714
teacher-314382,teacher-314382,multi,13,centered_dmc_descent_factor,13,0,0.9888495986537988,0.9949800961854586,0.9256434906692299,1.016544290295102
teacher-314382,teacher-314382,singleton,13,absolute_conflict,13,0,0.5384615384615384,True,False,True
teacher-314382,teacher-314382,singleton,13,absolute_strong_conflict,13,0,0.5384615384615384,True,False,True
teacher-314382,teacher-314382,singleton,13,absolute_reverse_dmc,13,0,0,False,False,False
teacher-314382,teacher-314382,singleton,13,centered_conflict,0,13,,,,
teacher-314382,teacher-314382,singleton,13,centered_strong_conflict,0,13,,,,
teacher-314382,teacher-314382,singleton,13,centered_reverse_dmc,13,0,0,False,False,False
teacher-314382,teacher-314382,singleton,13,model_span,13,0,0.0,0.0,0.0,0.0
teacher-314382,teacher-314382,singleton,13,model_top_gap,0,13,,,,
teacher-314382,teacher-314382,singleton,13,teacher_top_gap,0,13,,,,
teacher-314382,teacher-314382,singleton,13,top1,13,0,1,1,1,1
teacher-314382,teacher-314382,singleton,13,teacher_regret,13,0,0.0,0.0,0.0,0.0
teacher-314382,teacher-314382,singleton,13,saturation_fraction,13,0,0.0,0.0,0.0,0.0
teacher-314382,teacher-314382,singleton,13,tanh_slope_mean,13,0,0.9756993148530293,0.9929012477338537,0.8704887877930778,0.9983718151634604
teacher-314382,teacher-314382,singleton,13,loss_dmc,13,0,1.0724069659526532,0.920926570892334,0.7215960621833801,1.8492645025253296
teacher-314382,teacher-314382,singleton,13,loss_absolute,13,0,0.024300684964355942,0.007098752073943615,0.0016281848074868321,0.12951120734214783
teacher-314382,teacher-314382,singleton,13,loss_centered,13,0,0.0,0.0,0.0,0.0
teacher-314382,teacher-314382,singleton,13,absolute_cosine,13,0,-0.0769230769230767,-0.9999999999999978,-0.9999999999999988,0.9999999999999991
teacher-314382,teacher-314382,singleton,13,absolute_weighted_norm_ratio,13,0,0.01173131430111856,0.009200597681148457,0.004204741844640316,0.02646392144135126
teacher-314382,teacher-314382,singleton,13,absolute_dmc_descent_factor,13,0,1.0003284464229063,0.9957952581553597,0.9822792791804186,1.0264639214413511
teacher-314382,teacher-314382,singleton,13,centered_cosine,0,13,,,,
teacher-314382,teacher-314382,singleton,13,centered_weighted_norm_ratio,13,0,0.0,0.0,0.0,0.0
teacher-314382,teacher-314382,singleton,13,centered_dmc_descent_factor,13,0,1.0,1.0,1.0,1.0
teacher-314382,absolute-314382,all,26,absolute_conflict,26,0,0.5,0.5,False,True
teacher-314382,absolute-314382,all,26,absolute_strong_conflict,26,0,0.5,0.5,False,True
teacher-314382,absolute-314382,all,26,absolute_reverse_dmc,26,0,0,0.0,False,False
teacher-314382,absolute-314382,all,26,centered_conflict,13,13,0.6153846153846154,True,False,True
teacher-314382,absolute-314382,all,26,centered_strong_conflict,13,13,0.23076923076923078,False,False,True
teacher-314382,absolute-314382,all,26,centered_reverse_dmc,26,0,0,0.0,False,False
teacher-314382,absolute-314382,all,26,model_span,26,0,0.10251962364866184,0.027205464895814657,0.0,0.3793507367372513
teacher-314382,absolute-314382,all,26,model_top_gap,13,13,0.08726205211132765,0.05100107192993164,0.0021714121103286743,0.23895999789237976
teacher-314382,absolute-314382,all,26,teacher_top_gap,13,13,1.0111173120184014,1.497600018978119,0.0,1.600000023841858
teacher-314382,absolute-314382,all,26,top1,26,0,0.8846153846153846,1.0,0,1
teacher-314382,absolute-314382,all,26,teacher_regret,26,0,0.09164552046702458,0.0,0.0,1.192460536956787
teacher-314382,absolute-314382,all,26,saturation_fraction,26,0,0.0,0.0,0.0,0.0
teacher-314382,absolute-314382,all,26,tanh_slope_mean,26,0,0.9724507071955698,0.9893180047097838,0.8088382222944084,0.9998989547648708
teacher-314382,absolute-314382,all,26,loss_dmc,26,0,1.1021183671859593,1.0230806469917297,0.4939028322696686,2.065603017807007
teacher-314382,absolute-314382,all,26,loss_absolute,26,0,0.27427824467052303,0.2584138512611389,0.00010104523244081065,0.7994224429130554
teacher-314382,absolute-314382,all,26,loss_centered,26,0,0.16397485366234413,0.07547509670257568,0.0,0.5972114205360413
teacher-314382,absolute-314382,all,26,absolute_cosine,26,0,0.05037809391688009,0.27664482847380856,-0.9999999999999989,0.999999999999999
teacher-314382,absolute-314382,all,26,absolute_weighted_norm_ratio,26,0,0.03079360000336927,0.02270373810411721,0.0009952086940590481,0.11581573031795897
teacher-314382,absolute-314382,all,26,absolute_dmc_descent_factor,26,0,0.9972985424685308,0.99988315937821,0.9092631062703538,1.0546847650854707
teacher-314382,absolute-314382,all,26,centered_cosine,13,13,0.005081975163618246,-0.010467199701012134,-0.3869095233118764,0.4738015810927419
teacher-314382,absolute-314382,all,26,centered_weighted_norm_ratio,26,0,0.006653695759620596,0.002915652515208751,0.0,0.023319597210958703
teacher-314382,absolute-314382,all,26,centered_dmc_descent_factor,26,0,1.0001491380173393,1.0,0.9967669426735929,1.0074891130124837
teacher-314382,absolute-314382,multi,13,absolute_conflict,13,0,0.5384615384615384,True,False,True
teacher-314382,absolute-314382,multi,13,absolute_strong_conflict,13,0,0.5384615384615384,True,False,True
teacher-314382,absolute-314382,multi,13,absolute_reverse_dmc,13,0,0,False,False,False
teacher-314382,absolute-314382,multi,13,centered_conflict,13,0,0.6153846153846154,True,False,True
teacher-314382,absolute-314382,multi,13,centered_strong_conflict,13,0,0.23076923076923078,False,False,True
teacher-314382,absolute-314382,multi,13,centered_reverse_dmc,13,0,0,False,False,False
teacher-314382,absolute-314382,multi,13,model_span,13,0,0.20503924729732367,0.23895999789237976,0.054410929791629314,0.3793507367372513
teacher-314382,absolute-314382,multi,13,model_top_gap,13,0,0.08726205211132765,0.05100107192993164,0.0021714121103286743,0.23895999789237976
teacher-314382,absolute-314382,multi,13,teacher_top_gap,13,0,1.0111173120184014,1.497600018978119,0.0,1.600000023841858
teacher-314382,absolute-314382,multi,13,top1,13,0,0.7692307692307693,1,0,1
teacher-314382,absolute-314382,multi,13,teacher_regret,13,0,0.18329104093404916,0.0,0.0,1.192460536956787
teacher-314382,absolute-314382,multi,13,saturation_fraction,13,0,0.0,0.0,0.0,0.0
teacher-314382,absolute-314382,multi,13,tanh_slope_mean,13,0,0.9699304026898472,0.9853454952226555,0.9169201631800329,0.9990621975043776
teacher-314382,absolute-314382,multi,13,loss_dmc,13,0,1.1306102848969972,1.0264651775360107,0.4939028322696686,1.817865252494812
teacher-314382,absolute-314382,multi,13,loss_absolute,13,0,0.5235275007211245,0.539154589176178,0.3256659209728241,0.7994224429130554
teacher-314382,absolute-314382,multi,13,loss_centered,13,0,0.32794970732468826,0.26466572284698486,0.15095019340515137,0.5972114205360413
teacher-314382,absolute-314382,multi,13,absolute_cosine,13,0,0.023833110910683162,-0.1972420650042476,-0.9641076524156784,0.9598219943138199
teacher-314382,absolute-314382,multi,13,absolute_weighted_norm_ratio,13,0,0.05117467559749794,0.046445809020907204,0.020519854967680114,0.11581573031795897
teacher-314382,absolute-314382,multi,13,absolute_dmc_descent_factor,13,0,0.9942783917410634,0.9954380666261613,0.9092631062703538,1.0546847650854707
teacher-314382,absolute-314382,multi,13,centered_cosine,13,0,0.005081975163618246,-0.010467199701012134,-0.3869095233118764,0.4738015810927419
teacher-314382,absolute-314382,multi,13,centered_weighted_norm_ratio,13,0,0.013307391519241192,0.011799197462109251,0.005831305030417502,0.023319597210958703
teacher-314382,absolute-314382,multi,13,centered_dmc_descent_factor,13,0,1.0002982760346788,0.9998289518443404,0.9967669426735929,1.0074891130124837
teacher-314382,absolute-314382,singleton,13,absolute_conflict,13,0,0.46153846153846156,False,False,True
teacher-314382,absolute-314382,singleton,13,absolute_strong_conflict,13,0,0.46153846153846156,False,False,True
teacher-314382,absolute-314382,singleton,13,absolute_reverse_dmc,13,0,0,False,False,False
teacher-314382,absolute-314382,singleton,13,centered_conflict,0,13,,,,
teacher-314382,absolute-314382,singleton,13,centered_strong_conflict,0,13,,,,
teacher-314382,absolute-314382,singleton,13,centered_reverse_dmc,13,0,0,False,False,False
teacher-314382,absolute-314382,singleton,13,model_span,13,0,0.0,0.0,0.0,0.0
teacher-314382,absolute-314382,singleton,13,model_top_gap,0,13,,,,
teacher-314382,absolute-314382,singleton,13,teacher_top_gap,0,13,,,,
teacher-314382,absolute-314382,singleton,13,top1,13,0,1,1,1,1
teacher-314382,absolute-314382,singleton,13,teacher_regret,13,0,0.0,0.0,0.0,0.0
teacher-314382,absolute-314382,singleton,13,saturation_fraction,13,0,0.0,0.0,0.0,0.0
teacher-314382,absolute-314382,singleton,13,tanh_slope_mean,13,0,0.9749710117012924,0.9937967476871028,0.8088382222944084,0.9998989547648708
teacher-314382,absolute-314382,singleton,13,loss_dmc,13,0,1.0736264494749217,1.0202052593231201,0.6688014268875122,2.065603017807007
teacher-314382,absolute-314382,singleton,13,loss_absolute,13,0,0.02502898861992155,0.0062032523564994335,0.00010104523244081065,0.19116178154945374
teacher-314382,absolute-314382,singleton,13,loss_centered,13,0,0.0,0.0,0.0,0.0
teacher-314382,absolute-314382,singleton,13,absolute_cosine,13,0,0.07692307692307701,0.9999999999999981,-0.9999999999999989,0.999999999999999
teacher-314382,absolute-314382,singleton,13,absolute_weighted_norm_ratio,13,0,0.0104125244092406,0.007301037662900179,0.0009952086940590481,0.030421255032833952
teacher-314382,absolute-314382,singleton,13,absolute_dmc_descent_factor,13,0,1.0003186931959982,1.000995208694059,0.9777211265760672,1.030421255032834
teacher-314382,absolute-314382,singleton,13,centered_cosine,0,13,,,,
teacher-314382,absolute-314382,singleton,13,centered_weighted_norm_ratio,13,0,0.0,0.0,0.0,0.0
teacher-314382,absolute-314382,singleton,13,centered_dmc_descent_factor,13,0,1.0,1.0,1.0,1.0
teacher-314382,centered-314382,all,26,absolute_conflict,26,0,0.4230769230769231,0.0,False,True
teacher-314382,centered-314382,all,26,absolute_strong_conflict,26,0,0.38461538461538464,0.0,False,True
teacher-314382,centered-314382,all,26,absolute_reverse_dmc,26,0,0,0.0,False,False
teacher-314382,centered-314382,all,26,centered_conflict,13,13,0.6153846153846154,True,False,True
teacher-314382,centered-314382,all,26,centered_strong_conflict,13,13,0.3076923076923077,False,False,True
teacher-314382,centered-314382,all,26,centered_reverse_dmc,26,0,0,0.0,False,False
teacher-314382,centered-314382,all,26,model_span,26,0,0.08331299660942303,0.0038614668883383274,0.0,0.522160429507494
teacher-314382,centered-314382,all,26,model_top_gap,13,13,0.06485679451949321,0.02799077332019806,0.003359951078891754,0.2831692658364773
teacher-314382,centered-314382,all,26,teacher_top_gap,13,13,1.0111173120184014,1.497600018978119,0.0,1.600000023841858
teacher-314382,centered-314382,all,26,top1,26,0,0.8076923076923077,1.0,0,1
teacher-314382,centered-314382,all,26,teacher_regret,26,0,0.16156261013104364,0.0,0.0,1.5135999917984009
teacher-314382,centered-314382,all,26,saturation_fraction,26,0,0.0,0.0,0.0,0.0
teacher-314382,centered-314382,all,26,tanh_slope_mean,26,0,0.9767323211613601,0.9938390752387438,0.8693344736182089,0.9999436937528752
teacher-314382,centered-314382,all,26,loss_dmc,26,0,1.088832791034992,1.0410982966423035,0.4077117443084717,1.8230215311050415
teacher-314382,centered-314382,all,26,loss_absolute,26,0,0.2753314998835077,0.16272395104169846,5.6306245824089274e-05,0.8590259552001953
teacher-314382,centered-314382,all,26,loss_centered,26,0,0.17099042924550864,0.07771454751491547,0.0,0.633836567401886
teacher-314382,centered-314382,all,26,absolute_cosine,26,0,0.1319172323620041,0.44543292242571086,-0.999999999999999,0.9999999999999994
teacher-314382,centered-314382,all,26,absolute_weighted_norm_ratio,26,0,0.02619227940381464,0.023501101601925034,0.0007560480781749788,0.06942923445853336
teacher-314382,centered-314382,all,26,absolute_dmc_descent_factor,26,0,0.999526939726875,1.001283341952342,0.9433885987260532,1.0561274654572192
teacher-314382,centered-314382,all,26,centered_cosine,13,13,-0.06666270617444563,-0.028846552894786073,-0.6295036014567054,0.29253512999564657
teacher-314382,centered-314382,all,26,centered_weighted_norm_ratio,26,0,0.006162443134589703,0.00293088060055638,0.0,0.02306475268674607
teacher-314382,centered-314382,all,26,centered_dmc_descent_factor,26,0,0.999718181823741,1.0,0.988999358072625,1.0067472504255348
teacher-314382,centered-314382,multi,13,absolute_conflict,13,0,0.46153846153846156,False,False,True
teacher-314382,centered-314382,multi,13,absolute_strong_conflict,13,0,0.38461538461538464,False,False,True
teacher-314382,centered-314382,multi,13,absolute_reverse_dmc,13,0,0,False,False,False
teacher-314382,centered-314382,multi,13,centered_conflict,13,0,0.6153846153846154,True,False,True
teacher-314382,centered-314382,multi,13,centered_strong_conflict,13,0,0.3076923076923077,False,False,True
teacher-314382,centered-314382,multi,13,centered_reverse_dmc,13,0,0,False,False,False
teacher-314382,centered-314382,multi,13,model_span,13,0,0.16662599321884605,0.146078210324049,0.007722933776676655,0.522160429507494
teacher-314382,centered-314382,multi,13,model_top_gap,13,0,0.06485679451949321,0.02799077332019806,0.003359951078891754,0.2831692658364773
teacher-314382,centered-314382,multi,13,teacher_top_gap,13,0,1.0111173120184014,1.497600018978119,0.0,1.600000023841858
teacher-314382,centered-314382,multi,13,top1,13,0,0.6153846153846154,1,0,1
teacher-314382,centered-314382,multi,13,teacher_regret,13,0,0.3231252202620873,0.0,0.0,1.5135999917984009
teacher-314382,centered-314382,multi,13,saturation_fraction,13,0,0.0,0.0,0.0,0.0
teacher-314382,centered-314382,multi,13,tanh_slope_mean,13,0,0.9743789362386488,0.9881790914740856,0.9183643525896911,0.9997456441520338
teacher-314382,centered-314382,multi,13,loss_dmc,13,0,1.1637793733523443,1.1017102003097534,0.8061336278915405,1.8230215311050415
teacher-314382,centered-314382,multi,13,loss_absolute,13,0,0.5297487057172335,0.4916573762893677,0.19478237628936768,0.8590259552001953
teacher-314382,centered-314382,multi,13,loss_centered,13,0,0.3419808584910173,0.2918272018432617,0.15542909502983093,0.633836567401886
teacher-314382,centered-314382,multi,13,absolute_cosine,13,0,0.033065233954777506,0.011690908001324772,-0.9644178904397438,0.9714783519894916
teacher-314382,centered-314382,multi,13,absolute_weighted_norm_ratio,13,0,0.041854223671428534,0.04315554529697275,0.016018066975451595,0.06942923445853336
teacher-314382,centered-314382,multi,13,absolute_dmc_descent_factor,13,0,1.0020036759443323,1.000293780035792,0.9484125056959046,1.0561274654572192
teacher-314382,centered-314382,multi,13,centered_cosine,13,0,-0.06666270617444563,-0.028846552894786073,-0.6295036014567054,0.29253512999564657
teacher-314382,centered-314382,multi,13,centered_weighted_norm_ratio,13,0,0.012324886269179406,0.012389636271720739,0.00586176120111276,0.02306475268674607
teacher-314382,centered-314382,multi,13,centered_dmc_descent_factor,13,0,0.9994363636474819,0.9998075300541049,0.988999358072625,1.0067472504255348
teacher-314382,centered-314382,singleton,13,absolute_conflict,13,0,0.38461538461538464,False,False,True
teacher-314382,centered-314382,singleton,13,absolute_strong_conflict,13,0,0.38461538461538464,False,False,True
teacher-314382,centered-314382,singleton,13,absolute_reverse_dmc,13,0,0,False,False,False
teacher-314382,centered-314382,singleton,13,centered_conflict,0,13,,,,
teacher-314382,centered-314382,singleton,13,centered_strong_conflict,0,13,,,,
teacher-314382,centered-314382,singleton,13,centered_reverse_dmc,13,0,0,False,False,False
teacher-314382,centered-314382,singleton,13,model_span,13,0,0.0,0.0,0.0,0.0
teacher-314382,centered-314382,singleton,13,model_top_gap,0,13,,,,
teacher-314382,centered-314382,singleton,13,teacher_top_gap,0,13,,,,
teacher-314382,centered-314382,singleton,13,top1,13,0,1,1,1,1
teacher-314382,centered-314382,singleton,13,teacher_regret,13,0,0.0,0.0,0.0,0.0
teacher-314382,centered-314382,singleton,13,saturation_fraction,13,0,0.0,0.0,0.0,0.0
teacher-314382,centered-314382,singleton,13,tanh_slope_mean,13,0,0.9790857060840714,0.999301688843214,0.8693344736182089,0.9999436937528752
teacher-314382,centered-314382,singleton,13,loss_dmc,13,0,1.0138862087176397,1.0356025695800781,0.4077117443084717,1.6383272409439087
teacher-314382,centered-314382,singleton,13,loss_absolute,13,0,0.02091429404978184,0.0006983111379668117,5.6306245824089274e-05,0.13066552579402924
teacher-314382,centered-314382,singleton,13,loss_centered,13,0,0.0,0.0,0.0,0.0
teacher-314382,centered-314382,singleton,13,absolute_cosine,13,0,0.23076923076923064,0.9999999999999984,-0.999999999999999,0.9999999999999994
teacher-314382,centered-314382,singleton,13,absolute_weighted_norm_ratio,13,0,0.01053033513620075,0.002714284327806021,0.0007560480781749788,0.0566114012739469
teacher-314382,centered-314382,singleton,13,absolute_dmc_descent_factor,13,0,0.9970502035094179,1.0017339623300507,0.9433885987260532,1.0218732708951832
teacher-314382,centered-314382,singleton,13,centered_cosine,0,13,,,,
teacher-314382,centered-314382,singleton,13,centered_weighted_norm_ratio,13,0,0.0,0.0,0.0,0.0
teacher-314382,centered-314382,singleton,13,centered_dmc_descent_factor,13,0,1.0,1.0,1.0,1.0
absolute-314382,teacher-314380,all,26,absolute_conflict,26,0,0.5769230769230769,1.0,False,True
absolute-314382,teacher-314380,all,26,absolute_strong_conflict,26,0,0.5769230769230769,1.0,False,True
absolute-314382,teacher-314380,all,26,absolute_reverse_dmc,26,0,0,0.0,False,False
absolute-314382,teacher-314380,all,26,centered_conflict,18,8,0.6666666666666666,1.0,False,True
absolute-314382,teacher-314380,all,26,centered_strong_conflict,18,8,0.6111111111111112,1.0,False,True
absolute-314382,teacher-314380,all,26,centered_reverse_dmc,26,0,0,0.0,False,False
absolute-314382,teacher-314380,all,26,model_span,26,0,0.6824424393886986,0.9614520407048985,0.0,1.365731567144394
absolute-314382,teacher-314380,all,26,model_top_gap,18,8,0.15244712489139703,0.015065997838973999,0.00045287609100341797,1.090332254767418
absolute-314382,teacher-314380,all,26,teacher_top_gap,18,8,0.3391827477349175,0.006634622812271118,0.0,1.600000023841858
absolute-314382,teacher-314380,all,26,top1,26,0,0.8846153846153846,1.0,0,1
absolute-314382,teacher-314380,all,26,teacher_regret,26,0,0.06365464283869816,0.0,0.0,1.600000023841858
absolute-314382,teacher-314380,all,26,saturation_fraction,26,0,0.0,0.0,0.0,0.0
absolute-314382,teacher-314380,all,26,tanh_slope_mean,26,0,0.7093016796092816,0.7195955214837803,0.3544403170568708,0.9999867106493621
absolute-314382,teacher-314380,all,26,loss_dmc,26,0,1.5472489931047535,1.0049154460430145,0.005963355302810669,3.7054522037506104
absolute-314382,teacher-314380,all,26,loss_absolute,26,0,0.09830425926744422,0.04497488588094711,1.3289351045386866e-05,0.4540408253669739
absolute-314382,teacher-314380,all,26,loss_centered,26,0,0.05649394914507866,0.026524183340370655,0.0,0.2751220464706421
absolute-314382,teacher-314380,all,26,absolute_cosine,26,0,-0.1875532776433673,-0.456388487247002,-0.999999999999999,0.9999999999999986
absolute-314382,teacher-314380,all,26,absolute_weighted_norm_ratio,26,0,0.0951970040831818,0.011977370268547545,0.00036587941832381835,0.9937995674185806
absolute-314382,teacher-314380,all,26,absolute_dmc_descent_factor,26,0,0.9569264694940511,0.9977577415796195,0.4337826599790312,1.030819234773359
absolute-314382,teacher-314380,all,26,centered_cosine,18,8,-0.1442841184104573,-0.25625625511182654,-0.8566504481343856,0.805039563212388
absolute-314382,teacher-314380,all,26,centered_weighted_norm_ratio,26,0,0.04144500724526484,0.005877328656174141,0.0,0.4813471877634549
absolute-314382,teacher-314380,all,26,centered_dmc_descent_factor,26,0,0.9977241888677462,1.0,0.9264737290574104,1.0207322010403135
absolute-314382,teacher-314380,multi,18,absolute_conflict,18,0,0.5,0.5,False,True
absolute-314382,teacher-314380,multi,18,absolute_strong_conflict,18,0,0.5,0.5,False,True
absolute-314382,teacher-314380,multi,18,absolute_reverse_dmc,18,0,0,0.0,False,False
absolute-314382,teacher-314380,multi,18,centered_conflict,18,0,0.6666666666666666,1.0,False,True
absolute-314382,teacher-314380,multi,18,centered_strong_conflict,18,0,0.6111111111111112,1.0,False,True
absolute-314382,teacher-314380,multi,18,centered_reverse_dmc,18,0,0,0.0,False,False
absolute-314382,teacher-314380,multi,18,model_span,18,0,0.9857501902281203,1.089613139629364,0.1688840687274933,1.365731567144394
absolute-314382,teacher-314380,multi,18,model_top_gap,18,0,0.15244712489139703,0.015065997838973999,0.00045287609100341797,1.090332254767418
absolute-314382,teacher-314380,multi,18,teacher_top_gap,18,0,0.3391827477349175,0.006634622812271118,0.0,1.600000023841858
absolute-314382,teacher-314380,multi,18,top1,18,0,0.8333333333333334,1.0,0,1
absolute-314382,teacher-314380,multi,18,teacher_regret,18,0,0.0919455952114529,0.0,0.0,1.600000023841858
absolute-314382,teacher-314380,multi,18,saturation_fraction,18,0,0.0,0.0,0.0,0.0
absolute-314382,teacher-314380,multi,18,tanh_slope_mean,18,0,0.5822656204692003,0.5748828166786726,0.3544403170568708,0.8414614810349413
absolute-314382,teacher-314380,multi,18,loss_dmc,18,0,1.816126934821821,1.9806267619132996,0.005963355302810669,3.7054522037506104
absolute-314382,teacher-314380,multi,18,loss_absolute,18,0,0.13983184678686988,0.11153503507375717,0.016199827194213867,0.4540408253669739
absolute-314382,teacher-314380,multi,18,loss_centered,18,0,0.08160237098733585,0.061946213245391846,0.011489748023450375,0.2751220464706421
absolute-314382,teacher-314380,multi,18,absolute_cosine,18,0,-0.048688067707086446,-0.06355630623266553,-0.9429701380792415,0.9836535581584519
absolute-314382,teacher-314380,multi,18,absolute_weighted_norm_ratio,18,0,0.13509104153363288,0.02787220708970539,0.0038255443393139183,0.9937995674185806
absolute-314382,teacher-314380,multi,18,absolute_dmc_descent_factor,18,0,0.939424671304324,0.9985230718205445,0.4337826599790312,1.030819234773359
absolute-314382,teacher-314380,multi,18,centered_cosine,18,0,-0.1442841184104573,-0.25625625511182654,-0.8566504481343856,0.805039563212388
absolute-314382,teacher-314380,multi,18,centered_weighted_norm_ratio,18,0,0.05986501046538255,0.010269266613191882,0.00241422165694115,0.4813471877634549
absolute-314382,teacher-314380,multi,18,centered_dmc_descent_factor,18,0,0.996712717253411,0.9984370800884328,0.9264737290574104,1.0207322010403135
absolute-314382,teacher-314380,singleton,8,absolute_conflict,8,0,0.75,1.0,False,True
absolute-314382,teacher-314380,singleton,8,absolute_strong_conflict,8,0,0.75,1.0,False,True
absolute-314382,teacher-314380,singleton,8,absolute_reverse_dmc,8,0,0,0.0,False,False
absolute-314382,teacher-314380,singleton,8,centered_conflict,0,8,,,,
absolute-314382,teacher-314380,singleton,8,centered_strong_conflict,0,8,,,,
absolute-314382,teacher-314380,singleton,8,centered_reverse_dmc,8,0,0,0.0,False,False
absolute-314382,teacher-314380,singleton,8,model_span,8,0,0.0,0.0,0.0,0.0
absolute-314382,teacher-314380,singleton,8,model_top_gap,0,8,,,,
absolute-314382,teacher-314380,singleton,8,teacher_top_gap,0,8,,,,
absolute-314382,teacher-314380,singleton,8,top1,8,0,1,1.0,1,1
absolute-314382,teacher-314380,singleton,8,teacher_regret,8,0,0.0,0.0,0.0,0.0
absolute-314382,teacher-314380,singleton,8,saturation_fraction,8,0,0.0,0.0,0.0,0.0
absolute-314382,teacher-314380,singleton,8,tanh_slope_mean,8,0,0.9951328126744646,0.998723991703034,0.9711604959188094,0.9999867106493621
absolute-314382,teacher-314380,singleton,8,loss_dmc,8,0,0.9422736242413521,0.9571259915828705,0.6891955733299255,1.0875349044799805
absolute-314382,teacher-314380,singleton,8,loss_absolute,8,0,0.004867187348736479,0.0012760082609020174,1.3289351045386866e-05,0.028839504346251488
absolute-314382,teacher-314380,singleton,8,loss_centered,8,0,0.0,0.0,0.0,0.0
absolute-314382,teacher-314380,singleton,8,absolute_cosine,8,0,-0.4999999999999992,-0.9999999999999983,-0.999999999999999,0.9999999999999986
absolute-314382,teacher-314380,singleton,8,absolute_weighted_norm_ratio,8,0,0.00543541981966683,0.003703185753849816,0.00036587941832381835,0.020456092650313104
absolute-314382,teacher-314380,singleton,8,absolute_dmc_descent_factor,8,0,0.9963055154209368,0.9977577415796195,0.9795439073496869,1.0041088786935906
absolute-314382,teacher-314380,singleton,8,centered_cosine,0,8,,,,
absolute-314382,teacher-314380,singleton,8,centered_weighted_norm_ratio,8,0,0.0,0.0,0.0,0.0
absolute-314382,teacher-314380,singleton,8,centered_dmc_descent_factor,8,0,1.0,1.0,1.0,1.0
absolute-314382,absolute-314380,all,26,absolute_conflict,26,0,0.5384615384615384,1.0,False,True
absolute-314382,absolute-314380,all,26,absolute_strong_conflict,26,0,0.5384615384615384,1.0,False,True
absolute-314382,absolute-314380,all,26,absolute_reverse_dmc,26,0,0.038461538461538464,0.0,False,True
absolute-314382,absolute-314380,all,26,centered_conflict,18,8,0.5555555555555556,1.0,False,True
absolute-314382,absolute-314380,all,26,centered_strong_conflict,18,8,0.5,0.5,False,True
absolute-314382,absolute-314380,all,26,centered_reverse_dmc,26,0,0,0.0,False,False
absolute-314382,absolute-314380,all,26,model_span,26,0,0.11368382007080632,0.09904997143894434,0.0,0.2866833657026291
absolute-314382,absolute-314380,all,26,model_top_gap,18,8,0.03389293666178775,0.011255592107772827,0.0003045201301574707,0.2531365156173706
absolute-314382,absolute-314380,all,26,teacher_top_gap,18,8,0.3391827477349175,0.006634622812271118,0.0,1.600000023841858
absolute-314382,absolute-314380,all,26,top1,26,0,0.7692307692307693,1.0,0,1
absolute-314382,absolute-314380,all,26,teacher_regret,26,0,0.031007009056898262,0.0,0.0,0.4571428596973419
absolute-314382,absolute-314380,all,26,saturation_fraction,26,0,0.0,0.0,0.0,0.0
absolute-314382,absolute-314380,all,26,tanh_slope_mean,26,0,0.9363584271538262,0.9837777018959325,0.20459546503883017,0.9997975413742062
absolute-314382,absolute-314380,all,26,loss_dmc,26,0,0.997463085831931,0.9848458468914032,0.012388629838824272,2.076047420501709
absolute-314382,absolute-314380,all,26,loss_absolute,26,0,0.44590186951133476,0.45282769203186035,0.00020245862833689898,2.4891395568847656
absolute-314382,absolute-314380,all,26,loss_centered,26,0,0.2501553658109445,0.2929740399122238,0.0,0.5738343000411987
absolute-314382,absolute-314380,all,26,absolute_cosine,26,0,-0.09598713357156886,-0.5790049435475025,-0.9999999999999987,0.999999999999999
absolute-314382,absolute-314380,all,26,absolute_weighted_norm_ratio,26,0,0.07727016929684917,0.02588304338253274,0.0014434177709546925,1.2862206700629544
absolute-314382,absolute-314380,all,26,absolute_dmc_descent_factor,26,0,0.9455963621911577,0.997489702038818,-0.27376419139047603,1.0679979202747427
absolute-314382,absolute-314380,all,26,centered_cosine,18,8,-0.0739743007929036,-0.11597794846862111,-0.7731208095146562,0.5463288360107554
absolute-314382,absolute-314380,all,26,centered_weighted_norm_ratio,26,0,0.009261635112647864,0.008224285211212282,0.0,0.034064510818048635
absolute-314382,absolute-314380,all,26,centered_dmc_descent_factor,26,0,0.9983206155683315,1.0,0.9736640178206295,1.0069059558944524
absolute-314382,absolute-314380,multi,18,absolute_conflict,18,0,0.5555555555555556,1.0,False,True
absolute-314382,absolute-314380,multi,18,absolute_strong_conflict,18,0,0.5555555555555556,1.0,False,True
absolute-314382,absolute-314380,multi,18,absolute_reverse_dmc,18,0,0.05555555555555555,0.0,False,True
absolute-314382,absolute-314380,multi,18,centered_conflict,18,0,0.5555555555555556,1.0,False,True
absolute-314382,absolute-314380,multi,18,centered_strong_conflict,18,0,0.5,0.5,False,True
absolute-314382,absolute-314380,multi,18,centered_reverse_dmc,18,0,0,0.0,False,False
absolute-314382,absolute-314380,multi,18,model_span,18,0,0.16420996232449803,0.16310684196650982,0.02910637855529785,0.2866833657026291
absolute-314382,absolute-314380,multi,18,model_top_gap,18,0,0.03389293666178775,0.011255592107772827,0.0003045201301574707,0.2531365156173706
absolute-314382,absolute-314380,multi,18,teacher_top_gap,18,0,0.3391827477349175,0.006634622812271118,0.0,1.600000023841858
absolute-314382,absolute-314380,multi,18,top1,18,0,0.6666666666666666,1.0,0,1
absolute-314382,absolute-314380,multi,18,teacher_regret,18,0,0.04478790197107527,0.0,0.0,0.4571428596973419
absolute-314382,absolute-314380,multi,18,saturation_fraction,18,0,0.0,0.0,0.0,0.0
absolute-314382,absolute-314380,multi,18,tanh_slope_mean,18,0,0.9253363715926018,0.9754130363477357,0.20459546503883017,0.9963023295291613
absolute-314382,absolute-314380,multi,18,loss_dmc,18,0,0.9455487023418149,0.9653399288654327,0.012388629838824272,1.669985055923462
absolute-314382,absolute-314380,multi,18,loss_absolute,18,0,0.6268173903226852,0.520455539226532,0.25441092252731323,2.4891395568847656
absolute-314382,absolute-314380,multi,18,loss_centered,18,0,0.36133552839358646,0.3679891973733902,0.17005781829357147,0.5738343000411987
absolute-314382,absolute-314380,multi,18,absolute_cosine,18,0,-0.13864808182559954,-0.5790049435475025,-0.9903154420058663,0.993387198743351
absolute-314382,absolute-314380,multi,18,absolute_weighted_norm_ratio,18,0,0.1057194493865834,0.03162743031813857,0.003403871821914574,1.2862206700629544
absolute-314382,absolute-314380,multi,18,absolute_dmc_descent_factor,18,0,0.921349691797162,0.9863225031979279,-0.27376419139047603,1.0679979202747427
absolute-314382,absolute-314380,multi,18,centered_cosine,18,0,-0.0739743007929036,-0.11597794846862111,-0.7731208095146562,0.5463288360107554
absolute-314382,absolute-314380,multi,18,centered_weighted_norm_ratio,18,0,0.013377917384935803,0.013046496847852184,0.002476219067811127,0.034064510818048635
absolute-314382,absolute-314380,multi,18,centered_dmc_descent_factor,18,0,0.99757422248759,0.9985431736919237,0.9736640178206295,1.0069059558944524
absolute-314382,absolute-314380,singleton,8,absolute_conflict,8,0,0.5,0.5,False,True
absolute-314382,absolute-314380,singleton,8,absolute_strong_conflict,8,0,0.5,0.5,False,True
absolute-314382,absolute-314380,singleton,8,absolute_reverse_dmc,8,0,0,0.0,False,False
absolute-314382,absolute-314380,singleton,8,centered_conflict,0,8,,,,
absolute-314382,absolute-314380,singleton,8,centered_strong_conflict,0,8,,,,
absolute-314382,absolute-314380,singleton,8,centered_reverse_dmc,8,0,0,0.0,False,False
absolute-314382,absolute-314380,singleton,8,model_span,8,0,0.0,0.0,0.0,0.0
absolute-314382,absolute-314380,singleton,8,model_top_gap,0,8,,,,
absolute-314382,absolute-314380,singleton,8,teacher_top_gap,0,8,,,,
absolute-314382,absolute-314380,singleton,8,top1,8,0,1,1.0,1,1
absolute-314382,absolute-314380,singleton,8,teacher_regret,8,0,0.0,0.0,0.0,0.0
absolute-314382,absolute-314380,singleton,8,saturation_fraction,8,0,0.0,0.0,0.0,0.0
absolute-314382,absolute-314380,singleton,8,tanh_slope_mean,8,0,0.961158052166581,0.9947863087029603,0.8056517070503579,0.9997975413742062
absolute-314382,absolute-314380,singleton,8,loss_dmc,8,0,1.1142704486846924,1.0602572858333588,0.4855075478553772,2.076047420501709
absolute-314382,absolute-314380,singleton,8,loss_absolute,8,0,0.038841947685796185,0.005213691387325525,0.00020245862833689898,0.1943482905626297
absolute-314382,absolute-314380,singleton,8,loss_centered,8,0,0.0,0.0,0.0,0.0
absolute-314382,absolute-314380,singleton,8,absolute_cosine,8,0,1.8041124150158794e-16,5.551115123125783e-16,-0.9999999999999987,0.999999999999999
absolute-314382,absolute-314380,singleton,8,absolute_weighted_norm_ratio,8,0,0.013259289094947188,0.006734223041869316,0.0014434177709546925,0.04351655310096848
absolute-314382,absolute-314380,singleton,8,absolute_dmc_descent_factor,8,0,1.0001513705776484,1.0026280940676928,0.9564834468990315,1.0305965006271494
absolute-314382,absolute-314380,singleton,8,centered_cosine,0,8,,,,
absolute-314382,absolute-314380,singleton,8,centered_weighted_norm_ratio,8,0,0.0,0.0,0.0,0.0
absolute-314382,absolute-314380,singleton,8,centered_dmc_descent_factor,8,0,1.0,1.0,1.0,1.0
absolute-314382,centered-314380,all,26,absolute_conflict,26,0,0.6538461538461539,1.0,False,True
absolute-314382,centered-314380,all,26,absolute_strong_conflict,26,0,0.6538461538461539,1.0,False,True
absolute-314382,centered-314380,all,26,absolute_reverse_dmc,26,0,0.038461538461538464,0.0,False,True
absolute-314382,centered-314380,all,26,centered_conflict,18,8,0.6111111111111112,1.0,False,True
absolute-314382,centered-314380,all,26,centered_strong_conflict,18,8,0.6111111111111112,1.0,False,True
absolute-314382,centered-314380,all,26,centered_reverse_dmc,26,0,0,0.0,False,False
absolute-314382,centered-314380,all,26,model_span,26,0,0.07085846966275802,0.0786576122045517,0.0,0.25680888816714287
absolute-314382,centered-314380,all,26,model_top_gap,18,8,0.02689416416817241,0.010870564728975296,4.414469003677368e-05,0.25680888816714287
absolute-314382,centered-314380,all,26,teacher_top_gap,18,8,0.3391827477349175,0.006634622812271118,0.0,1.600000023841858
absolute-314382,centered-314380,all,26,top1,26,0,0.7307692307692307,1.0,0,1
absolute-314382,centered-314380,all,26,teacher_regret,26,0,0.08035535193406619,0.0,0.0,1.600000023841858
absolute-314382,centered-314380,all,26,saturation_fraction,26,0,0.029914529914529916,0.0,0.0,0.7777777777777778
absolute-314382,centered-314380,all,26,tanh_slope_mean,26,0,0.942620264910385,0.9953553151430596,0.09090305133560782,0.9996021267827897
absolute-314382,centered-314380,all,26,loss_dmc,26,0,0.8579954692037203,0.8711525201797485,0.0020289516542106867,1.445623517036438
absolute-314382,centered-314380,all,26,loss_absolute,26,0,0.47274866781215397,0.4627539813518524,0.00039787322748452425,2.683034658432007
absolute-314382,centered-314380,all,26,loss_centered,26,0,0.2722296451146786,0.29421401023864746,0.0,0.6259384751319885
absolute-314382,centered-314380,all,26,absolute_cosine,26,0,-0.23547541634543617,-0.8947271919188962,-0.9999999999999987,0.999999999999999
absolute-314382,centered-314380,all,26,absolute_weighted_norm_ratio,26,0,0.16938757031174917,0.030439858030562685,0.0019556665072131465,3.5813786095847866
absolute-314382,centered-314380,all,26,absolute_dmc_descent_factor,26,0,0.8494499714957645,0.9925131094705085,-2.572053919015373,1.062632423188145
absolute-314382,centered-314380,all,26,centered_cosine,18,8,-0.13701010170525277,-0.148571282373195,-0.6139859601404359,0.41861307525576574
absolute-314382,centered-314380,all,26,centered_weighted_norm_ratio,26,0,0.011435766713199602,0.009429232847826723,0.0,0.05719381531066408
absolute-314382,centered-314380,all,26,centered_dmc_descent_factor,26,0,0.9977811148659205,1.0,0.9675621279650044,1.0118876979522295
absolute-314382,centered-314380,multi,18,absolute_conflict,18,0,0.7222222222222222,1.0,False,True
absolute-314382,centered-314380,multi,18,absolute_strong_conflict,18,0,0.7222222222222222,1.0,False,True
absolute-314382,centered-314380,multi,18,absolute_reverse_dmc,18,0,0.05555555555555555,0.0,False,True
absolute-314382,centered-314380,multi,18,centered_conflict,18,0,0.6111111111111112,1.0,False,True
absolute-314382,centered-314380,multi,18,centered_strong_conflict,18,0,0.6111111111111112,1.0,False,True
absolute-314382,centered-314380,multi,18,centered_reverse_dmc,18,0,0,0.0,False,False
absolute-314382,centered-314380,multi,18,model_span,18,0,0.10235112284620602,0.08982208743691444,0.013607442378997803,0.25680888816714287
absolute-314382,centered-314380,multi,18,model_top_gap,18,0,0.02689416416817241,0.010870564728975296,4.414469003677368e-05,0.25680888816714287
absolute-314382,centered-314380,multi,18,teacher_top_gap,18,0,0.3391827477349175,0.006634622812271118,0.0,1.600000023841858
absolute-314382,centered-314380,multi,18,top1,18,0,0.6111111111111112,1.0,0,1
absolute-314382,centered-314380,multi,18,teacher_regret,18,0,0.11606884168254004,0.0,0.0,1.600000023841858
absolute-314382,centered-314380,multi,18,saturation_fraction,18,0,0.043209876543209874,0.0,0.0,0.7777777777777778
absolute-314382,centered-314380,multi,18,tanh_slope_mean,18,0,0.9202233334678446,0.9946441603164187,0.09090305133560782,0.9988897525475142
absolute-314382,centered-314380,multi,18,loss_dmc,18,0,0.8064677257013196,0.8322606384754181,0.0020289516542106867,1.445623517036438
absolute-314382,centered-314380,multi,18,loss_absolute,18,0,0.6797540138165156,0.592404693365097,0.32116150856018066,2.683034658432007
absolute-314382,centered-314380,multi,18,loss_centered,18,0,0.3932205984989802,0.40133726596832275,0.1862649768590927,0.6259384751319885
absolute-314382,centered-314380,multi,18,absolute_cosine,18,0,-0.34013115694340784,-0.8947271919188962,-0.9973963404638486,0.9800884468787339
absolute-314382,centered-314380,multi,18,absolute_weighted_norm_ratio,18,0,0.24133689665248406,0.03877990360378636,0.018192090612364393,3.5813786095847866
absolute-314382,centered-314380,multi,18,absolute_dmc_descent_factor,18,0,0.7836067426421344,0.9692378524060943,-2.572053919015373,1.062632423188145
absolute-314382,centered-314380,multi,18,centered_cosine,18,0,-0.13701010170525277,-0.148571282373195,-0.6139859601404359,0.41861307525576574
absolute-314382,centered-314380,multi,18,centered_weighted_norm_ratio,18,0,0.01651832969684387,0.014288764271732764,0.00349188504118082,0.05719381531066408
absolute-314382,centered-314380,multi,18,centered_dmc_descent_factor,18,0,0.9967949436952185,0.9987086160858898,0.9675621279650044,1.0118876979522295
absolute-314382,centered-314380,singleton,8,absolute_conflict,8,0,0.5,0.5,False,True
absolute-314382,centered-314380,singleton,8,absolute_strong_conflict,8,0,0.5,0.5,False,True
absolute-314382,centered-314380,singleton,8,absolute_reverse_dmc,8,0,0,0.0,False,False
absolute-314382,centered-314380,singleton,8,centered_conflict,0,8,,,,
absolute-314382,centered-314380,singleton,8,centered_strong_conflict,0,8,,,,
absolute-314382,centered-314380,singleton,8,centered_reverse_dmc,8,0,0,0.0,False,False
absolute-314382,centered-314380,singleton,8,model_span,8,0,0.0,0.0,0.0,0.0
absolute-314382,centered-314380,singleton,8,model_top_gap,0,8,,,,
absolute-314382,centered-314380,singleton,8,teacher_top_gap,0,8,,,,
absolute-314382,centered-314380,singleton,8,top1,8,0,1,1.0,1,1
absolute-314382,centered-314380,singleton,8,teacher_regret,8,0,0.0,0.0,0.0,0.0
absolute-314382,centered-314380,singleton,8,saturation_fraction,8,0,0.0,0.0,0.0,0.0
absolute-314382,centered-314380,singleton,8,tanh_slope_mean,8,0,0.993013360656101,0.9961586467874135,0.9745038984636627,0.9996021267827897
absolute-314382,centered-314380,singleton,8,loss_dmc,8,0,0.9739328920841217,0.9681647419929504,0.7061461210250854,1.2486865520477295
absolute-314382,centered-314380,singleton,8,loss_absolute,8,0,0.006986639302340336,0.0038413532311096787,0.00039787322748452425,0.0254961010068655
absolute-314382,centered-314380,singleton,8,loss_centered,8,0,0.0,0.0,0.0,0.0
absolute-314382,centered-314380,singleton,8,absolute_cosine,8,0,1.249000902703301e-16,1.1102230246251565e-16,-0.9999999999999987,0.999999999999999
absolute-314382,centered-314380,singleton,8,absolute_weighted_norm_ratio,8,0,0.007501586045095658,0.006555626685227316,0.0019556665072131465,0.019001575749997474
absolute-314382,centered-314380,singleton,8,absolute_dmc_descent_factor,8,0,0.9975972364164323,0.99815681240077,0.9809984242500026,1.010510247007048
absolute-314382,centered-314380,singleton,8,centered_cosine,0,8,,,,
absolute-314382,centered-314380,singleton,8,centered_weighted_norm_ratio,8,0,0.0,0.0,0.0,0.0
absolute-314382,centered-314380,singleton,8,centered_dmc_descent_factor,8,0,1.0,1.0,1.0,1.0
absolute-314382,teacher-314381,all,26,absolute_conflict,26,0,0.6153846153846154,1.0,False,True
absolute-314382,teacher-314381,all,26,absolute_strong_conflict,26,0,0.6153846153846154,1.0,False,True
absolute-314382,teacher-314381,all,26,absolute_reverse_dmc,26,0,0,0.0,False,False
absolute-314382,teacher-314381,all,26,centered_conflict,18,8,0.7222222222222222,1.0,False,True
absolute-314382,teacher-314381,all,26,centered_strong_conflict,18,8,0.6666666666666666,1.0,False,True
absolute-314382,teacher-314381,all,26,centered_reverse_dmc,26,0,0,0.0,False,False
absolute-314382,teacher-314381,all,26,model_span,26,0,0.7199278013923993,1.0100152604281902,0.0,1.3820750713348389
absolute-314382,teacher-314381,all,26,model_top_gap,18,8,0.16366744062138927,0.01239815354347229,0.00010293722152709961,1.126608520746231
absolute-314382,teacher-314381,all,26,teacher_top_gap,18,8,0.3391827477349175,0.006634622812271118,0.0,1.600000023841858
absolute-314382,teacher-314381,all,26,top1,26,0,0.7307692307692307,1.0,0,1
absolute-314382,teacher-314381,all,26,teacher_regret,26,0,0.06290546288857093,0.0,0.0,1.600000023841858
absolute-314382,teacher-314381,all,26,saturation_fraction,26,0,0.0,0.0,0.0,0.0
absolute-314382,teacher-314381,all,26,tanh_slope_mean,26,0,0.7011377845528209,0.6847014363003099,0.36777028402617695,0.9994691086009379
absolute-314382,teacher-314381,all,26,loss_dmc,26,0,1.4984407376927824,0.9477458596229553,0.01827319711446762,3.604599952697754
absolute-314382,teacher-314381,all,26,loss_absolute,26,0,0.09102334047425896,0.05082240141928196,0.0005308914114721119,0.5177159309387207
absolute-314382,teacher-314381,all,26,loss_centered,26,0,0.04989060709396234,0.02102637942880392,0.0,0.28463679552078247
absolute-314382,teacher-314381,all,26,absolute_cosine,26,0,-0.29111648574617527,-0.4374246054468912,-0.9999999999999988,0.9999999999999978
absolute-314382,teacher-314381,all,26,absolute_weighted_norm_ratio,26,0,0.05238348986632866,0.014530322572020409,0.0020315201787973448,0.548084601612782
absolute-314382,teacher-314381,all,26,absolute_dmc_descent_factor,26,0,0.9780944835690984,0.9953833205647421,0.7199467552829911,1.0293622640926483
absolute-314382,teacher-314381,all,26,centered_cosine,18,8,-0.14158497566972933,-0.3030936668369301,-0.9089948098124632,0.9171364575488637
absolute-314382,teacher-314381,all,26,centered_weighted_norm_ratio,26,0,0.022657362909862894,0.00659302204886135,0.0,0.20903554312950007
absolute-314382,teacher-314381,all,26,centered_dmc_descent_factor,26,0,1.0014130362694142,0.9999659977576425,0.9742336478045376,1.0506478798376244
absolute-314382,teacher-314381,multi,18,absolute_conflict,18,0,0.5,0.5,False,True
absolute-314382,teacher-314381,multi,18,absolute_strong_conflict,18,0,0.5,0.5,False,True
absolute-314382,teacher-314381,multi,18,absolute_reverse_dmc,18,0,0,0.0,False,False
absolute-314382,teacher-314381,multi,18,centered_conflict,18,0,0.7222222222222222,1.0,False,True
absolute-314382,teacher-314381,multi,18,centered_strong_conflict,18,0,0.6666666666666666,1.0,False,True
absolute-314382,teacher-314381,multi,18,centered_reverse_dmc,18,0,0,0.0,False,False
absolute-314382,teacher-314381,multi,18,model_span,18,0,1.0398957131223545,1.1716130375862122,0.20801347494125366,1.3820750713348389
absolute-314382,teacher-314381,multi,18,model_top_gap,18,0,0.16366744062138927,0.01239815354347229,0.00010293722152709961,1.126608520746231
absolute-314382,teacher-314381,multi,18,teacher_top_gap,18,0,0.3391827477349175,0.006634622812271118,0.0,1.600000023841858
absolute-314382,teacher-314381,multi,18,top1,18,0,0.6111111111111112,1.0,0,1
absolute-314382,teacher-314381,multi,18,teacher_regret,18,0,0.09086344639460246,0.0,0.0,1.600000023841858
absolute-314382,teacher-314381,multi,18,saturation_fraction,18,0,0.0,0.0,0.0,0.0
absolute-314382,teacher-314381,multi,18,tanh_slope_mean,18,0,0.5753256151381543,0.5778548583077776,0.36777028402617695,0.7874735202902698
absolute-314382,teacher-314381,multi,18,loss_dmc,18,0,1.7872608466487792,2.0883008241653442,0.01827319711446762,3.604599952697754
absolute-314382,teacher-314381,multi,18,loss_absolute,18,0,0.12446267649324404,0.07563993707299232,0.010674949735403061,0.5177159309387207
absolute-314382,teacher-314381,multi,18,loss_centered,18,0,0.07206421024683449,0.04618140682578087,0.009057634510099888,0.28463679552078247
absolute-314382,teacher-314381,multi,18,absolute_cosine,18,0,-0.08716825718892039,-0.037252840862133166,-0.9765408565866742,0.9824796587291044
absolute-314382,teacher-314381,multi,18,absolute_weighted_norm_ratio,18,0,0.07055973254202912,0.02070124560402056,0.0020315201787973448,0.548084601612782
absolute-314382,teacher-314381,multi,18,absolute_dmc_descent_factor,18,0,0.9729585351877418,0.9968554168021825,0.7199467552829911,1.0293622640926483
absolute-314382,teacher-314381,multi,18,centered_cosine,18,0,-0.14158497566972933,-0.3030936668369301,-0.9089948098124632,0.9171364575488637
absolute-314382,teacher-314381,multi,18,centered_weighted_norm_ratio,18,0,0.032727301980913066,0.009567168687761946,0.0021312454668218164,0.20903554312950007
absolute-314382,teacher-314381,multi,18,centered_dmc_descent_factor,18,0,1.0020410523891539,0.9983707956137888,0.9742336478045376,1.0506478798376244
absolute-314382,teacher-314381,singleton,8,absolute_conflict,8,0,0.875,1.0,False,True
absolute-314382,teacher-314381,singleton,8,absolute_strong_conflict,8,0,0.875,1.0,False,True
absolute-314382,teacher-314381,singleton,8,absolute_reverse_dmc,8,0,0,0.0,False,False
absolute-314382,teacher-314381,singleton,8,centered_conflict,0,8,,,,
absolute-314382,teacher-314381,singleton,8,centered_strong_conflict,0,8,,,,
absolute-314382,teacher-314381,singleton,8,centered_reverse_dmc,8,0,0,0.0,False,False
absolute-314382,teacher-314381,singleton,8,model_span,8,0,0.0,0.0,0.0,0.0
absolute-314382,teacher-314381,singleton,8,model_top_gap,0,8,,,,
absolute-314382,teacher-314381,singleton,8,teacher_top_gap,0,8,,,,
absolute-314382,teacher-314381,singleton,8,top1,8,0,1,1.0,1,1
absolute-314382,teacher-314381,singleton,8,teacher_regret,8,0,0.0,0.0,0.0,0.0
absolute-314382,teacher-314381,singleton,8,saturation_fraction,8,0,0.0,0.0,0.0,0.0
absolute-314382,teacher-314381,singleton,8,tanh_slope_mean,8,0,0.9842151657358207,0.9978604796663331,0.9376312698352045,0.9994691086009379
absolute-314382,teacher-314381,singleton,8,loss_dmc,8,0,0.84859549254179,0.9136897921562195,0.5628941059112549,1.0975929498672485
absolute-314382,teacher-314381,singleton,8,loss_absolute,8,0,0.01578483443154255,0.002139520365744829,0.0005308914114721119,0.0623687319457531
absolute-314382,teacher-314381,singleton,8,loss_centered,8,0,0.0,0.0,0.0,0.0
absolute-314382,teacher-314381,singleton,8,absolute_cosine,8,0,-0.7499999999999987,-0.999999999999998,-0.9999999999999988,0.9999999999999978
absolute-314382,teacher-314381,singleton,8,absolute_weighted_norm_ratio,8,0,0.011486943846002634,0.004619963995424657,0.0023584493515849125,0.033286649908264354
absolute-314382,teacher-314381,singleton,8,absolute_dmc_descent_factor,8,0,0.9896503674271507,0.9953833205647421,0.9667133500917358,1.0045492450926132
absolute-314382,teacher-314381,singleton,8,centered_cosine,0,8,,,,
absolute-314382,teacher-314381,singleton,8,centered_weighted_norm_ratio,8,0,0.0,0.0,0.0,0.0
absolute-314382,teacher-314381,singleton,8,centered_dmc_descent_factor,8,0,1.0,1.0,1.0,1.0
absolute-314382,absolute-314381,all,26,absolute_conflict,26,0,0.7307692307692307,1.0,False,True
absolute-314382,absolute-314381,all,26,absolute_strong_conflict,26,0,0.6923076923076923,1.0,False,True
absolute-314382,absolute-314381,all,26,absolute_reverse_dmc,26,0,0.038461538461538464,0.0,False,True
absolute-314382,absolute-314381,all,26,centered_conflict,18,8,0.6666666666666666,1.0,False,True
absolute-314382,absolute-314381,all,26,centered_strong_conflict,18,8,0.6666666666666666,1.0,False,True
absolute-314382,absolute-314381,all,26,centered_reverse_dmc,26,0,0,0.0,False,False
absolute-314382,absolute-314381,all,26,model_span,26,0,0.21616058703511953,0.1993839219212532,0.0,0.484580859541893
absolute-314382,absolute-314381,all,26,model_top_gap,18,8,0.06706485814518398,0.01567479968070984,9.524822235107422e-05,0.420269638299942
absolute-314382,absolute-314381,all,26,teacher_top_gap,18,8,0.3391827477349175,0.006634622812271118,0.0,1.600000023841858
absolute-314382,absolute-314381,all,26,top1,26,0,0.7307692307692307,1.0,0,1
absolute-314382,absolute-314381,all,26,teacher_regret,26,0,0.02029353494827564,0.0,0.0,0.4571428596973419
absolute-314382,absolute-314381,all,26,saturation_fraction,26,0,0.038461538461538464,0.0,0.0,1.0
absolute-314382,absolute-314381,all,26,tanh_slope_mean,26,0,0.8542876649520159,0.9182483275856466,0.031981736249329,0.9999808793389309
absolute-314382,absolute-314381,all,26,loss_dmc,26,0,0.8833354408617686,0.8425803780555725,0.0003157577884849161,1.9063091278076172
absolute-314382,absolute-314381,all,26,loss_absolute,26,0,0.4741090786040401,0.32108165323734283,1.9120661818305962e-05,2.778447389602661
absolute-314382,absolute-314381,all,26,loss_centered,26,0,0.200325550368199,0.2602989971637726,0.0,0.431744247674942
absolute-314382,absolute-314381,all,26,absolute_cosine,26,0,-0.3183425418799123,-0.8704077866037991,-0.9999999999999988,0.9999999999999986
absolute-314382,absolute-314381,all,26,absolute_weighted_norm_ratio,26,0,0.3766898912793363,0.033651672765482483,0.00043536802003964035,8.257843633867246
absolute-314382,absolute-314381,all,26,absolute_dmc_descent_factor,26,0,0.6464133556328114,0.9839392729228041,-7.193278982544632,1.073495194378892
absolute-314382,absolute-314381,all,26,centered_cosine,18,8,-0.2025660128414486,-0.27318561852782164,-0.9111852478801633,0.8692145301918532
absolute-314382,absolute-314381,all,26,centered_weighted_norm_ratio,26,0,0.026782359628699386,0.01061813770770259,0.0,0.3580838116371959
absolute-314382,absolute-314381,all,26,centered_dmc_descent_factor,26,0,0.98369024585475,1.0,0.673719313331488,1.0133280196889953
absolute-314382,absolute-314381,multi,18,absolute_conflict,18,0,0.8333333333333334,1.0,False,True
absolute-314382,absolute-314381,multi,18,absolute_strong_conflict,18,0,0.7777777777777778,1.0,False,True
absolute-314382,absolute-314381,multi,18,absolute_reverse_dmc,18,0,0.05555555555555555,0.0,False,True
absolute-314382,absolute-314381,multi,18,centered_conflict,18,0,0.6666666666666666,1.0,False,True
absolute-314382,absolute-314381,multi,18,centered_strong_conflict,18,0,0.6666666666666666,1.0,False,True
absolute-314382,absolute-314381,multi,18,centered_reverse_dmc,18,0,0,0.0,False,False
absolute-314382,absolute-314381,multi,18,model_span,18,0,0.3122319590507282,0.3433681130409241,0.00801628828048706,0.484580859541893
absolute-314382,absolute-314381,multi,18,model_top_gap,18,0,0.06706485814518398,0.01567479968070984,9.524822235107422e-05,0.420269638299942
absolute-314382,absolute-314381,multi,18,teacher_top_gap,18,0,0.3391827477349175,0.006634622812271118,0.0,1.600000023841858
absolute-314382,absolute-314381,multi,18,top1,18,0,0.6111111111111112,1.0,0,1
absolute-314382,absolute-314381,multi,18,teacher_regret,18,0,0.029312883814175923,0.0,0.0,0.4571428596973419
absolute-314382,absolute-314381,multi,18,saturation_fraction,18,0,0.05555555555555555,0.0,0.0,1.0
absolute-314382,absolute-314381,multi,18,tanh_slope_mean,18,0,0.8293539214370892,0.9040982399960695,0.031981736249329,0.978829000692897
absolute-314382,absolute-314381,multi,18,loss_dmc,18,0,0.8463275226838758,0.8244238495826721,0.0003157577884849161,1.9063091278076172
absolute-314382,absolute-314381,multi,18,loss_absolute,18,0,0.6449969303276804,0.40087273716926575,0.17895255982875824,2.778447389602661
absolute-314382,absolute-314381,multi,18,loss_centered,18,0,0.28935912830962074,0.2801804095506668,0.1420394778251648,0.431744247674942
absolute-314382,absolute-314381,multi,18,absolute_cosine,18,0,-0.4598281160487622,-0.8704077866037991,-0.995902740531592,0.9924887239151923
absolute-314382,absolute-314381,multi,18,absolute_weighted_norm_ratio,18,0,0.5285909946454611,0.04633072055440011,0.011744368571178592,8.257843633867246
absolute-314382,absolute-314381,multi,18,absolute_dmc_descent_factor,18,0,0.4981269001659219,0.9781570751606767,-7.193278982544632,1.073495194378892
absolute-314382,absolute-314381,multi,18,centered_cosine,18,0,-0.2025660128414486,-0.27318561852782164,-0.9111852478801633,0.8692145301918532
absolute-314382,absolute-314381,multi,18,centered_weighted_norm_ratio,18,0,0.03868563057478801,0.01575094048232649,0.0033139365886385654,0.3580838116371959
absolute-314382,absolute-314381,multi,18,centered_dmc_descent_factor,18,0,0.9764414662346388,0.9968651262977899,0.673719313331488,1.0133280196889953
absolute-314382,absolute-314381,singleton,8,absolute_conflict,8,0,0.5,0.5,False,True
absolute-314382,absolute-314381,singleton,8,absolute_strong_conflict,8,0,0.5,0.5,False,True
absolute-314382,absolute-314381,singleton,8,absolute_reverse_dmc,8,0,0,0.0,False,False
absolute-314382,absolute-314381,singleton,8,centered_conflict,0,8,,,,
absolute-314382,absolute-314381,singleton,8,centered_strong_conflict,0,8,,,,
absolute-314382,absolute-314381,singleton,8,centered_reverse_dmc,8,0,0,0.0,False,False
absolute-314382,absolute-314381,singleton,8,model_span,8,0,0.0,0.0,0.0,0.0
absolute-314382,absolute-314381,singleton,8,model_top_gap,0,8,,,,
absolute-314382,absolute-314381,singleton,8,teacher_top_gap,0,8,,,,
absolute-314382,absolute-314381,singleton,8,top1,8,0,1,1.0,1,1
absolute-314382,absolute-314381,singleton,8,teacher_regret,8,0,0.0,0.0,0.0,0.0
absolute-314382,absolute-314381,singleton,8,saturation_fraction,8,0,0.0,0.0,0.0,0.0
absolute-314382,absolute-314381,singleton,8,tanh_slope_mean,8,0,0.910388587860601,0.9340916560996958,0.7707544995114262,0.9999808793389309
absolute-314382,absolute-314381,singleton,8,loss_dmc,8,0,0.9666032567620277,0.9808707535266876,0.2716537415981293,1.7386853694915771
absolute-314382,absolute-314381,singleton,8,loss_absolute,8,0,0.08961141222584956,0.06590834446251392,1.9120661818305962e-05,0.22924549877643585
absolute-314382,absolute-314381,singleton,8,loss_centered,8,0,0.0,0.0,0.0,0.0
absolute-314382,absolute-314381,singleton,8,absolute_cosine,8,0,4.163336342344337e-17,3.3306690738754696e-16,-0.9999999999999988,0.9999999999999986
absolute-314382,absolute-314381,singleton,8,absolute_weighted_norm_ratio,8,0,0.03491240870555557,0.02159844769865723,0.00043536802003964035,0.09186341077337092
absolute-314382,absolute-314381,singleton,8,absolute_dmc_descent_factor,8,0,0.9800578804333128,0.9989989541753757,0.9081365892266292,1.0241615382769367
absolute-314382,absolute-314381,singleton,8,centered_cosine,0,8,,,,
absolute-314382,absolute-314381,singleton,8,centered_weighted_norm_ratio,8,0,0.0,0.0,0.0,0.0
absolute-314382,absolute-314381,singleton,8,centered_dmc_descent_factor,8,0,1.0,1.0,1.0,1.0
absolute-314382,centered-314381,all,26,absolute_conflict,26,0,0.6923076923076923,1.0,False,True
absolute-314382,centered-314381,all,26,absolute_strong_conflict,26,0,0.6923076923076923,1.0,False,True
absolute-314382,centered-314381,all,26,absolute_reverse_dmc,26,0,0.038461538461538464,0.0,False,True
absolute-314382,centered-314381,all,26,centered_conflict,18,8,0.5,0.5,False,True
absolute-314382,centered-314381,all,26,centered_strong_conflict,18,8,0.3888888888888889,0.0,False,True
absolute-314382,centered-314381,all,26,centered_reverse_dmc,26,0,0,0.0,False,False
absolute-314382,centered-314381,all,26,model_span,26,0,0.09864842954378289,0.10910347104072571,0.0,0.2767067141830921
absolute-314382,centered-314381,all,26,model_top_gap,18,8,0.031629408709704876,0.010853707790374756,0.0003273487091064453,0.27357345819473267
absolute-314382,centered-314381,all,26,teacher_top_gap,18,8,0.3391827477349175,0.006634622812271118,0.0,1.600000023841858
absolute-314382,centered-314381,all,26,top1,26,0,0.6538461538461539,1.0,0,1
absolute-314382,centered-314381,all,26,teacher_regret,26,0,0.0753081188752101,0.0,0.0,1.600000023841858
absolute-314382,centered-314381,all,26,saturation_fraction,26,0,0.038461538461538464,0.0,0.0,1.0
absolute-314382,centered-314381,all,26,tanh_slope_mean,26,0,0.9275777027854425,0.9839486341838285,0.015928755692671517,0.9993240830733287
absolute-314382,centered-314381,all,26,loss_dmc,26,0,0.8828579163879252,0.9036165475845337,5.686129952664487e-05,1.7774673700332642
absolute-314382,centered-314381,all,26,loss_absolute,26,0,0.4847750244841266,0.43908412754535675,0.0006759169045835733,2.805577278137207
absolute-314382,centered-314381,all,26,loss_centered,26,0,0.25905248522758484,0.2853579819202423,0.0,0.6002048850059509
absolute-314382,centered-314381,all,26,absolute_cosine,26,0,-0.32406673625747895,-0.9008695178298267,-0.9999999999999991,0.9999999999999988
absolute-314382,centered-314381,all,26,absolute_weighted_norm_ratio,26,0,0.9153311884554932,0.031005627962612994,0.002669236183668785,22.85014689353191
absolute-314382,centered-314381,all,26,absolute_dmc_descent_factor,26,0,0.11048970136370605,0.982722648177383,-21.746234409441342,1.0599480262349563
absolute-314382,centered-314381,all,26,centered_cosine,18,8,-0.07071385658042274,-0.044631756723318976,-0.945946893936956,0.3734056183911451
absolute-314382,centered-314381,all,26,centered_weighted_norm_ratio,26,0,0.03987795126765962,0.01400459608687716,0.0,0.7491741726449762
absolute-314382,centered-314381,all,26,centered_dmc_descent_factor,26,0,0.972417031636264,1.0,0.29132101836869617,1.0056426654525359
absolute-314382,centered-314381,multi,18,absolute_conflict,18,0,0.7222222222222222,1.0,False,True
absolute-314382,centered-314381,multi,18,absolute_strong_conflict,18,0,0.7222222222222222,1.0,False,True
absolute-314382,centered-314381,multi,18,absolute_reverse_dmc,18,0,0.05555555555555555,0.0,False,True
absolute-314382,centered-314381,multi,18,centered_conflict,18,0,0.5,0.5,False,True
absolute-314382,centered-314381,multi,18,centered_strong_conflict,18,0,0.3888888888888889,0.0,False,True
absolute-314382,centered-314381,multi,18,centered_reverse_dmc,18,0,0,0.0,False,False
absolute-314382,centered-314381,multi,18,model_span,18,0,0.14249217600768638,0.12750425189733505,0.0038633346557617188,0.2767067141830921
absolute-314382,centered-314381,multi,18,model_top_gap,18,0,0.031629408709704876,0.010853707790374756,0.0003273487091064453,0.27357345819473267
absolute-314382,centered-314381,multi,18,teacher_top_gap,18,0,0.3391827477349175,0.006634622812271118,0.0,1.600000023841858
absolute-314382,centered-314381,multi,18,top1,18,0,0.5,0.5,0,1
absolute-314382,centered-314381,multi,18,teacher_regret,18,0,0.10877839393085903,0.0005115270614624023,0.0,1.600000023841858
absolute-314382,centered-314381,multi,18,saturation_fraction,18,0,0.05555555555555555,0.0,0.0,1.0
absolute-314382,centered-314381,multi,18,tanh_slope_mean,18,0,0.9085526056446719,0.9839486341838285,0.015928755692671517,0.9986561892539644
absolute-314382,centered-314381,multi,18,loss_dmc,18,0,0.82080897018083,0.9036165475845337,5.686129952664487e-05,1.5165753364562988
absolute-314382,centered-314381,multi,18,loss_absolute,18,0,0.6870680004358292,0.5907908380031586,0.30040472745895386,2.805577278137207
absolute-314382,centered-314381,multi,18,loss_centered,18,0,0.3741869231065114,0.38400767743587494,0.16373610496520996,0.6002048850059509
absolute-314382,centered-314381,multi,18,absolute_cosine,18,0,-0.3569852857052475,-0.8052674573429013,-0.9954524369329121,0.9890787105119357
absolute-314382,centered-314381,multi,18,absolute_weighted_norm_ratio,18,0,1.315711152396168,0.04263213836320544,0.01696307655566896,22.85014689353191
absolute-314382,centered-314381,multi,18,absolute_dmc_descent_factor,18,0,-0.28342423142412676,0.9716197765569892,-21.746234409441342,1.0599480262349563
absolute-314382,centered-314381,multi,18,centered_cosine,18,0,-0.07071385658042274,-0.044631756723318976,-0.945946893936956,0.3734056183911451
absolute-314382,centered-314381,multi,18,centered_weighted_norm_ratio,18,0,0.057601485164397226,0.016976919058364362,0.0062090978145139,0.7491741726449762
absolute-314382,centered-314381,multi,18,centered_dmc_descent_factor,18,0,0.9601579345857146,0.9994742171199935,0.29132101836869617,1.0056426654525359
absolute-314382,centered-314381,singleton,8,absolute_conflict,8,0,0.625,1.0,False,True
absolute-314382,centered-314381,singleton,8,absolute_strong_conflict,8,0,0.625,1.0,False,True
absolute-314382,centered-314381,singleton,8,absolute_reverse_dmc,8,0,0,0.0,False,False
absolute-314382,centered-314381,singleton,8,centered_conflict,0,8,,,,
absolute-314382,centered-314381,singleton,8,centered_strong_conflict,0,8,,,,
absolute-314382,centered-314381,singleton,8,centered_reverse_dmc,8,0,0,0.0,False,False
absolute-314382,centered-314381,singleton,8,model_span,8,0,0.0,0.0,0.0,0.0
absolute-314382,centered-314381,singleton,8,model_top_gap,0,8,,,,
absolute-314382,centered-314381,singleton,8,teacher_top_gap,0,8,,,,
absolute-314382,centered-314381,singleton,8,top1,8,0,1,1.0,1,1
absolute-314382,centered-314381,singleton,8,teacher_regret,8,0,0.0,0.0,0.0,0.0
absolute-314382,centered-314381,singleton,8,saturation_fraction,8,0,0.0,0.0,0.0,0.0
absolute-314382,centered-314381,singleton,8,tanh_slope_mean,8,0,0.9703841713521761,0.9800450157186488,0.8889664938264445,0.9993240830733287
absolute-314382,centered-314381,singleton,8,loss_dmc,8,0,1.0224680453538895,0.9202452600002289,0.5959568619728088,1.7774673700332642
absolute-314382,centered-314381,singleton,8,loss_absolute,8,0,0.02961582859279588,0.019954984541982412,0.0006759169045835733,0.11103350669145584
absolute-314382,centered-314381,singleton,8,loss_centered,8,0,0.0,0.0,0.0,0.0
absolute-314382,centered-314381,singleton,8,absolute_cosine,8,0,-0.2499999999999997,-0.9999999999999982,-0.9999999999999991,0.9999999999999988
absolute-314382,centered-314381,singleton,8,absolute_weighted_norm_ratio,8,0,0.01447626958897506,0.013672676339868045,0.002669236183668785,0.029536629541490278
absolute-314382,centered-314381,singleton,8,absolute_dmc_descent_factor,8,0,0.9967960501363299,0.995719341561034,0.9704633704585097,1.024993449386005
absolute-314382,centered-314381,singleton,8,centered_cosine,0,8,,,,
absolute-314382,centered-314381,singleton,8,centered_weighted_norm_ratio,8,0,0.0,0.0,0.0,0.0
absolute-314382,centered-314381,singleton,8,centered_dmc_descent_factor,8,0,1.0,1.0,1.0,1.0
absolute-314382,teacher-314382,all,26,absolute_conflict,26,0,0.7692307692307693,1.0,False,True
absolute-314382,teacher-314382,all,26,absolute_strong_conflict,26,0,0.6538461538461539,1.0,False,True
absolute-314382,teacher-314382,all,26,absolute_reverse_dmc,26,0,0,0.0,False,False
absolute-314382,teacher-314382,all,26,centered_conflict,18,8,0.7222222222222222,1.0,False,True
absolute-314382,teacher-314382,all,26,centered_strong_conflict,18,8,0.6666666666666666,1.0,False,True
absolute-314382,teacher-314382,all,26,centered_reverse_dmc,26,0,0,0.0,False,False
absolute-314382,teacher-314382,all,26,model_span,26,0,0.7281702692405536,1.051849603652954,0.0,1.4496018290519714
absolute-314382,teacher-314382,all,26,model_top_gap,18,8,0.1649010262141625,0.01731210947036743,0.0016192197799682617,1.0594074130058289
absolute-314382,teacher-314382,all,26,teacher_top_gap,18,8,0.3391827477349175,0.006634622812271118,0.0,1.600000023841858
absolute-314382,teacher-314382,all,26,top1,26,0,0.8076923076923077,1.0,0,1
absolute-314382,teacher-314382,all,26,teacher_regret,26,0,0.06358750279133137,0.0,0.0,1.600000023841858
absolute-314382,teacher-314382,all,26,saturation_fraction,26,0,0.0,0.0,0.0,0.0
absolute-314382,teacher-314382,all,26,tanh_slope_mean,26,0,0.6940521295405934,0.6347491794262801,0.3830334674278184,0.9999998860961801
absolute-314382,teacher-314382,all,26,loss_dmc,26,0,1.4639486123879368,0.9870442152023315,0.010460836812853813,3.440319776535034
absolute-314382,teacher-314382,all,26,loss_absolute,26,0,0.0919128186662202,0.042117953300476074,1.1390382326226245e-07,0.5293599963188171
absolute-314382,teacher-314382,all,26,loss_centered,26,0,0.04857216295428001,0.024158005602657795,0.0,0.2788041830062866
absolute-314382,teacher-314382,all,26,absolute_cosine,26,0,-0.3933951617011314,-0.5113304785754917,-0.9999999999999986,0.9999999999999982
absolute-314382,teacher-314382,all,26,absolute_weighted_norm_ratio,26,0,0.09380974925890236,0.01681080560627794,3.376103546870839e-05,1.2080946854588723
absolute-314382,teacher-314382,all,26,absolute_dmc_descent_factor,26,0,0.9537267640688832,0.9972068500966229,0.35302164705322303,1.0341589255580335
absolute-314382,teacher-314382,all,26,centered_cosine,18,8,-0.2044411512603264,-0.2979070322211941,-0.9485333688029265,0.9004236481038677
absolute-314382,teacher-314382,all,26,centered_weighted_norm_ratio,26,0,0.03897385322534737,0.004812823875309355,0.0,0.4602843038980373
absolute-314382,teacher-314382,all,26,centered_dmc_descent_factor,26,0,0.9949504786115448,0.9996014410110123,0.8599866518677827,1.040314477978846
absolute-314382,teacher-314382,multi,18,absolute_conflict,18,0,0.7222222222222222,1.0,False,True
absolute-314382,teacher-314382,multi,18,absolute_strong_conflict,18,0,0.5555555555555556,1.0,False,True
absolute-314382,teacher-314382,multi,18,absolute_reverse_dmc,18,0,0,0.0,False,False
absolute-314382,teacher-314382,multi,18,centered_conflict,18,0,0.7222222222222222,1.0,False,True
absolute-314382,teacher-314382,multi,18,centered_strong_conflict,18,0,0.6666666666666666,1.0,False,True
absolute-314382,teacher-314382,multi,18,centered_reverse_dmc,18,0,0,0.0,False,False
absolute-314382,teacher-314382,multi,18,model_span,18,0,1.051801500014133,1.0882424861192703,0.148895263671875,1.4496018290519714
absolute-314382,teacher-314382,multi,18,model_top_gap,18,0,0.1649010262141625,0.01731210947036743,0.0016192197799682617,1.0594074130058289
absolute-314382,teacher-314382,multi,18,teacher_top_gap,18,0,0.3391827477349175,0.006634622812271118,0.0,1.600000023841858
absolute-314382,teacher-314382,multi,18,top1,18,0,0.7222222222222222,1.0,0,1
absolute-314382,teacher-314382,multi,18,teacher_regret,18,0,0.09184861514303419,0.0,0.0,1.600000023841858
absolute-314382,teacher-314382,multi,18,saturation_fraction,18,0,0.0,0.0,0.0,0.0
absolute-314382,teacher-314382,multi,18,tanh_slope_mean,18,0,0.5633467474094651,0.5503754069687516,0.3830334674278184,0.8186912749309184
absolute-314382,teacher-314382,multi,18,loss_dmc,18,0,1.7322540553286672,2.196366786956787,0.010460836812853813,3.440319776535034
absolute-314382,teacher-314382,multi,18,loss_absolute,18,0,0.12749151114581359,0.0883915089070797,0.009760428220033646,0.5293599963188171
absolute-314382,teacher-314382,multi,18,loss_centered,18,0,0.07015979093396002,0.05390245467424393,0.009490175172686577,0.2788041830062866
absolute-314382,teacher-314382,multi,18,absolute_cosine,18,0,-0.23490412245719047,-0.24491468479721523,-0.9828171350835151,0.9864573318287576
absolute-314382,teacher-314382,multi,18,absolute_weighted_norm_ratio,18,0,0.1314061767076118,0.01868429632518919,0.0018393288351807988,1.2080946854588723
absolute-314382,teacher-314382,multi,18,absolute_dmc_descent_factor,18,0,0.9371697577098521,0.9983704944446083,0.35302164705322303,1.0341589255580335
absolute-314382,teacher-314382,multi,18,centered_cosine,18,0,-0.2044411512603264,-0.2979070322211941,-0.9485333688029265,0.9004236481038677
absolute-314382,teacher-314382,multi,18,centered_weighted_norm_ratio,18,0,0.056295565769946196,0.011480306464187358,0.002162227292365042,0.4602843038980373
absolute-314382,teacher-314382,multi,18,centered_dmc_descent_factor,18,0,0.9927062468833425,0.9983659476770103,0.8599866518677827,1.040314477978846
absolute-314382,teacher-314382,singleton,8,absolute_conflict,8,0,0.875,1.0,False,True
absolute-314382,teacher-314382,singleton,8,absolute_strong_conflict,8,0,0.875,1.0,False,True
absolute-314382,teacher-314382,singleton,8,absolute_reverse_dmc,8,0,0,0.0,False,False
absolute-314382,teacher-314382,singleton,8,centered_conflict,0,8,,,,
absolute-314382,teacher-314382,singleton,8,centered_strong_conflict,0,8,,,,
absolute-314382,teacher-314382,singleton,8,centered_reverse_dmc,8,0,0,0.0,False,False
absolute-314382,teacher-314382,singleton,8,model_span,8,0,0.0,0.0,0.0,0.0
absolute-314382,teacher-314382,singleton,8,model_top_gap,0,8,,,,
absolute-314382,teacher-314382,singleton,8,teacher_top_gap,0,8,,,,
absolute-314382,teacher-314382,singleton,8,top1,8,0,1,1.0,1,1
absolute-314382,teacher-314382,singleton,8,teacher_regret,8,0,0.0,0.0,0.0,0.0
absolute-314382,teacher-314382,singleton,8,saturation_fraction,8,0,0.0,0.0,0.0,0.0
absolute-314382,teacher-314382,singleton,8,tanh_slope_mean,8,0,0.9881392393356321,0.9979981302150955,0.9567369962291588,0.9999998860961801
absolute-314382,teacher-314382,singleton,8,loss_dmc,8,0,0.8602613657712936,0.915442705154419,0.6272677779197693,1.0160150527954102
absolute-314382,teacher-314382,singleton,8,loss_absolute,8,0,0.011860760587135033,0.002001869725063443,1.1390382326226245e-07,0.04326300323009491
absolute-314382,teacher-314382,singleton,8,loss_centered,8,0,0.0,0.0,0.0,0.0
absolute-314382,teacher-314382,singleton,8,absolute_cosine,8,0,-0.7499999999999986,-0.9999999999999982,-0.9999999999999986,0.9999999999999982
absolute-314382,teacher-314382,singleton,8,absolute_weighted_norm_ratio,8,0,0.009217787499306134,0.004538449187312735,3.376103546870839e-05,0.02626224450798312
absolute-314382,teacher-314382,singleton,8,absolute_dmc_descent_factor,8,0,0.9909800283767033,0.9954615508126873,0.9737377554920169,1.0007912635040377
absolute-314382,teacher-314382,singleton,8,centered_cosine,0,8,,,,
absolute-314382,teacher-314382,singleton,8,centered_weighted_norm_ratio,8,0,0.0,0.0,0.0,0.0
absolute-314382,teacher-314382,singleton,8,centered_dmc_descent_factor,8,0,1.0,1.0,1.0,1.0
absolute-314382,absolute-314382,all,26,absolute_conflict,26,0,0.6153846153846154,1.0,False,True
absolute-314382,absolute-314382,all,26,absolute_strong_conflict,26,0,0.6153846153846154,1.0,False,True
absolute-314382,absolute-314382,all,26,absolute_reverse_dmc,26,0,0.038461538461538464,0.0,False,True
absolute-314382,absolute-314382,all,26,centered_conflict,18,8,0.6111111111111112,1.0,False,True
absolute-314382,absolute-314382,all,26,centered_strong_conflict,18,8,0.5,0.5,False,True
absolute-314382,absolute-314382,all,26,centered_reverse_dmc,26,0,0,0.0,False,False
absolute-314382,absolute-314382,all,26,model_span,26,0,0.1110862991772592,0.11235454306006432,0.0,0.24142199754714966
absolute-314382,absolute-314382,all,26,model_top_gap,18,8,0.032043626764789224,0.011989831924438477,6.29425048828125e-05,0.21315988898277283
absolute-314382,absolute-314382,all,26,teacher_top_gap,18,8,0.3391827477349175,0.006634622812271118,0.0,1.600000023841858
absolute-314382,absolute-314382,all,26,top1,26,0,0.7307692307692307,1.0,0,1
absolute-314382,absolute-314382,all,26,teacher_regret,26,0,0.06465073732229379,0.0,0.0,1.600000023841858
absolute-314382,absolute-314382,all,26,saturation_fraction,26,0,0.038461538461538464,0.0,0.0,1.0
absolute-314382,absolute-314382,all,26,tanh_slope_mean,26,0,0.9239771001885051,0.9792134996400581,0.05970455984776003,0.9999964292743104
absolute-314382,absolute-314382,all,26,loss_dmc,26,0,0.8797359541013765,0.9545780122280121,0.001144915702752769,1.3767706155776978
absolute-314382,absolute-314382,all,26,loss_absolute,26,0,0.47369840700546845,0.4385340213775635,3.570725766621763e-06,2.7323503494262695
absolute-314382,absolute-314382,all,26,loss_centered,26,0,0.2521826447202609,0.28243187069892883,0.0,0.5952635407447815
absolute-314382,absolute-314382,all,26,absolute_cosine,26,0,-0.21825527269893338,-0.7886994250022593,-0.999999999999999,0.9999999999999988
absolute-314382,absolute-314382,all,26,absolute_weighted_norm_ratio,26,0,0.20379205794779948,0.030064820045831966,0.00018860725394844656,4.377483006924545
absolute-314382,absolute-314382,all,26,absolute_dmc_descent_factor,26,0,0.8183053581967683,0.9822293527836184,-3.334359525083583,1.074460746041907
absolute-314382,absolute-314382,all,26,centered_cosine,18,8,-0.13780191282387802,-0.1273920805484652,-0.8632644773617634,0.5600231155600766
absolute-314382,absolute-314382,all,26,centered_weighted_norm_ratio,26,0,0.016751274730364907,0.010156825026798707,0.0,0.1595413765984789
absolute-314382,absolute-314382,all,26,centered_dmc_descent_factor,26,0,0.9935959527848139,1.0,0.8622735969131379,1.0122696128115973
absolute-314382,absolute-314382,multi,18,absolute_conflict,18,0,0.7222222222222222,1.0,False,True
absolute-314382,absolute-314382,multi,18,absolute_strong_conflict,18,0,0.7222222222222222,1.0,False,True
absolute-314382,absolute-314382,multi,18,absolute_reverse_dmc,18,0,0.05555555555555555,0.0,False,True
absolute-314382,absolute-314382,multi,18,centered_conflict,18,0,0.6111111111111112,1.0,False,True
absolute-314382,absolute-314382,multi,18,centered_strong_conflict,18,0,0.5,0.5,False,True
absolute-314382,absolute-314382,multi,18,centered_reverse_dmc,18,0,0,0.0,False,False
absolute-314382,absolute-314382,multi,18,model_span,18,0,0.16045798770048553,0.17932581342756748,0.012727022171020508,0.24142199754714966
absolute-314382,absolute-314382,multi,18,model_top_gap,18,0,0.032043626764789224,0.011989831924438477,6.29425048828125e-05,0.21315988898277283
absolute-314382,absolute-314382,multi,18,teacher_top_gap,18,0,0.3391827477349175,0.006634622812271118,0.0,1.600000023841858
absolute-314382,absolute-314382,multi,18,top1,18,0,0.6111111111111112,1.0,0,1
absolute-314382,absolute-314382,multi,18,teacher_regret,18,0,0.09338439835442437,0.0,0.0,1.600000023841858
absolute-314382,absolute-314382,multi,18,saturation_fraction,18,0,0.05555555555555555,0.0,0.0,1.0
absolute-314382,absolute-314382,multi,18,tanh_slope_mean,18,0,0.9041626713101258,0.9792134996400581,0.05970455984776003,0.998647688111298
absolute-314382,absolute-314382,multi,18,loss_dmc,18,0,0.8340692097877359,0.9337491095066071,0.001144915702752769,1.307103157043457
absolute-314382,absolute-314382,multi,18,loss_absolute,18,0,0.670257505443361,0.5704545378684998,0.2905026078224182,2.7323503494262695
absolute-314382,absolute-314382,multi,18,loss_centered,18,0,0.364263820151488,0.3658844381570816,0.17307540774345398,0.5952635407447815
absolute-314382,absolute-314382,multi,18,absolute_cosine,18,0,-0.42636872723179237,-0.8214379447592854,-0.9933245680520969,0.9819302732551697
absolute-314382,absolute-314382,multi,18,absolute_weighted_norm_ratio,18,0,0.2870595172400631,0.03690497417459411,0.016580083615192837,4.377483006924545
absolute-314382,absolute-314382,multi,18,absolute_dmc_descent_factor,18,0,0.7404323053808783,0.9760494512402859,-3.334359525083583,1.074460746041907
absolute-314382,absolute-314382,multi,18,centered_cosine,18,0,-0.13780191282387802,-0.1273920805484652,-0.8632644773617634,0.5600231155600766
absolute-314382,absolute-314382,multi,18,centered_weighted_norm_ratio,18,0,0.024196285721638202,0.017833382415591976,0.006523949687927081,0.1595413765984789
absolute-314382,absolute-314382,multi,18,centered_dmc_descent_factor,18,0,0.9907497095780646,0.9984640474542723,0.8622735969131379,1.0122696128115973
absolute-314382,absolute-314382,singleton,8,absolute_conflict,8,0,0.375,0.0,False,True
absolute-314382,absolute-314382,singleton,8,absolute_strong_conflict,8,0,0.375,0.0,False,True
absolute-314382,absolute-314382,singleton,8,absolute_reverse_dmc,8,0,0,0.0,False,False
absolute-314382,absolute-314382,singleton,8,centered_conflict,0,8,,,,
absolute-314382,absolute-314382,singleton,8,centered_strong_conflict,0,8,,,,
absolute-314382,absolute-314382,singleton,8,centered_reverse_dmc,8,0,0,0.0,False,False
absolute-314382,absolute-314382,singleton,8,model_span,8,0,0.0,0.0,0.0,0.0
absolute-314382,absolute-314382,singleton,8,model_top_gap,0,8,,,,
absolute-314382,absolute-314382,singleton,8,teacher_top_gap,0,8,,,,
absolute-314382,absolute-314382,singleton,8,top1,8,0,1,1.0,1,1
absolute-314382,absolute-314382,singleton,8,teacher_regret,8,0,0.0,0.0,0.0,0.0
absolute-314382,absolute-314382,singleton,8,saturation_fraction,8,0,0.0,0.0,0.0,0.0
absolute-314382,absolute-314382,singleton,8,tanh_slope_mean,8,0,0.9685595651648585,0.9823776788303311,0.8960243561159587,0.9999964292743104
absolute-314382,absolute-314382,singleton,8,loss_dmc,8,0,0.9824861288070679,1.036489725112915,0.4590705633163452,1.3767706155776978
absolute-314382,absolute-314382,singleton,8,loss_absolute,8,0,0.03144043552021003,0.017622320912778378,3.570725766621763e-06,0.10397564619779587
absolute-314382,absolute-314382,singleton,8,loss_centered,8,0,0.0,0.0,0.0,0.0
absolute-314382,absolute-314382,singleton,8,absolute_cosine,8,0,0.2499999999999994,0.9999999999999978,-0.999999999999999,0.9999999999999988
absolute-314382,absolute-314382,singleton,8,absolute_weighted_norm_ratio,8,0,0.01644027454020629,0.010793393400826587,0.00018860725394844656,0.04759113855404106
absolute-314382,absolute-314382,singleton,8,absolute_dmc_descent_factor,8,0,0.9935197270325209,1.0017393250085664,0.952408861445959,1.0147745694721224
absolute-314382,absolute-314382,singleton,8,centered_cosine,0,8,,,,
absolute-314382,absolute-314382,singleton,8,centered_weighted_norm_ratio,8,0,0.0,0.0,0.0,0.0
absolute-314382,absolute-314382,singleton,8,centered_dmc_descent_factor,8,0,1.0,1.0,1.0,1.0
absolute-314382,centered-314382,all,26,absolute_conflict,26,0,0.6538461538461539,1.0,False,True
absolute-314382,centered-314382,all,26,absolute_strong_conflict,26,0,0.6538461538461539,1.0,False,True
absolute-314382,centered-314382,all,26,absolute_reverse_dmc,26,0,0.038461538461538464,0.0,False,True
absolute-314382,centered-314382,all,26,centered_conflict,18,8,0.3888888888888889,0.0,False,True
absolute-314382,centered-314382,all,26,centered_strong_conflict,18,8,0.2777777777777778,0.0,False,True
absolute-314382,centered-314382,all,26,centered_reverse_dmc,26,0,0,0.0,False,False
absolute-314382,centered-314382,all,26,model_span,26,0,0.07715793892454642,0.047164659947156906,0.0,0.2880661189556122
absolute-314382,centered-314382,all,26,model_top_gap,18,8,0.026754660454268258,0.006237637251615524,0.0005162358283996582,0.2880661189556122
absolute-314382,centered-314382,all,26,teacher_top_gap,18,8,0.3391827477349175,0.006634622812271118,0.0,1.600000023841858
absolute-314382,centered-314382,all,26,top1,26,0,0.6153846153846154,1.0,0,1
absolute-314382,centered-314382,all,26,teacher_regret,26,0,0.09774527354882313,0.0,0.0,1.530980408191681
absolute-314382,centered-314382,all,26,saturation_fraction,26,0,0.038461538461538464,0.0,0.0,1.0
absolute-314382,centered-314382,all,26,tanh_slope_mean,26,0,0.9460464184939036,0.9912758510987854,0.03418066635213298,0.9999868323738016
absolute-314382,centered-314382,all,26,loss_dmc,26,0,0.9021555289811938,0.9017302393913269,0.0003753339115064591,1.3683984279632568
absolute-314382,centered-314382,all,26,loss_absolute,26,0,0.4599739821683565,0.4625155031681061,1.316762609349098e-05,2.7739953994750977
absolute-314382,centered-314382,all,26,loss_centered,26,0,0.2681462031144362,0.3033672124147415,0.0,0.6238682866096497
absolute-314382,centered-314382,all,26,absolute_cosine,26,0,-0.2533739528265963,-0.8565773347580972,-0.9999999999999989,0.9999999999999991
absolute-314382,centered-314382,all,26,absolute_weighted_norm_ratio,26,0,0.32089903072522846,0.027415074009655115,0.0003641937972681607,7.565787851938597
absolute-314382,centered-314382,all,26,absolute_dmc_descent_factor,26,0,0.7057794694094459,0.9903570874486404,-6.423165425159181,1.0594961219141172
absolute-314382,centered-314382,all,26,centered_cosine,18,8,-0.05311025451765848,0.04254223547044327,-0.953583112592257,0.5523469667860703
absolute-314382,centered-314382,all,26,centered_weighted_norm_ratio,26,0,0.026064039132090953,0.011536794122457577,0.0,0.416937700028269
absolute-314382,centered-314382,all,26,centered_dmc_descent_factor,26,0,0.984918278087523,1.0,0.6024152502499864,1.0104915804381653
absolute-314382,centered-314382,multi,18,absolute_conflict,18,0,0.6666666666666666,1.0,False,True
absolute-314382,centered-314382,multi,18,absolute_strong_conflict,18,0,0.6666666666666666,1.0,False,True
absolute-314382,centered-314382,multi,18,absolute_reverse_dmc,18,0,0.05555555555555555,0.0,False,True
absolute-314382,centered-314382,multi,18,centered_conflict,18,0,0.3888888888888889,0.0,False,True
absolute-314382,centered-314382,multi,18,centered_strong_conflict,18,0,0.2777777777777778,0.0,False,True
absolute-314382,centered-314382,multi,18,centered_reverse_dmc,18,0,0,0.0,False,False
absolute-314382,centered-314382,multi,18,model_span,18,0,0.11145035622434483,0.09026169218122959,0.011497855186462402,0.2880661189556122
absolute-314382,centered-314382,multi,18,model_top_gap,18,0,0.026754660454268258,0.006237637251615524,0.0005162358283996582,0.2880661189556122
absolute-314382,centered-314382,multi,18,teacher_top_gap,18,0,0.3391827477349175,0.006634622812271118,0.0,1.600000023841858
absolute-314382,centered-314382,multi,18,top1,18,0,0.4444444444444444,0.0,0,1
absolute-314382,centered-314382,multi,18,teacher_regret,18,0,0.1411876173483001,0.004494696855545044,0.0,1.530980408191681
absolute-314382,centered-314382,multi,18,saturation_fraction,18,0,0.05555555555555555,0.0,0.0,1.0
absolute-314382,centered-314382,multi,18,tanh_slope_mean,18,0,0.9269262453588214,0.9911022350502776,0.03418066635213298,0.998429498024235
absolute-314382,centered-314382,multi,18,loss_dmc,18,0,0.8543167728785193,0.8716471195220947,0.0003753339115064591,1.268067479133606
absolute-314382,centered-314382,multi,18,loss_absolute,18,0,0.6595476667086283,0.5462267100811005,0.2840455174446106,2.7739953994750977
absolute-314382,centered-314382,multi,18,loss_centered,18,0,0.387322293387519,0.40625864267349243,0.1599542200565338,0.6238682866096497
absolute-314382,centered-314382,multi,18,absolute_cosine,18,0,-0.25487348741619487,-0.6806308781508792,-0.9897923448914364,0.9920714624373501
absolute-314382,centered-314382,multi,18,absolute_weighted_norm_ratio,18,0,0.4594654994834092,0.0417648815728557,0.009830696387815486,7.565787851938597
absolute-314382,centered-314382,multi,18,absolute_dmc_descent_factor,18,0,0.5755267322858907,0.980915509535898,-6.423165425159181,1.0594961219141172
absolute-314382,centered-314382,multi,18,centered_cosine,18,0,-0.05311025451765848,0.04254223547044327,-0.953583112592257,0.5523469667860703
absolute-314382,centered-314382,multi,18,centered_weighted_norm_ratio,18,0,0.037648056524131376,0.013416005676973767,0.0055412452441404615,0.416937700028269
absolute-314382,centered-314382,multi,18,centered_dmc_descent_factor,18,0,0.9782152905708665,1.000599943720218,0.6024152502499864,1.0104915804381653
absolute-314382,centered-314382,singleton,8,absolute_conflict,8,0,0.625,1.0,False,True
absolute-314382,centered-314382,singleton,8,absolute_strong_conflict,8,0,0.625,1.0,False,True
absolute-314382,centered-314382,singleton,8,absolute_reverse_dmc,8,0,0,0.0,False,False
absolute-314382,centered-314382,singleton,8,centered_conflict,0,8,,,,
absolute-314382,centered-314382,singleton,8,centered_strong_conflict,0,8,,,,
absolute-314382,centered-314382,singleton,8,centered_reverse_dmc,8,0,0,0.0,False,False
absolute-314382,centered-314382,singleton,8,model_span,8,0,0.0,0.0,0.0,0.0
absolute-314382,centered-314382,singleton,8,model_top_gap,0,8,,,,
absolute-314382,centered-314382,singleton,8,teacher_top_gap,0,8,,,,
absolute-314382,centered-314382,singleton,8,top1,8,0,1,1.0,1,1
absolute-314382,centered-314382,singleton,8,teacher_regret,8,0,0.0,0.0,0.0,0.0
absolute-314382,centered-314382,singleton,8,saturation_fraction,8,0,0.0,0.0,0.0,0.0
absolute-314382,centered-314382,singleton,8,tanh_slope_mean,8,0,0.9890668080478388,0.9915703747428619,0.9711728537748092,0.9999868323738016
absolute-314382,centered-314382,singleton,8,loss_dmc,8,0,1.0097927302122116,0.9658472537994385,0.7150906920433044,1.3683984279632568
absolute-314382,centered-314382,singleton,8,loss_absolute,8,0,0.010933191952744892,0.008429625304415822,1.316762609349098e-05,0.02882714569568634
absolute-314382,centered-314382,singleton,8,loss_centered,8,0,0.0,0.0,0.0,0.0
absolute-314382,centered-314382,singleton,8,absolute_cosine,8,0,-0.2499999999999995,-0.9999999999999979,-0.9999999999999989,0.9999999999999991
absolute-314382,centered-314382,singleton,8,absolute_weighted_norm_ratio,8,0,0.009124476019321742,0.008999445742061851,0.0003641937972681607,0.018254981268622572
absolute-314382,centered-314382,singleton,8,absolute_dmc_descent_factor,8,0,0.9988481279374454,0.9982177070219183,0.9817450187313774,1.0145142476555244
absolute-314382,centered-314382,singleton,8,centered_cosine,0,8,,,,
absolute-314382,centered-314382,singleton,8,centered_weighted_norm_ratio,8,0,0.0,0.0,0.0,0.0
absolute-314382,centered-314382,singleton,8,centered_dmc_descent_factor,8,0,1.0,1.0,1.0,1.0
centered-314382,teacher-314380,all,26,absolute_conflict,26,0,0.5769230769230769,1.0,False,True
centered-314382,teacher-314380,all,26,absolute_strong_conflict,26,0,0.5769230769230769,1.0,False,True
centered-314382,teacher-314380,all,26,absolute_reverse_dmc,26,0,0,0.0,False,False
centered-314382,teacher-314380,all,26,centered_conflict,11,15,0.8181818181818182,True,False,True
centered-314382,teacher-314380,all,26,centered_strong_conflict,11,15,0.6363636363636364,True,False,True
centered-314382,teacher-314380,all,26,centered_reverse_dmc,26,0,0,0.0,False,False
centered-314382,teacher-314380,all,26,model_span,26,0,0.3398968353867531,0.0,0.0,1.2353072762489319
centered-314382,teacher-314380,all,26,model_top_gap,11,15,0.1606976261193102,0.05584514141082764,0.0031900405883789062,1.004659742116928
centered-314382,teacher-314380,all,26,teacher_top_gap,11,15,0.3606731084768068,0.018972337245941162,0.0,1.600000023841858
centered-314382,teacher-314380,all,26,top1,26,0,0.9230769230769231,1.0,0,1
centered-314382,teacher-314380,all,26,teacher_regret,26,0,0.00016363079731280988,0.0,0.0,0.003216087818145752
centered-314382,teacher-314380,all,26,saturation_fraction,26,0,0.0,0.0,0.0,0.0
centered-314382,teacher-314380,all,26,tanh_slope_mean,26,0,0.8526740870349423,0.9920046226067256,0.4048038266759288,0.9999580489450559
centered-314382,teacher-314380,all,26,loss_dmc,26,0,1.4633678667462215,0.9922773838043213,0.010335146449506283,3.529438018798828
centered-314382,teacher-314380,all,26,loss_absolute,26,0,0.09313571497225964,0.007995377760380507,4.1951054299715906e-05,0.44759708642959595
centered-314382,teacher-314380,all,26,loss_centered,26,0,0.05012007974661314,0.0,0.0,0.2538507878780365
centered-314382,teacher-314380,all,26,absolute_cosine,26,0,-0.19429557023508603,-0.5843146084117832,-0.9999999999999989,0.9999999999999989
centered-314382,teacher-314380,all,26,absolute_weighted_norm_ratio,26,0,0.03464717686927164,0.00871517588004492,0.0006435281599268374,0.4742395267469462
centered-314382,teacher-314380,all,26,absolute_dmc_descent_factor,26,0,0.9893478202157143,0.997621433289144,0.7498732385812112,1.0793348349907466
centered-314382,teacher-314380,all,26,centered_cosine,11,15,-0.2769669074976998,-0.1999180688399367,-0.8297585622777014,0.3739121302778812
centered-314382,teacher-314380,all,26,centered_weighted_norm_ratio,26,0,0.013947445225813095,0.0,0.0,0.26119112952847734
centered-314382,teacher-314380,all,26,centered_dmc_descent_factor,26,0,0.9984905163043691,1.0,0.9885232558572702,1.0021247869229137
centered-314382,teacher-314380,multi,11,absolute_conflict,11,0,0.45454545454545453,False,False,True
centered-314382,teacher-314380,multi,11,absolute_strong_conflict,11,0,0.45454545454545453,False,False,True
centered-314382,teacher-314380,multi,11,absolute_reverse_dmc,11,0,0,False,False,False
centered-314382,teacher-314380,multi,11,centered_conflict,11,0,0.8181818181818182,True,False,True
centered-314382,teacher-314380,multi,11,centered_strong_conflict,11,0,0.6363636363636364,True,False,True
centered-314382,teacher-314380,multi,11,centered_reverse_dmc,11,0,0,False,False,False
centered-314382,teacher-314380,multi,11,model_span,11,0,0.8033925200050528,1.004659742116928,0.19125665724277496,1.2353072762489319
centered-314382,teacher-314380,multi,11,model_top_gap,11,0,0.1606976261193102,0.05584514141082764,0.0031900405883789062,1.004659742116928
centered-314382,teacher-314380,multi,11,teacher_top_gap,11,0,0.3606731084768068,0.018972337245941162,0.0,1.600000023841858
centered-314382,teacher-314380,multi,11,top1,11,0,0.8181818181818182,1,0,1
centered-314382,teacher-314380,multi,11,teacher_regret,11,0,0.0003867637027393688,0.0,0.0,0.003216087818145752
centered-314382,teacher-314380,multi,11,saturation_fraction,11,0,0.0,0.0,0.0,0.0
centered-314382,teacher-314380,multi,11,tanh_slope_mean,11,0,0.6575524798443089,0.6060253777655258,0.4048038266759288,0.9560484333950431
centered-314382,teacher-314380,multi,11,loss_dmc,11,0,2.1695964254269544,3.030517578125,0.010335146449506283,3.529438018798828
centered-314382,teacher-314380,multi,11,loss_absolute,11,0,0.21436159752986647,0.20720216631889343,0.018462885171175003,0.44759708642959595
centered-314382,teacher-314380,multi,11,loss_centered,11,0,0.11846564303744923,0.08860751986503601,0.018442519009113312,0.2538507878780365
centered-314382,teacher-314380,multi,11,absolute_cosine,11,0,-0.0046986205556588745,0.30501900757569095,-0.9797651350556615,0.9267041110208325
centered-314382,teacher-314380,multi,11,absolute_weighted_norm_ratio,11,0,0.07408257314026064,0.02564545031272717,0.0028792488729479466,0.4742395267469462
centered-314382,teacher-314380,multi,11,absolute_dmc_descent_factor,11,0,0.9794541755844026,1.0037237443569607,0.7498732385812112,1.0793348349907466
centered-314382,teacher-314380,multi,11,centered_cosine,11,0,-0.2769669074976998,-0.1999180688399367,-0.8297585622777014,0.3739121302778812
centered-314382,teacher-314380,multi,11,centered_weighted_norm_ratio,11,0,0.032966688715558225,0.009583057054783118,0.002753204528489177,0.26119112952847734
centered-314382,teacher-314380,multi,11,centered_dmc_descent_factor,11,0,0.9964321294466908,0.997136574622691,0.9885232558572702,1.0021247869229137
centered-314382,teacher-314380,singleton,15,absolute_conflict,15,0,0.6666666666666666,True,False,True
centered-314382,teacher-314380,singleton,15,absolute_strong_conflict,15,0,0.6666666666666666,True,False,True
centered-314382,teacher-314380,singleton,15,absolute_reverse_dmc,15,0,0,False,False,False
centered-314382,teacher-314380,singleton,15,centered_conflict,0,15,,,,
centered-314382,teacher-314380,singleton,15,centered_strong_conflict,0,15,,,,
centered-314382,teacher-314380,singleton,15,centered_reverse_dmc,15,0,0,False,False,False
centered-314382,teacher-314380,singleton,15,model_span,15,0,0.0,0.0,0.0,0.0
centered-314382,teacher-314380,singleton,15,model_top_gap,0,15,,,,
centered-314382,teacher-314380,singleton,15,teacher_top_gap,0,15,,,,
centered-314382,teacher-314380,singleton,15,top1,15,0,1,1,1,1
centered-314382,teacher-314380,singleton,15,teacher_regret,15,0,0.0,0.0,0.0,0.0
centered-314382,teacher-314380,singleton,15,saturation_fraction,15,0,0.0,0.0,0.0,0.0
centered-314382,teacher-314380,singleton,15,tanh_slope_mean,15,0,0.9957632656414067,0.9977698888890529,0.9791063929532378,0.9999580489450559
centered-314382,teacher-314380,singleton,15,loss_dmc,15,0,0.9454669237136841,0.9364839196205139,0.7318012118339539,1.1863499879837036
centered-314382,teacher-314380,singleton,15,loss_absolute,15,0,0.004236734430014622,0.0022301110439002514,4.1951054299715906e-05,0.020893607288599014
centered-314382,teacher-314380,singleton,15,loss_centered,15,0,0.0,0.0,0.0,0.0
centered-314382,teacher-314380,singleton,15,absolute_cosine,15,0,-0.3333333333333326,-0.9999999999999978,-0.9999999999999989,0.9999999999999989
centered-314382,teacher-314380,singleton,15,absolute_weighted_norm_ratio,15,0,0.005727886270546383,0.004848588944247523,0.0006435281599268374,0.01689702155093406
centered-314382,teacher-314380,singleton,15,absolute_dmc_descent_factor,15,0,0.9966031596120096,0.9966644304799751,0.9831029784490659,1.0081892430307593
centered-314382,teacher-314380,singleton,15,centered_cosine,0,15,,,,
centered-314382,teacher-314380,singleton,15,centered_weighted_norm_ratio,15,0,0.0,0.0,0.0,0.0
centered-314382,teacher-314380,singleton,15,centered_dmc_descent_factor,15,0,1.0,1.0,1.0,1.0
centered-314382,absolute-314380,all,26,absolute_conflict,26,0,0.5384615384615384,1.0,False,True
centered-314382,absolute-314380,all,26,absolute_strong_conflict,26,0,0.5384615384615384,1.0,False,True
centered-314382,absolute-314380,all,26,absolute_reverse_dmc,26,0,0,0.0,False,False
centered-314382,absolute-314380,all,26,centered_conflict,11,15,0.7272727272727273,True,False,True
centered-314382,absolute-314380,all,26,centered_strong_conflict,11,15,0.7272727272727273,True,False,True
centered-314382,absolute-314380,all,26,centered_reverse_dmc,26,0,0,0.0,False,False
centered-314382,absolute-314380,all,26,model_span,26,0,0.07146035299564783,0.0,0.0,0.5294620022177696
centered-314382,absolute-314380,all,26,model_top_gap,11,15,0.036213646388866684,0.018416166305541992,0.00013362616300582886,0.1348520815372467
centered-314382,absolute-314380,all,26,teacher_top_gap,11,15,0.3606731084768068,0.018972337245941162,0.0,1.600000023841858
centered-314382,absolute-314380,all,26,top1,26,0,0.8076923076923077,1.0,0,1
centered-314382,absolute-314380,all,26,teacher_regret,26,0,0.11222952976822853,0.0,0.0,1.5083004236221313
centered-314382,absolute-314380,all,26,saturation_fraction,26,0,0.0,0.0,0.0,0.0
centered-314382,absolute-314380,all,26,tanh_slope_mean,26,0,0.9529980960572301,0.9852130527321328,0.708203440252935,0.9983507210902763
centered-314382,absolute-314380,all,26,loss_dmc,26,0,1.002409700017709,1.0253567695617676,0.2697003185749054,2.0951037406921387
centered-314382,absolute-314380,all,26,loss_absolute,26,0,0.2582434038542068,0.10243720561265945,0.0031218419317156076,1.1162526607513428
centered-314382,absolute-314380,all,26,loss_centered,26,0,0.14376455488113257,0.0,0.0,0.5568931102752686
centered-314382,absolute-314380,all,26,absolute_cosine,26,0,-0.09296287580148777,-0.6607752986760068,-0.9999999999999989,0.999999999999999
centered-314382,absolute-314380,all,26,absolute_weighted_norm_ratio,26,0,0.03322120370449542,0.021210472721236925,0.005918004003067089,0.15046018304996586
centered-314382,absolute-314380,all,26,absolute_dmc_descent_factor,26,0,0.9874615746924158,0.9935608357552902,0.8507095114429672,1.0498769285055156
centered-314382,absolute-314380,all,26,centered_cosine,11,15,-0.18392846686165443,-0.20622458928877874,-0.771204678814807,0.42370332987539194
centered-314382,absolute-314380,all,26,centered_weighted_norm_ratio,26,0,0.005583638690338174,0.0,0.0,0.02996377185457709
centered-314382,absolute-314380,all,26,centered_dmc_descent_factor,26,0,0.9985486956492,1.0,0.9768917989508107,1.0084226596484676
centered-314382,absolute-314380,multi,11,absolute_conflict,11,0,0.5454545454545454,True,False,True
centered-314382,absolute-314380,multi,11,absolute_strong_conflict,11,0,0.5454545454545454,True,False,True
centered-314382,absolute-314380,multi,11,absolute_reverse_dmc,11,0,0,False,False,False
centered-314382,absolute-314380,multi,11,centered_conflict,11,0,0.7272727272727273,True,False,True
centered-314382,absolute-314380,multi,11,centered_strong_conflict,11,0,0.7272727272727273,True,False,True
centered-314382,absolute-314380,multi,11,centered_reverse_dmc,11,0,0,False,False,False
centered-314382,absolute-314380,multi,11,model_span,11,0,0.16890628889880396,0.132712259888649,0.03520506992936134,0.5294620022177696
centered-314382,absolute-314380,multi,11,model_top_gap,11,0,0.036213646388866684,0.018416166305541992,0.00013362616300582886,0.1348520815372467
centered-314382,absolute-314380,multi,11,teacher_top_gap,11,0,0.3606731084768068,0.018972337245941162,0.0,1.600000023841858
centered-314382,absolute-314380,multi,11,top1,11,0,0.5454545454545454,1,0,1
centered-314382,absolute-314380,multi,11,teacher_regret,11,0,0.2652697976339947,0.0,0.0,1.5083004236221313
centered-314382,absolute-314380,multi,11,saturation_fraction,11,0,0.0,0.0,0.0,0.0
centered-314382,absolute-314380,multi,11,tanh_slope_mean,11,0,0.9489591775990593,0.9904249138152887,0.708203440252935,0.9983507210902763
centered-314382,absolute-314380,multi,11,loss_dmc,11,0,1.019779321822253,1.054020881652832,0.2697003185749054,2.0951037406921387
centered-314382,absolute-314380,multi,11,loss_absolute,11,0,0.5503389130939137,0.5241771936416626,0.32367056608200073,1.1162526607513428
centered-314382,absolute-314380,multi,11,loss_centered,11,0,0.3398071297190406,0.3369419276714325,0.09580561518669128,0.5568931102752686
centered-314382,absolute-314380,multi,11,absolute_cosine,11,0,-0.12882134280351687,-0.35184571582709634,-0.992225886814556,0.9441680575490293
centered-314382,absolute-314380,multi,11,absolute_weighted_norm_ratio,11,0,0.049744461582751545,0.05037751340354007,0.009952832209393707,0.15046018304996586
centered-314382,absolute-314380,multi,11,absolute_dmc_descent_factor,11,0,0.98160645357799,0.9930396755136475,0.8507095114429672,1.0498769285055156
centered-314382,absolute-314380,multi,11,centered_cosine,11,0,-0.18392846686165443,-0.20622458928877874,-0.771204678814807,0.42370332987539194
centered-314382,absolute-314380,multi,11,centered_weighted_norm_ratio,11,0,0.01319769144989023,0.010720459865368867,0.004004563514771337,0.02996377185457709
centered-314382,absolute-314380,multi,11,centered_dmc_descent_factor,11,0,0.9965696442617457,0.9981071799514817,0.9768917989508107,1.0084226596484676
centered-314382,absolute-314380,singleton,15,absolute_conflict,15,0,0.5333333333333333,True,False,True
centered-314382,absolute-314380,singleton,15,absolute_strong_conflict,15,0,0.5333333333333333,True,False,True
centered-314382,absolute-314380,singleton,15,absolute_reverse_dmc,15,0,0,False,False,False
centered-314382,absolute-314380,singleton,15,centered_conflict,0,15,,,,
centered-314382,absolute-314380,singleton,15,centered_strong_conflict,0,15,,,,
centered-314382,absolute-314380,singleton,15,centered_reverse_dmc,15,0,0,False,False,False
centered-314382,absolute-314380,singleton,15,model_span,15,0,0.0,0.0,0.0,0.0
centered-314382,absolute-314380,singleton,15,model_top_gap,0,15,,,,
centered-314382,absolute-314380,singleton,15,teacher_top_gap,0,15,,,,
centered-314382,absolute-314380,singleton,15,top1,15,0,1,1,1,1
centered-314382,absolute-314380,singleton,15,teacher_regret,15,0,0.0,0.0,0.0,0.0
centered-314382,absolute-314380,singleton,15,saturation_fraction,15,0,0.0,0.0,0.0,0.0
centered-314382,absolute-314380,singleton,15,tanh_slope_mean,15,0,0.9559599695932219,0.9836108901656138,0.85151500973405,0.9968781580134776
centered-314382,absolute-314380,singleton,15,loss_dmc,15,0,0.9896719773610433,0.891374945640564,0.3778100311756134,1.670904517173767
centered-314382,absolute-314380,singleton,15,loss_absolute,15,0,0.04404003041175505,0.016389109194278717,0.0031218419317156076,0.1484849900007248
centered-314382,absolute-314380,singleton,15,loss_centered,15,0,0.0,0.0,0.0,0.0
centered-314382,absolute-314380,singleton,15,absolute_cosine,15,0,-0.06666666666666643,-0.9999999999999977,-0.9999999999999989,0.999999999999999
centered-314382,absolute-314380,singleton,15,absolute_weighted_norm_ratio,15,0,0.02110414792710759,0.011349085463508778,0.005918004003067089,0.06269090582263932
centered-314382,absolute-314380,singleton,15,absolute_dmc_descent_factor,15,0,0.9917553301763281,0.9940819959969329,0.9373090941773607,1.0226386255981332
centered-314382,absolute-314380,singleton,15,centered_cosine,0,15,,,,
centered-314382,absolute-314380,singleton,15,centered_weighted_norm_ratio,15,0,0.0,0.0,0.0,0.0
centered-314382,absolute-314380,singleton,15,centered_dmc_descent_factor,15,0,1.0,1.0,1.0,1.0
centered-314382,centered-314380,all,26,absolute_conflict,26,0,0.5,0.5,False,True
centered-314382,centered-314380,all,26,absolute_strong_conflict,26,0,0.5,0.5,False,True
centered-314382,centered-314380,all,26,absolute_reverse_dmc,26,0,0,0.0,False,False
centered-314382,centered-314380,all,26,centered_conflict,11,15,0.6363636363636364,True,False,True
centered-314382,centered-314380,all,26,centered_strong_conflict,11,15,0.36363636363636365,False,False,True
centered-314382,centered-314380,all,26,centered_reverse_dmc,26,0,0,0.0,False,False
centered-314382,centered-314380,all,26,model_span,26,0,0.046465546591207385,0.0,0.0,0.472175270318985
centered-314382,centered-314380,all,26,model_top_gap,11,15,0.024648934856734493,0.009082186035811901,0.0004741400480270386,0.16789689660072327
centered-314382,centered-314380,all,26,teacher_top_gap,11,15,0.3606731084768068,0.018972337245941162,0.0,1.600000023841858
centered-314382,centered-314380,all,26,top1,26,0,0.7692307692307693,1.0,0,1
centered-314382,centered-314380,all,26,teacher_regret,26,0,0.05542154638813092,0.0,0.0,0.9142857268452644
centered-314382,centered-314380,all,26,saturation_fraction,26,0,0.0,0.0,0.0,0.0
centered-314382,centered-314380,all,26,tanh_slope_mean,26,0,0.9785344101465256,0.995626159989872,0.8404295047938533,0.9999971187166435
centered-314382,centered-314380,all,26,loss_dmc,26,0,1.050839983499967,1.01740962266922,0.4469984173774719,1.7452890872955322
centered-314382,centered-314380,all,26,loss_absolute,26,0,0.23372455379657928,0.018979842774569988,2.8812833079427946e-06,0.8879014253616333
centered-314382,centered-314380,all,26,loss_centered,26,0,0.15420671867636535,0.0,0.0,0.6147487759590149
centered-314382,centered-314380,all,26,absolute_cosine,26,0,0.021167067861464307,0.24409019593593312,-0.999999999999999,0.9999999999999989
centered-314382,centered-314380,all,26,absolute_weighted_norm_ratio,26,0,0.02275345578350945,0.013112148983513934,0.00016945579289009204,0.10235524048791672
centered-314382,centered-314380,all,26,absolute_dmc_descent_factor,26,0,0.9961719454588851,0.9999728063908924,0.9000382450804234,1.0467006765587128
centered-314382,centered-314380,all,26,centered_cosine,11,15,-0.09708584608395066,-0.05580666835173871,-0.5289715666543114,0.14620912975815786
centered-314382,centered-314380,all,26,centered_weighted_norm_ratio,26,0,0.005324234824635312,0.0,0.0,0.028011938722576603
centered-314382,centered-314380,all,26,centered_dmc_descent_factor,26,0,0.9988872296887692,1.0,0.985182480888894,1.0019251465232426
centered-314382,centered-314380,multi,11,absolute_conflict,11,0,0.5454545454545454,True,False,True
centered-314382,centered-314380,multi,11,absolute_strong_conflict,11,0,0.5454545454545454,True,False,True
centered-314382,centered-314380,multi,11,absolute_reverse_dmc,11,0,0,False,False,False
centered-314382,centered-314380,multi,11,centered_conflict,11,0,0.6363636363636364,True,False,True
centered-314382,centered-314380,multi,11,centered_strong_conflict,11,0,0.36363636363636365,False,False,True
centered-314382,centered-314380,multi,11,centered_reverse_dmc,11,0,0,False,False,False
centered-314382,centered-314380,multi,11,model_span,11,0,0.10982765557921746,0.059866559226065874,0.020328640937805176,0.472175270318985
centered-314382,centered-314380,multi,11,model_top_gap,11,0,0.024648934856734493,0.009082186035811901,0.0004741400480270386,0.16789689660072327
centered-314382,centered-314380,multi,11,teacher_top_gap,11,0,0.3606731084768068,0.018972337245941162,0.0,1.600000023841858
centered-314382,centered-314380,multi,11,top1,11,0,0.45454545454545453,0,0,1
centered-314382,centered-314380,multi,11,teacher_regret,11,0,0.1309963823719458,0.0010383129119873047,0.0,0.9142857268452644
centered-314382,centered-314380,multi,11,saturation_fraction,11,0,0.0,0.0,0.0,0.0
centered-314382,centered-314380,multi,11,tanh_slope_mean,11,0,0.9596830480295399,0.9874810351720966,0.8404295047938533,0.9997148733954822
centered-314382,centered-314380,multi,11,loss_dmc,11,0,1.083397019993175,1.0314215421676636,0.4469984173774719,1.7452890872955322
centered-314382,centered-314380,multi,11,loss_absolute,11,0,0.5420199578458612,0.5854706764221191,0.26935938000679016,0.8879014253616333
centered-314382,centered-314380,multi,11,loss_centered,11,0,0.3644886077804999,0.3466191291809082,0.09065503627061844,0.6147487759590149
centered-314382,centered-314380,multi,11,absolute_cosine,11,0,-0.040877839600175284,-0.35910063655237756,-0.9885059894898566,0.9768677002793715
centered-314382,centered-314380,multi,11,absolute_weighted_norm_ratio,11,0,0.044261510648463384,0.03827532673688703,0.01962323470638069,0.10235524048791672
centered-314382,centered-314380,multi,11,absolute_dmc_descent_factor,11,0,0.990705921365609,0.992953283925722,0.9000382450804234,1.0467006765587128
centered-314382,centered-314380,multi,11,centered_cosine,11,0,-0.09708584608395066,-0.05580666835173871,-0.5289715666543114,0.14620912975815786
centered-314382,centered-314380,multi,11,centered_weighted_norm_ratio,11,0,0.012584555040047102,0.008236164810540085,0.0034777176272772293,0.028011938722576603
centered-314382,centered-314380,multi,11,centered_dmc_descent_factor,11,0,0.9973698156279999,0.9997454805310461,0.985182480888894,1.0019251465232426
centered-314382,centered-314380,singleton,15,absolute_conflict,15,0,0.4666666666666667,False,False,True
centered-314382,centered-314380,singleton,15,absolute_strong_conflict,15,0,0.4666666666666667,False,False,True
centered-314382,centered-314380,singleton,15,absolute_reverse_dmc,15,0,0,False,False,False
centered-314382,centered-314380,singleton,15,centered_conflict,0,15,,,,
centered-314382,centered-314380,singleton,15,centered_strong_conflict,0,15,,,,
centered-314382,centered-314380,singleton,15,centered_reverse_dmc,15,0,0,False,False,False
centered-314382,centered-314380,singleton,15,model_span,15,0,0.0,0.0,0.0,0.0
centered-314382,centered-314380,singleton,15,model_top_gap,0,15,,,,
centered-314382,centered-314380,singleton,15,teacher_top_gap,0,15,,,,
centered-314382,centered-314380,singleton,15,top1,15,0,1,1,1,1
centered-314382,centered-314380,singleton,15,teacher_regret,15,0,0.0,0.0,0.0,0.0
centered-314382,centered-314380,singleton,15,saturation_fraction,15,0,0.0,0.0,0.0,0.0
centered-314382,centered-314380,singleton,15,tanh_slope_mean,15,0,0.9923587423656487,0.9960872168367265,0.9661627841693823,0.9999971187166435
centered-314382,centered-314380,singleton,15,loss_dmc,15,0,1.026964823404948,1.0033977031707764,0.6659393310546875,1.3472357988357544
centered-314382,centered-314380,singleton,15,loss_absolute,15,0,0.007641257493772476,0.003912783227860928,2.8812833079427946e-06,0.0338372141122818
centered-314382,centered-314380,singleton,15,loss_centered,15,0,0.0,0.0,0.0,0.0
centered-314382,centered-314380,singleton,15,absolute_cosine,15,0,0.06666666666666668,0.9999999999999982,-0.999999999999999,0.9999999999999989
centered-314382,centered-314380,singleton,15,absolute_weighted_norm_ratio,15,0,0.006980882215876569,0.006501285288229545,0.00016945579289009204,0.022541352116668138
centered-314382,centered-314380,singleton,15,absolute_dmc_descent_factor,15,0,1.0001803631272874,1.0001694557928902,0.9774586478833319,1.013845449866025
centered-314382,centered-314380,singleton,15,centered_cosine,0,15,,,,
centered-314382,centered-314380,singleton,15,centered_weighted_norm_ratio,15,0,0.0,0.0,0.0,0.0
centered-314382,centered-314380,singleton,15,centered_dmc_descent_factor,15,0,1.0,1.0,1.0,1.0
centered-314382,teacher-314381,all,26,absolute_conflict,26,0,0.6153846153846154,1.0,False,True
centered-314382,teacher-314381,all,26,absolute_strong_conflict,26,0,0.6153846153846154,1.0,False,True
centered-314382,teacher-314381,all,26,absolute_reverse_dmc,26,0,0,0.0,False,False
centered-314382,teacher-314381,all,26,centered_conflict,11,15,0.7272727272727273,True,False,True
centered-314382,teacher-314381,all,26,centered_strong_conflict,11,15,0.7272727272727273,True,False,True
centered-314382,teacher-314381,all,26,centered_reverse_dmc,26,0,0,0.0,False,False
centered-314382,teacher-314381,all,26,model_span,26,0,0.36857425403566313,0.0,0.0,1.3207677602767944
centered-314382,teacher-314381,all,26,model_top_gap,11,15,0.17020775267685,0.055511474609375,0.0008574128150939941,1.0405855476856232
centered-314382,teacher-314381,all,26,teacher_top_gap,11,15,0.3606731084768068,0.018972337245941162,0.0,1.600000023841858
centered-314382,teacher-314381,all,26,top1,26,0,0.8846153846153846,1.0,0,1
centered-314382,teacher-314381,all,26,teacher_regret,26,0,0.00040261562053973857,0.0,0.0,0.0062136054039001465
centered-314382,teacher-314381,all,26,saturation_fraction,26,0,0.0,0.0,0.0,0.0
centered-314382,teacher-314381,all,26,tanh_slope_mean,26,0,0.846448760216656,0.9822603738748348,0.44630193794816253,0.9996260682442456
centered-314382,teacher-314381,all,26,loss_dmc,26,0,1.3923931805990064,0.9601028859615326,0.018992414698004723,3.310883045196533
centered-314382,teacher-314381,all,26,loss_absolute,26,0,0.08219675901748885,0.015245221555233002,0.0003739317471627146,0.37552541494369507
centered-314382,teacher-314381,all,26,loss_centered,26,0,0.044690952922862306,0.0,0.0,0.2249094545841217
centered-314382,teacher-314381,all,26,absolute_cosine,26,0,-0.314642550293539,-0.9593044374848596,-0.999999999999999,0.9999999999999982
centered-314382,teacher-314381,all,26,absolute_weighted_norm_ratio,26,0,0.02758463940363255,0.01073770360472591,0.0019718620835509314,0.2910933424775096
centered-314382,teacher-314381,all,26,absolute_dmc_descent_factor,26,0,0.9890068151567731,0.9977017142563953,0.8885744339388745,1.0477629046656396
centered-314382,teacher-314381,all,26,centered_cosine,11,15,-0.3955696335671594,-0.4791794104585506,-0.9107485018266978,0.42704451817973615
centered-314382,teacher-314381,all,26,centered_weighted_norm_ratio,26,0,0.0105228109840476,0.0,0.0,0.184015456416644
centered-314382,teacher-314381,all,26,centered_dmc_descent_factor,26,0,0.9990372591009795,1.0,0.9846565584146012,1.0237160838551007
centered-314382,teacher-314381,multi,11,absolute_conflict,11,0,0.45454545454545453,False,False,True
centered-314382,teacher-314381,multi,11,absolute_strong_conflict,11,0,0.45454545454545453,False,False,True
centered-314382,teacher-314381,multi,11,absolute_reverse_dmc,11,0,0,False,False,False
centered-314382,teacher-314381,multi,11,centered_conflict,11,0,0.7272727272727273,True,False,True
centered-314382,teacher-314381,multi,11,centered_strong_conflict,11,0,0.7272727272727273,True,False,True
centered-314382,teacher-314381,multi,11,centered_reverse_dmc,11,0,0,False,False,False
centered-314382,teacher-314381,multi,11,model_span,11,0,0.8711755095388402,1.0405855476856232,0.2676893835887313,1.3207677602767944
centered-314382,teacher-314381,multi,11,model_top_gap,11,0,0.17020775267685,0.055511474609375,0.0008574128150939941,1.0405855476856232
centered-314382,teacher-314381,multi,11,teacher_top_gap,11,0,0.3606731084768068,0.018972337245941162,0.0,1.600000023841858
centered-314382,teacher-314381,multi,11,top1,11,0,0.7272727272727273,1,0,1
centered-314382,teacher-314381,multi,11,teacher_regret,11,0,0.0009516369212757457,0.0,0.0,0.0062136054039001465
centered-314382,teacher-314381,multi,11,saturation_fraction,11,0,0.0,0.0,0.0,0.0
centered-314382,teacher-314381,multi,11,tanh_slope_mean,11,0,0.6508539563596146,0.6397206480476476,0.44630193794816253,0.9678374408286501
centered-314382,teacher-314381,multi,11,loss_dmc,11,0,2.0570391516455193,3.0936224460601807,0.018992414698004723,3.310883045196533
centered-314382,teacher-314381,multi,11,loss_absolute,11,0,0.18048999831080437,0.16781093180179596,0.008681289851665497,0.37552541494369507
centered-314382,teacher-314381,multi,11,loss_centered,11,0,0.10563316145403819,0.07823614776134491,0.00865538977086544,0.2249094545841217
centered-314382,teacher-314381,multi,11,absolute_cosine,11,0,-0.10733693705745706,0.1857187453399688,-0.9915378556370072,0.8490343639109531
centered-314382,teacher-314381,multi,11,absolute_weighted_norm_ratio,11,0,0.05263245472466244,0.014654306688312869,0.002054863653250636,0.2910933424775096
centered-314382,teacher-314381,multi,11,absolute_dmc_descent_factor,11,0,0.9827942011793795,1.0014684708557187,0.8885744339388745,1.0477629046656396
centered-314382,teacher-314381,multi,11,centered_cosine,11,0,-0.3955696335671594,-0.4791794104585506,-0.9107485018266978,0.42704451817973615
centered-314382,teacher-314381,multi,11,centered_weighted_norm_ratio,11,0,0.024872098689567055,0.009649377945513245,0.002127980397718552,0.184015456416644
centered-314382,teacher-314381,multi,11,centered_dmc_descent_factor,11,0,0.9977244306023153,0.9969021849244356,0.9846565584146012,1.0237160838551007
centered-314382,teacher-314381,singleton,15,absolute_conflict,15,0,0.7333333333333333,True,False,True
centered-314382,teacher-314381,singleton,15,absolute_strong_conflict,15,0,0.7333333333333333,True,False,True
centered-314382,teacher-314381,singleton,15,absolute_reverse_dmc,15,0,0,False,False,False
centered-314382,teacher-314381,singleton,15,centered_conflict,0,15,,,,
centered-314382,teacher-314381,singleton,15,centered_strong_conflict,0,15,,,,
centered-314382,teacher-314381,singleton,15,centered_reverse_dmc,15,0,0,False,False,False
centered-314382,teacher-314381,singleton,15,model_span,15,0,0.0,0.0,0.0,0.0
centered-314382,teacher-314381,singleton,15,model_top_gap,0,15,,,,
centered-314382,teacher-314381,singleton,15,teacher_top_gap,0,15,,,,
centered-314382,teacher-314381,singleton,15,top1,15,0,1,1,1,1
centered-314382,teacher-314381,singleton,15,teacher_regret,15,0,0.0,0.0,0.0,0.0
centered-314382,teacher-314381,singleton,15,saturation_fraction,15,0,0.0,0.0,0.0,0.0
centered-314382,teacher-314381,singleton,15,tanh_slope_mean,15,0,0.9898849497118197,0.9940509968449156,0.9447441873855871,0.9996260682442456
centered-314382,teacher-314381,singleton,15,loss_dmc,15,0,0.9049861351648967,0.8793056011199951,0.585124671459198,1.24479079246521
centered-314382,teacher-314381,singleton,15,loss_absolute,15,0,0.0101150502023908,0.005949003156274557,0.0003739317471627146,0.05525581166148186
centered-314382,teacher-314381,singleton,15,loss_centered,15,0,0.0,0.0,0.0,0.0
centered-314382,teacher-314381,singleton,15,absolute_cosine,15,0,-0.4666666666666658,-0.9999999999999979,-0.999999999999999,0.9999999999999982
centered-314382,teacher-314381,singleton,15,absolute_weighted_norm_ratio,15,0,0.00921624150154396,0.008357598127908606,0.0019718620835509314,0.030730156629314977
centered-314382,teacher-314381,singleton,15,absolute_dmc_descent_factor,15,0,0.9935627320735284,0.9933575582481161,0.9692698433706851,1.0103703246014075
centered-314382,teacher-314381,singleton,15,centered_cosine,0,15,,,,
centered-314382,teacher-314381,singleton,15,centered_weighted_norm_ratio,15,0,0.0,0.0,0.0,0.0
centered-314382,teacher-314381,singleton,15,centered_dmc_descent_factor,15,0,1.0,1.0,1.0,1.0
centered-314382,absolute-314381,all,26,absolute_conflict,26,0,0.6153846153846154,1.0,False,True
centered-314382,absolute-314381,all,26,absolute_strong_conflict,26,0,0.6153846153846154,1.0,False,True
centered-314382,absolute-314381,all,26,absolute_reverse_dmc,26,0,0,0.0,False,False
centered-314382,absolute-314381,all,26,centered_conflict,11,15,0.7272727272727273,True,False,True
centered-314382,absolute-314381,all,26,centered_strong_conflict,11,15,0.6363636363636364,True,False,True
centered-314382,absolute-314381,all,26,centered_reverse_dmc,26,0,0,0.0,False,False
centered-314382,absolute-314381,all,26,model_span,26,0,0.14215888849531227,0.0,0.0,0.7464532256126404
centered-314382,absolute-314381,all,26,model_top_gap,11,15,0.07838670181279833,0.03591182827949524,0.0013245940208435059,0.32817964255809784
centered-314382,absolute-314381,all,26,teacher_top_gap,11,15,0.3606731084768068,0.018972337245941162,0.0,1.600000023841858
centered-314382,absolute-314381,all,26,top1,26,0,0.8461538461538461,1.0,0,1
centered-314382,absolute-314381,all,26,teacher_regret,26,0,0.019606873393058777,0.0,0.0,0.4923076927661896
centered-314382,absolute-314381,all,26,saturation_fraction,26,0,0.0,0.0,0.0,0.0
centered-314382,absolute-314381,all,26,tanh_slope_mean,26,0,0.8833445853247188,0.9400922091633327,0.3864003310729771,0.9902571310545895
centered-314382,absolute-314381,all,26,loss_dmc,26,0,1.0604690244564643,0.7658683657646179,0.11120298504829407,3.1802518367767334
centered-314382,absolute-314381,all,26,loss_absolute,26,0,0.26856855826022535,0.2678438872098923,0.014404553920030594,0.8956794738769531
centered-314382,absolute-314381,all,26,loss_centered,26,0,0.11122262191313964,0.0,0.0,0.40438172221183777
centered-314382,absolute-314381,all,26,absolute_cosine,26,0,-0.22355775537150427,-0.9488543704229151,-0.9999999999999993,0.9999999999999988
centered-314382,absolute-314381,all,26,absolute_weighted_norm_ratio,26,0,0.04550775905660042,0.02840387702921375,0.012343446481366442,0.19987604662282582
centered-314382,absolute-314381,all,26,absolute_dmc_descent_factor,26,0,0.9761374561079096,0.9846435865656173,0.8001239533771745,1.0439250040240673
centered-314382,absolute-314381,all,26,centered_cosine,11,15,-0.2607639092738488,-0.27119991515355046,-0.9276084436060764,0.5484389029680635
centered-314382,absolute-314381,all,26,centered_weighted_norm_ratio,26,0,0.005579753453250884,0.0,0.0,0.029344126699278286
centered-314382,absolute-314381,all,26,centered_dmc_descent_factor,26,0,0.9979421313620049,1.0,0.9727801403035029,1.0125901382258087
centered-314382,absolute-314381,multi,11,absolute_conflict,11,0,0.6363636363636364,True,False,True
centered-314382,absolute-314381,multi,11,absolute_strong_conflict,11,0,0.6363636363636364,True,False,True
centered-314382,absolute-314381,multi,11,absolute_reverse_dmc,11,0,0,False,False,False
centered-314382,absolute-314381,multi,11,centered_conflict,11,0,0.7272727272727273,True,False,True
centered-314382,absolute-314381,multi,11,centered_strong_conflict,11,0,0.6363636363636364,True,False,True
centered-314382,absolute-314381,multi,11,centered_reverse_dmc,11,0,0,False,False,False
centered-314382,absolute-314381,multi,11,model_span,11,0,0.3360119182616472,0.25382934510707855,0.10444799065589905,0.7464532256126404
centered-314382,absolute-314381,multi,11,model_top_gap,11,0,0.07838670181279833,0.03591182827949524,0.0013245940208435059,0.32817964255809784
centered-314382,absolute-314381,multi,11,teacher_top_gap,11,0,0.3606731084768068,0.018972337245941162,0.0,1.600000023841858
centered-314382,absolute-314381,multi,11,top1,11,0,0.6363636363636364,1,0,1
centered-314382,absolute-314381,multi,11,teacher_regret,11,0,0.04634351892904802,0.0,0.0,0.4923076927661896
centered-314382,absolute-314381,multi,11,saturation_fraction,11,0,0.0,0.0,0.0,0.0
centered-314382,absolute-314381,multi,11,tanh_slope_mean,11,0,0.9295579649911331,0.9535772998890817,0.7501938994575683,0.9902571310545895
centered-314382,absolute-314381,multi,11,loss_dmc,11,0,1.120084740898826,0.9051017165184021,0.43489551544189453,2.2037577629089355
centered-314382,absolute-314381,multi,11,loss_absolute,11,0,0.42950946634466,0.3586199879646301,0.2813960313796997,0.8956794738769531
centered-314382,absolute-314381,multi,11,loss_centered,11,0,0.2628898336128755,0.26716339588165283,0.058929815888404846,0.40438172221183777
centered-314382,absolute-314381,multi,11,absolute_cosine,11,0,-0.25568196724173764,-0.8446979868920831,-0.9911783555923503,0.9495254812884723
centered-314382,absolute-314381,multi,11,absolute_weighted_norm_ratio,11,0,0.04160045943738934,0.03055230489859896,0.014922879980150718,0.10949825739654556
centered-314382,absolute-314381,multi,11,absolute_dmc_descent_factor,11,0,0.9838756568764131,0.9855310603165451,0.8914676972934641,1.0434079203789632
centered-314382,absolute-314381,multi,11,centered_cosine,11,0,-0.2607639092738488,-0.27119991515355046,-0.9276084436060764,0.5484389029680635
centered-314382,absolute-314381,multi,11,centered_weighted_norm_ratio,11,0,0.01318850816222936,0.011095779208101435,0.0025707367074185687,0.029344126699278286
centered-314382,absolute-314381,multi,11,centered_dmc_descent_factor,11,0,0.995135946855648,0.9987240619626526,0.9727801403035029,1.0125901382258087
centered-314382,absolute-314381,singleton,15,absolute_conflict,15,0,0.6,True,False,True
centered-314382,absolute-314381,singleton,15,absolute_strong_conflict,15,0,0.6,True,False,True
centered-314382,absolute-314381,singleton,15,absolute_reverse_dmc,15,0,0,False,False,False
centered-314382,absolute-314381,singleton,15,centered_conflict,0,15,,,,
centered-314382,absolute-314381,singleton,15,centered_strong_conflict,0,15,,,,
centered-314382,absolute-314381,singleton,15,centered_reverse_dmc,15,0,0,False,False,False
centered-314382,absolute-314381,singleton,15,model_span,15,0,0.0,0.0,0.0,0.0
centered-314382,absolute-314381,singleton,15,model_top_gap,0,15,,,,
centered-314382,absolute-314381,singleton,15,teacher_top_gap,0,15,,,,
centered-314382,absolute-314381,singleton,15,top1,15,0,1,1,1,1
centered-314382,absolute-314381,singleton,15,teacher_regret,15,0,0.0,0.0,0.0,0.0
centered-314382,absolute-314381,singleton,15,saturation_fraction,15,0,0.0,0.0,0.0,0.0
centered-314382,absolute-314381,singleton,15,tanh_slope_mean,15,0,0.8494547735693484,0.9393830309186251,0.3864003310729771,0.9855954458928122
centered-314382,absolute-314381,singleton,15,loss_dmc,15,0,1.0167508323987324,0.7180662751197815,0.11120298504829407,3.1802518367767334
centered-314382,absolute-314381,singleton,15,loss_absolute,15,0,0.15054522566497325,0.06061697006225586,0.014404553920030594,0.6135996580123901
centered-314382,absolute-314381,singleton,15,loss_centered,15,0,0.0,0.0,0.0,0.0
centered-314382,absolute-314381,singleton,15,absolute_cosine,15,0,-0.1999999999999998,-0.9999999999999982,-0.9999999999999993,0.9999999999999988
centered-314382,absolute-314381,singleton,15,absolute_weighted_norm_ratio,15,0,0.048373112110688544,0.02741078162837882,0.012343446481366442,0.19987604662282582
centered-314382,absolute-314381,singleton,15,absolute_dmc_descent_factor,15,0,0.9704627755443402,0.9819902914159356,0.8001239533771745,1.0439250040240673
centered-314382,absolute-314381,singleton,15,centered_cosine,0,15,,,,
centered-314382,absolute-314381,singleton,15,centered_weighted_norm_ratio,15,0,0.0,0.0,0.0,0.0
centered-314382,absolute-314381,singleton,15,centered_dmc_descent_factor,15,0,1.0,1.0,1.0,1.0
centered-314382,centered-314381,all,26,absolute_conflict,26,0,0.5,0.5,False,True
centered-314382,centered-314381,all,26,absolute_strong_conflict,26,0,0.5,0.5,False,True
centered-314382,centered-314381,all,26,absolute_reverse_dmc,26,0,0,0.0,False,False
centered-314382,centered-314381,all,26,centered_conflict,11,15,0.8181818181818182,True,False,True
centered-314382,centered-314381,all,26,centered_strong_conflict,11,15,0.6363636363636364,True,False,True
centered-314382,centered-314381,all,26,centered_reverse_dmc,26,0,0,0.0,False,False
centered-314382,centered-314381,all,26,model_span,26,0,0.06912685676406209,0.0,0.0,0.37460625171661377
centered-314382,centered-314381,all,26,model_top_gap,11,15,0.02716078202832829,0.017185717821121216,0.0026690922677516937,0.08572894334793091
centered-314382,centered-314381,all,26,teacher_top_gap,11,15,0.3606731084768068,0.018972337245941162,0.0,1.600000023841858
centered-314382,centered-314381,all,26,top1,26,0,0.8461538461538461,1.0,0,1
centered-314382,centered-314381,all,26,teacher_regret,26,0,0.12327502094782315,0.0,0.0,1.600000023841858
centered-314382,centered-314381,all,26,saturation_fraction,26,0,0.0,0.0,0.0,0.0
centered-314382,centered-314381,all,26,tanh_slope_mean,26,0,0.9784159617164297,0.9883529489295836,0.901484878454917,0.9999552354235931
centered-314382,centered-314381,all,26,loss_dmc,26,0,1.020448618210279,0.9624805450439453,0.6398600339889526,1.9538143873214722
centered-314382,centered-314381,all,26,loss_absolute,26,0,0.24270442567439415,0.034932262264192104,4.476457615965046e-05,0.8475428819656372
centered-314382,centered-314381,all,26,loss_centered,26,0,0.14257418679503295,0.0,0.0,0.5792456865310669
centered-314382,centered-314381,all,26,absolute_cosine,26,0,-0.005990901480578948,0.0741115023611609,-0.999999999999999,0.9999999999999991
centered-314382,centered-314381,all,26,absolute_weighted_norm_ratio,26,0,0.02426478816394735,0.016310016844599266,0.0006646166407026188,0.09531013123450621
centered-314382,centered-314381,all,26,absolute_dmc_descent_factor,26,0,0.9938315434014361,0.9995574294304306,0.9061182521526814,1.0447063301694937
centered-314382,centered-314381,all,26,centered_cosine,11,15,-0.11834080834355565,-0.11569398620066561,-0.3672009384388122,0.13793358855647309
centered-314382,centered-314381,all,26,centered_weighted_norm_ratio,26,0,0.005777859948278054,0.0,0.0,0.025360379476396067
centered-314382,centered-314381,all,26,centered_dmc_descent_factor,26,0,0.9991825330822464,1.0,0.992149677015326,1.0018322482150193
centered-314382,centered-314381,multi,11,absolute_conflict,11,0,0.5454545454545454,True,False,True
centered-314382,centered-314381,multi,11,absolute_strong_conflict,11,0,0.5454545454545454,True,False,True
centered-314382,centered-314381,multi,11,absolute_reverse_dmc,11,0,0,False,False,False
centered-314382,centered-314381,multi,11,centered_conflict,11,0,0.8181818181818182,True,False,True
centered-314382,centered-314381,multi,11,centered_strong_conflict,11,0,0.6363636363636364,True,False,True
centered-314382,centered-314381,multi,11,centered_reverse_dmc,11,0,0,False,False,False
centered-314382,centered-314381,multi,11,model_span,11,0,0.1633907523514195,0.0927378311753273,0.05111639201641083,0.37460625171661377
centered-314382,centered-314381,multi,11,model_top_gap,11,0,0.02716078202832829,0.017185717821121216,0.0026690922677516937,0.08572894334793091
centered-314382,centered-314381,multi,11,teacher_top_gap,11,0,0.3606731084768068,0.018972337245941162,0.0,1.600000023841858
centered-314382,centered-314381,multi,11,top1,11,0,0.6363636363636364,1,0,1
centered-314382,centered-314381,multi,11,teacher_regret,11,0,0.29137732224030927,0.0,0.0,1.600000023841858
centered-314382,centered-314381,multi,11,saturation_fraction,11,0,0.0,0.0,0.0,0.0
centered-314382,centered-314381,multi,11,tanh_slope_mean,11,0,0.9658997468615743,0.9730894909283428,0.901484878454917,0.9977769675163778
centered-314382,centered-314381,multi,11,loss_dmc,11,0,1.0031753778457642,0.9258190393447876,0.6398600339889526,1.9538143873214722
centered-314382,centered-314381,multi,11,loss_absolute,11,0,0.5567484416744926,0.5951166749000549,0.2907831072807312,0.8475428819656372
centered-314382,centered-314381,multi,11,loss_centered,11,0,0.3369935324246233,0.3080137372016907,0.1245218887925148,0.5792456865310669
centered-314382,centered-314381,multi,11,absolute_cosine,11,0,-0.10506940349955046,-0.4631295350412958,-0.9904843462108934,0.9768009394233559
centered-314382,centered-314381,multi,11,absolute_weighted_norm_ratio,11,0,0.045479982948745556,0.04225504861439715,0.012236219495626078,0.09531013123450621
centered-314382,centered-314381,multi,11,absolute_dmc_descent_factor,11,0,0.9856272616065067,0.9889432043361654,0.9061182521526814,1.0447063301694937
centered-314382,centered-314381,multi,11,centered_cosine,11,0,-0.11834080834355565,-0.11569398620066561,-0.3672009384388122,0.13793358855647309
centered-314382,centered-314381,multi,11,centered_weighted_norm_ratio,11,0,0.013656759877748127,0.009642014828490782,0.0032943003066683908,0.025360379476396067
centered-314382,centered-314381,multi,11,centered_dmc_descent_factor,11,0,0.9980678054671277,0.998884476869486,0.992149677015326,1.0018322482150193
centered-314382,centered-314381,singleton,15,absolute_conflict,15,0,0.4666666666666667,False,False,True
centered-314382,centered-314381,singleton,15,absolute_strong_conflict,15,0,0.4666666666666667,False,False,True
centered-314382,centered-314381,singleton,15,absolute_reverse_dmc,15,0,0,False,False,False
centered-314382,centered-314381,singleton,15,centered_conflict,0,15,,,,
centered-314382,centered-314381,singleton,15,centered_strong_conflict,0,15,,,,
centered-314382,centered-314381,singleton,15,centered_reverse_dmc,15,0,0,False,False,False
centered-314382,centered-314381,singleton,15,model_span,15,0,0.0,0.0,0.0,0.0
centered-314382,centered-314381,singleton,15,model_top_gap,0,15,,,,
centered-314382,centered-314381,singleton,15,teacher_top_gap,0,15,,,,
centered-314382,centered-314381,singleton,15,top1,15,0,1,1,1,1
centered-314382,centered-314381,singleton,15,teacher_regret,15,0,0.0,0.0,0.0,0.0
centered-314382,centered-314381,singleton,15,saturation_fraction,15,0,0.0,0.0,0.0,0.0
centered-314382,centered-314381,singleton,15,tanh_slope_mean,15,0,0.987594519276657,0.990534743981456,0.9547336319869204,0.9999552354235931
centered-314382,centered-314381,singleton,15,loss_dmc,15,0,1.0331156611442567,1.0134260654449463,0.7069120407104492,1.4707841873168945
centered-314382,centered-314381,singleton,15,loss_absolute,15,0,0.012405480607655287,0.00946525577455759,4.476457615965046e-05,0.04526636749505997
centered-314382,centered-314381,singleton,15,loss_centered,15,0,0.0,0.0,0.0,0.0
centered-314382,centered-314381,singleton,15,absolute_cosine,15,0,0.06666666666666683,0.9999999999999981,-0.999999999999999,0.9999999999999991
centered-314382,centered-314381,singleton,15,absolute_weighted_norm_ratio,15,0,0.008706978655095335,0.008866351344483658,0.0006646166407026188,0.018937086308988247
centered-314382,centered-314381,singleton,15,absolute_dmc_descent_factor,15,0,0.9998480167177176,1.0006646166407027,0.9810629136910118,1.0175433828121352
centered-314382,centered-314381,singleton,15,centered_cosine,0,15,,,,
centered-314382,centered-314381,singleton,15,centered_weighted_norm_ratio,15,0,0.0,0.0,0.0,0.0
centered-314382,centered-314381,singleton,15,centered_dmc_descent_factor,15,0,1.0,1.0,1.0,1.0
centered-314382,teacher-314382,all,26,absolute_conflict,26,0,0.5,0.5,False,True
centered-314382,teacher-314382,all,26,absolute_strong_conflict,26,0,0.5,0.5,False,True
centered-314382,teacher-314382,all,26,absolute_reverse_dmc,26,0,0,0.0,False,False
centered-314382,teacher-314382,all,26,centered_conflict,11,15,0.7272727272727273,True,False,True
centered-314382,teacher-314382,all,26,centered_strong_conflict,11,15,0.7272727272727273,True,False,True
centered-314382,teacher-314382,all,26,centered_reverse_dmc,26,0,0,0.0,False,False
centered-314382,teacher-314382,all,26,model_span,26,0,0.3728695963867582,0.0,0.0,1.4086474180221558
centered-314382,teacher-314382,all,26,model_top_gap,11,15,0.18423556451770393,0.10370919108390808,0.00014352798461914062,1.006944552063942
centered-314382,teacher-314382,all,26,teacher_top_gap,11,15,0.3606731084768068,0.018972337245941162,0.0,1.600000023841858
centered-314382,teacher-314382,all,26,top1,26,0,0.9230769230769231,1.0,0,1
centered-314382,teacher-314382,all,26,teacher_regret,26,0,0.00011822810539832481,0.0,0.0,0.0020356178283691406
centered-314382,teacher-314382,all,26,saturation_fraction,26,0,0.0,0.0,0.0,0.0
centered-314382,teacher-314382,all,26,tanh_slope_mean,26,0,0.8297057405627417,0.9636515212056213,0.466818663284473,0.9999998188397087
centered-314382,teacher-314382,all,26,loss_dmc,26,0,1.382153918966651,1.0306754112243652,0.023909147828817368,3.400273084640503
centered-314382,teacher-314382,all,26,loss_absolute,26,0,0.08698567081045802,0.022558867000043392,1.8116028854819888e-07,0.47720539569854736
centered-314382,teacher-314382,all,26,loss_centered,26,0,0.045249065957390346,0.0,0.0,0.24139827489852905
centered-314382,teacher-314382,all,26,absolute_cosine,26,0,-0.08658112052915261,-0.11035120701408478,-0.9999999999999987,0.9999999999999987
centered-314382,teacher-314382,all,26,absolute_weighted_norm_ratio,26,0,0.028588759308666927,0.013910943297961345,4.254482421640108e-05,0.24851587027298788
centered-314382,teacher-314382,all,26,absolute_dmc_descent_factor,26,0,0.9869453793836337,0.999212896389359,0.8969332240910903,1.0289826161086353
centered-314382,teacher-314382,all,26,centered_cosine,11,15,-0.3180182788131761,-0.35521096685180426,-0.945850595907025,0.6899159686808695
centered-314382,teacher-314382,all,26,centered_weighted_norm_ratio,26,0,0.010328472117627604,0.0,0.0,0.16234633454051603
centered-314382,teacher-314382,all,26,centered_dmc_descent_factor,26,0,0.9988949584712395,1.0,0.9861960232111278,1.0136823170263078
centered-314382,teacher-314382,multi,11,absolute_conflict,11,0,0.45454545454545453,False,False,True
centered-314382,teacher-314382,multi,11,absolute_strong_conflict,11,0,0.45454545454545453,False,False,True
centered-314382,teacher-314382,multi,11,absolute_reverse_dmc,11,0,0,False,False,False
centered-314382,teacher-314382,multi,11,centered_conflict,11,0,0.7272727272727273,True,False,True
centered-314382,teacher-314382,multi,11,centered_strong_conflict,11,0,0.7272727272727273,True,False,True
centered-314382,teacher-314382,multi,11,centered_reverse_dmc,11,0,0,False,False,False
centered-314382,teacher-314382,multi,11,model_span,11,0,0.8813281369141557,1.006944552063942,0.23509757220745087,1.4086474180221558
centered-314382,teacher-314382,multi,11,model_top_gap,11,0,0.18423556451770393,0.10370919108390808,0.00014352798461914062,1.006944552063942
centered-314382,teacher-314382,multi,11,teacher_top_gap,11,0,0.3606731084768068,0.018972337245941162,0.0,1.600000023841858
centered-314382,teacher-314382,multi,11,top1,11,0,0.8181818181818182,1,0,1
centered-314382,teacher-314382,multi,11,teacher_regret,11,0,0.0002794482491233132,0.0,0.0,0.0020356178283691406
centered-314382,teacher-314382,multi,11,saturation_fraction,11,0,0.0,0.0,0.0,0.0
centered-314382,teacher-314382,multi,11,tanh_slope_mean,11,0,0.6178192560730069,0.5599195991559213,0.466818663284473,0.9412152045361565
centered-314382,teacher-314382,multi,11,loss_dmc,11,0,2.0551180240105498,2.980727434158325,0.023909147828817368,3.400273084640503
centered-314382,teacher-314382,multi,11,loss_absolute,11,0,0.18526953450319442,0.15893195569515228,0.011644694022834301,0.47720539569854736
centered-314382,teacher-314382,multi,11,loss_centered,11,0,0.1069523377174681,0.08792870491743088,0.011574767529964447,0.24139827489852905
centered-314382,teacher-314382,multi,11,absolute_cosine,11,0,-0.11373719397799702,0.18266528449968658,-0.9919401968679494,0.9093193735056094
centered-314382,teacher-314382,multi,11,absolute_weighted_norm_ratio,11,0,0.052169538284461726,0.023089490538702073,0.0023064056346963307,0.24851587027298788
centered-314382,teacher-314382,multi,11,absolute_dmc_descent_factor,11,0,0.9802489582728184,1.0019627774323476,0.8969332240910903,1.0289826161086353
centered-314382,teacher-314382,multi,11,centered_cosine,11,0,-0.3180182788131761,-0.35521096685180426,-0.945850595907025,0.6899159686808695
centered-314382,teacher-314382,multi,11,centered_weighted_norm_ratio,11,0,0.02441275227802888,0.01031189154198066,0.00208590914357194,0.16234633454051603
centered-314382,teacher-314382,multi,11,centered_dmc_descent_factor,11,0,0.9973880836592935,0.9967496227494373,0.9861960232111278,1.0136823170263078
centered-314382,teacher-314382,singleton,15,absolute_conflict,15,0,0.5333333333333333,True,False,True
centered-314382,teacher-314382,singleton,15,absolute_strong_conflict,15,0,0.5333333333333333,True,False,True
centered-314382,teacher-314382,singleton,15,absolute_reverse_dmc,15,0,0,False,False,False
centered-314382,teacher-314382,singleton,15,centered_conflict,0,15,,,,
centered-314382,teacher-314382,singleton,15,centered_strong_conflict,0,15,,,,
centered-314382,teacher-314382,singleton,15,centered_reverse_dmc,15,0,0,False,False,False
centered-314382,teacher-314382,singleton,15,model_span,15,0,0.0,0.0,0.0,0.0
centered-314382,teacher-314382,singleton,15,model_top_gap,0,15,,,,
centered-314382,teacher-314382,singleton,15,teacher_top_gap,0,15,,,,
centered-314382,teacher-314382,singleton,15,top1,15,0,1,1,1,1
centered-314382,teacher-314382,singleton,15,teacher_regret,15,0,0.0,0.0,0.0,0.0
centered-314382,teacher-314382,singleton,15,saturation_fraction,15,0,0.0,0.0,0.0,0.0
centered-314382,teacher-314382,singleton,15,tanh_slope_mean,15,0,0.9850891625218805,0.9917181555232295,0.9280534232445881,0.9999998188397087
centered-314382,teacher-314382,singleton,15,loss_dmc,15,0,0.888646908601125,0.8355649709701538,0.5354893803596497,1.225986361503601
centered-314382,teacher-314382,singleton,15,loss_absolute,15,0,0.014910837435784667,0.008281844668090343,1.8116028854819888e-07,0.07194657623767853
centered-314382,teacher-314382,singleton,15,loss_centered,15,0,0.0,0.0,0.0,0.0
centered-314382,teacher-314382,singleton,15,absolute_cosine,15,0,-0.06666666666666671,-0.9999999999999973,-0.9999999999999987,0.9999999999999987
centered-314382,teacher-314382,singleton,15,absolute_weighted_norm_ratio,15,0,0.01129618805975074,0.009685565795312698,4.254482421640108e-05,0.03665469571966082
centered-314382,teacher-314382,singleton,15,absolute_dmc_descent_factor,15,0,0.9918560881982316,0.9906018716361562,0.9633453042803393,1.0096855657953128
centered-314382,teacher-314382,singleton,15,centered_cosine,0,15,,,,
centered-314382,teacher-314382,singleton,15,centered_weighted_norm_ratio,15,0,0.0,0.0,0.0,0.0
centered-314382,teacher-314382,singleton,15,centered_dmc_descent_factor,15,0,1.0,1.0,1.0,1.0
centered-314382,absolute-314382,all,26,absolute_conflict,26,0,0.5769230769230769,1.0,False,True
centered-314382,absolute-314382,all,26,absolute_strong_conflict,26,0,0.5769230769230769,1.0,False,True
centered-314382,absolute-314382,all,26,absolute_reverse_dmc,26,0,0,0.0,False,False
centered-314382,absolute-314382,all,26,centered_conflict,11,15,0.6363636363636364,True,False,True
centered-314382,absolute-314382,all,26,centered_strong_conflict,11,15,0.6363636363636364,True,False,True
centered-314382,absolute-314382,all,26,centered_reverse_dmc,26,0,0,0.0,False,False
centered-314382,absolute-314382,all,26,model_span,26,0,0.06497042891211234,0.0,0.0,0.3085921108722687
centered-314382,absolute-314382,all,26,model_top_gap,11,15,0.03163919007320973,0.028183775022625923,0.0009068604558706284,0.07891390472650528
centered-314382,absolute-314382,all,26,teacher_top_gap,11,15,0.3606731084768068,0.018972337245941162,0.0,1.600000023841858
centered-314382,absolute-314382,all,26,top1,26,0,0.8846153846153846,1.0,0,1
centered-314382,absolute-314382,all,26,teacher_regret,26,0,0.04610096147427192,0.0,0.0,1.1955510675907135
centered-314382,absolute-314382,all,26,saturation_fraction,26,0,0.0,0.0,0.0,0.0
centered-314382,absolute-314382,all,26,tanh_slope_mean,26,0,0.966344114273744,0.9840917211740424,0.7855390741690487,0.9999998312901645
centered-314382,absolute-314382,all,26,loss_dmc,26,0,1.0378254319612796,0.9984068870544434,0.42280182242393494,1.9109526872634888
centered-314382,absolute-314382,all,26,loss_absolute,26,0,0.24377223264806028,0.0565971564501524,1.6870983188255195e-07,0.9218547344207764
centered-314382,absolute-314382,all,26,loss_centered,26,0,0.14420563670305106,0.0,0.0,0.5784257054328918
centered-314382,absolute-314382,all,26,absolute_cosine,26,0,-0.21194688231540623,-0.935387940351931,-0.9999999999999988,0.9999999999999992
centered-314382,absolute-314382,all,26,absolute_weighted_norm_ratio,26,0,0.028274527682723347,0.018791357121458775,4.10574369253738e-05,0.10862951854339055
centered-314382,absolute-314382,all,26,absolute_dmc_descent_factor,26,0,0.992713789321838,0.9930879011881456,0.8921973009819395,1.0596526279661946
centered-314382,absolute-314382,all,26,centered_cosine,11,15,-0.14319952499194108,-0.17375167488992657,-0.8037359702439835,0.37874102045298413
centered-314382,absolute-314382,all,26,centered_weighted_norm_ratio,26,0,0.0056027878324706685,0.0,0.0,0.024291474030495704
centered-314382,absolute-314382,all,26,centered_dmc_descent_factor,26,0,0.9987576662501663,1.0,0.9811005898684475,1.0066203556422684
centered-314382,absolute-314382,multi,11,absolute_conflict,11,0,0.45454545454545453,False,False,True
centered-314382,absolute-314382,multi,11,absolute_strong_conflict,11,0,0.45454545454545453,False,False,True
centered-314382,absolute-314382,multi,11,absolute_reverse_dmc,11,0,0,False,False,False
centered-314382,absolute-314382,multi,11,centered_conflict,11,0,0.6363636363636364,True,False,True
centered-314382,absolute-314382,multi,11,centered_strong_conflict,11,0,0.6363636363636364,True,False,True
centered-314382,absolute-314382,multi,11,centered_reverse_dmc,11,0,0,False,False,False
centered-314382,absolute-314382,multi,11,model_span,11,0,0.15356646833772009,0.12380654364824295,0.07891390472650528,0.3085921108722687
centered-314382,absolute-314382,multi,11,model_top_gap,11,0,0.03163919007320973,0.028183775022625923,0.0009068604558706284,0.07891390472650528
centered-314382,absolute-314382,multi,11,teacher_top_gap,11,0,0.3606731084768068,0.018972337245941162,0.0,1.600000023841858
centered-314382,absolute-314382,multi,11,top1,11,0,0.7272727272727273,1,0,1
centered-314382,absolute-314382,multi,11,teacher_regret,11,0,0.10896590893918817,0.0,0.0,1.1955510675907135
centered-314382,absolute-314382,multi,11,saturation_fraction,11,0,0.0,0.0,0.0,0.0
centered-314382,absolute-314382,multi,11,tanh_slope_mean,11,0,0.9619967440663119,0.989249859758575,0.7855390741690487,0.9984904718546679
centered-314382,absolute-314382,multi,11,loss_dmc,11,0,1.1588045981797306,1.1028085947036743,0.42280182242393494,1.9109526872634888
centered-314382,absolute-314382,multi,11,loss_absolute,11,0,0.5346418944272128,0.5499654412269592,0.2628709375858307,0.9218547344207764
centered-314382,absolute-314382,multi,11,loss_centered,11,0,0.34084968675266614,0.2989504933357239,0.12847059965133667,0.5784257054328918
centered-314382,absolute-314382,multi,11,absolute_cosine,11,0,-0.04641990365459765,0.0410738289326572,-0.9923886293853008,0.9507986022995725
centered-314382,absolute-314382,multi,11,absolute_weighted_norm_ratio,11,0,0.04423937796771515,0.04043394369106719,0.01237882714891282,0.10862951854339055
centered-314382,absolute-314382,multi,11,absolute_dmc_descent_factor,11,0,0.9930817196568077,1.0010873843400934,0.8921973009819395,1.0596526279661946
centered-314382,absolute-314382,multi,11,centered_cosine,11,0,-0.14319952499194108,-0.17375167488992657,-0.8037359702439835,0.37874102045298413
centered-314382,absolute-314382,multi,11,centered_weighted_norm_ratio,11,0,0.013242953058567035,0.014026729609390295,0.005005416445413164,0.024291474030495704
centered-314382,absolute-314382,multi,11,centered_dmc_descent_factor,11,0,0.9970635747731204,0.9985007438481219,0.9811005898684475,1.0066203556422684
centered-314382,absolute-314382,singleton,15,absolute_conflict,15,0,0.6666666666666666,True,False,True
centered-314382,absolute-314382,singleton,15,absolute_strong_conflict,15,0,0.6666666666666666,True,False,True
centered-314382,absolute-314382,singleton,15,absolute_reverse_dmc,15,0,0,False,False,False
centered-314382,absolute-314382,singleton,15,centered_conflict,0,15,,,,
centered-314382,absolute-314382,singleton,15,centered_strong_conflict,0,15,,,,
centered-314382,absolute-314382,singleton,15,centered_reverse_dmc,15,0,0,False,False,False
centered-314382,absolute-314382,singleton,15,model_span,15,0,0.0,0.0,0.0,0.0
centered-314382,absolute-314382,singleton,15,model_top_gap,0,15,,,,
centered-314382,absolute-314382,singleton,15,teacher_top_gap,0,15,,,,
centered-314382,absolute-314382,singleton,15,top1,15,0,1,1,1,1
centered-314382,absolute-314382,singleton,15,teacher_regret,15,0,0.0,0.0,0.0,0.0
centered-314382,absolute-314382,singleton,15,saturation_fraction,15,0,0.0,0.0,0.0,0.0
centered-314382,absolute-314382,singleton,15,tanh_slope_mean,15,0,0.9695321857591942,0.9838588433830624,0.8902498539532502,0.9999998312901645
centered-314382,absolute-314382,singleton,15,loss_dmc,15,0,0.9491073767344157,0.8697826862335205,0.4471789598464966,1.5322414636611938
centered-314382,absolute-314382,singleton,15,loss_absolute,15,0,0.030467814010015103,0.01614115573465824,1.6870983188255195e-07,0.10975014418363571
centered-314382,absolute-314382,singleton,15,loss_centered,15,0,0.0,0.0,0.0,0.0
centered-314382,absolute-314382,singleton,15,absolute_cosine,15,0,-0.33333333333333254,-0.9999999999999974,-0.9999999999999988,0.9999999999999992
centered-314382,absolute-314382,singleton,15,absolute_weighted_norm_ratio,15,0,0.016566970807062695,0.014490510030275742,4.10574369253738e-05,0.0495406671053346
centered-314382,absolute-314382,singleton,15,absolute_dmc_descent_factor,15,0,0.9924439737428602,0.9927753549642595,0.9504593328946654,1.0192139488316867
centered-314382,absolute-314382,singleton,15,centered_cosine,0,15,,,,
centered-314382,absolute-314382,singleton,15,centered_weighted_norm_ratio,15,0,0.0,0.0,0.0,0.0
centered-314382,absolute-314382,singleton,15,centered_dmc_descent_factor,15,0,1.0,1.0,1.0,1.0
centered-314382,centered-314382,all,26,absolute_conflict,26,0,0.5,0.5,False,True
centered-314382,centered-314382,all,26,absolute_strong_conflict,26,0,0.5,0.5,False,True
centered-314382,centered-314382,all,26,absolute_reverse_dmc,26,0,0,0.0,False,False
centered-314382,centered-314382,all,26,centered_conflict,11,15,0.5454545454545454,True,False,True
centered-314382,centered-314382,all,26,centered_strong_conflict,11,15,0.36363636363636365,False,False,True
centered-314382,centered-314382,all,26,centered_reverse_dmc,26,0,0,0.0,False,False
centered-314382,centered-314382,all,26,model_span,26,0,0.03429026409643344,0.0,0.0,0.20481647551059723
centered-314382,centered-314382,all,26,model_top_gap,11,15,0.016096201894635506,0.013622365891933441,0.0014680922031402588,0.03309120237827301
centered-314382,centered-314382,all,26,teacher_top_gap,11,15,0.3606731084768068,0.018972337245941162,0.0,1.600000023841858
centered-314382,centered-314382,all,26,top1,26,0,0.8461538461538461,1.0,0,1
centered-314382,centered-314382,all,26,teacher_regret,26,0,0.059304023877932474,0.0,0.0,0.9142857268452644
centered-314382,centered-314382,all,26,saturation_fraction,26,0,0.0,0.0,0.0,0.0
centered-314382,centered-314382,all,26,tanh_slope_mean,26,0,0.9717328033416163,0.9962737161244628,0.6963934046329969,0.9999699029726855
centered-314382,centered-314382,all,26,loss_dmc,26,0,0.9909681448569665,1.014899492263794,0.2861173748970032,1.6229051351547241
centered-314382,centered-314382,all,26,loss_absolute,26,0,0.25410046401856773,0.0434291698038578,3.0097027774900198e-05,1.0971784591674805
centered-314382,centered-314382,all,26,loss_centered,26,0,0.157635133426923,0.0,0.0,0.6138008236885071
centered-314382,centered-314382,all,26,absolute_cosine,26,0,0.009156497885075983,0.1700767779813898,-0.999999999999999,0.9999999999999989
centered-314382,centered-314382,all,26,absolute_weighted_norm_ratio,26,0,0.027874124005493304,0.016591455827620838,0.0005456142408985557,0.152678302088363
centered-314382,centered-314382,all,26,absolute_dmc_descent_factor,26,0,0.9918355887081878,0.999711787709104,0.8493113375891463,1.0604368868466845
centered-314382,centered-314382,all,26,centered_cosine,11,15,-0.05554436042511077,-0.0007269466884528382,-0.7487459381441646,0.5033249027652588
centered-314382,centered-314382,all,26,centered_weighted_norm_ratio,26,0,0.00669816868520475,0.0,0.0,0.028440614757727543
centered-314382,centered-314382,all,26,centered_dmc_descent_factor,26,0,0.9991726416509918,1.0,0.9804977082090749,1.010656569170859
centered-314382,centered-314382,multi,11,absolute_conflict,11,0,0.5454545454545454,True,False,True
centered-314382,centered-314382,multi,11,absolute_strong_conflict,11,0,0.5454545454545454,True,False,True
centered-314382,centered-314382,multi,11,absolute_reverse_dmc,11,0,0,False,False,False
centered-314382,centered-314382,multi,11,centered_conflict,11,0,0.5454545454545454,True,False,True
centered-314382,centered-314382,multi,11,centered_strong_conflict,11,0,0.36363636363636365,False,False,True
centered-314382,centered-314382,multi,11,centered_reverse_dmc,11,0,0,False,False,False
centered-314382,centered-314382,multi,11,model_span,11,0,0.0810497151370245,0.06611027382314205,0.018115460872650146,0.20481647551059723
centered-314382,centered-314382,multi,11,model_top_gap,11,0,0.016096201894635506,0.013622365891933441,0.0014680922031402588,0.03309120237827301
centered-314382,centered-314382,multi,11,teacher_top_gap,11,0,0.3606731084768068,0.018972337245941162,0.0,1.600000023841858
centered-314382,centered-314382,multi,11,top1,11,0,0.6363636363636364,1,0,1
centered-314382,centered-314382,multi,11,teacher_regret,11,0,0.1401731473478404,0.0,0.0,0.9142857268452644
centered-314382,centered-314382,multi,11,saturation_fraction,11,0,0.0,0.0,0.0,0.0
centered-314382,centered-314382,multi,11,tanh_slope_mean,11,0,0.9553583382158125,0.9930871384045302,0.6963934046329969,0.999290696155386
centered-314382,centered-314382,multi,11,loss_dmc,11,0,1.0231507908214221,1.0275866985321045,0.2861173748970032,1.6229051351547241
centered-314382,centered-314382,multi,11,loss_absolute,11,0,0.5784293846650557,0.6036103367805481,0.3260413110256195,1.0971784591674805
centered-314382,centered-314382,multi,11,loss_centered,11,0,0.3725921335545453,0.330571711063385,0.1480337232351303,0.6138008236885071
centered-314382,centered-314382,multi,11,absolute_cosine,11,0,-0.0692664595443657,-0.29624664197108913,-0.9869684188892942,0.9690547410612923
centered-314382,centered-314382,multi,11,absolute_weighted_norm_ratio,11,0,0.05194653475325396,0.04877622805164375,0.014300853797676948,0.152678302088363
centered-314382,centered-314382,multi,11,absolute_dmc_descent_factor,11,0,0.986939033987119,0.9925200419891618,0.8493113375891463,1.0604368868466845
centered-314382,centered-314382,multi,11,centered_cosine,11,0,-0.05554436042511077,-0.0007269466884528382,-0.7487459381441646,0.5033249027652588
centered-314382,centered-314382,multi,11,centered_weighted_norm_ratio,11,0,0.01583203507412032,0.01313642554578523,0.0031660967650759624,0.028440614757727543
centered-314382,centered-314382,multi,11,centered_dmc_descent_factor,11,0,0.9980444257205261,0.9999793251892843,0.9804977082090749,1.010656569170859
centered-314382,centered-314382,singleton,15,absolute_conflict,15,0,0.4666666666666667,False,False,True
centered-314382,centered-314382,singleton,15,absolute_strong_conflict,15,0,0.4666666666666667,False,False,True
centered-314382,centered-314382,singleton,15,absolute_reverse_dmc,15,0,0,False,False,False
centered-314382,centered-314382,singleton,15,centered_conflict,0,15,,,,
centered-314382,centered-314382,singleton,15,centered_strong_conflict,0,15,,,,
centered-314382,centered-314382,singleton,15,centered_reverse_dmc,15,0,0,False,False,False
centered-314382,centered-314382,singleton,15,model_span,15,0,0.0,0.0,0.0,0.0
centered-314382,centered-314382,singleton,15,model_top_gap,0,15,,,,
centered-314382,centered-314382,singleton,15,teacher_top_gap,0,15,,,,
centered-314382,centered-314382,singleton,15,top1,15,0,1,1,1,1
centered-314382,centered-314382,singleton,15,teacher_regret,15,0,0.0,0.0,0.0,0.0
centered-314382,centered-314382,singleton,15,saturation_fraction,15,0,0.0,0.0,0.0,0.0
centered-314382,centered-314382,singleton,15,tanh_slope_mean,15,0,0.9837407444338724,0.9973476218348756,0.8881071880637386,0.9999699029726855
centered-314382,centered-314382,singleton,15,loss_dmc,15,0,0.9673675378163655,1.0110023021697998,0.442885160446167,1.357113003730774
centered-314382,centered-314382,singleton,15,loss_absolute,15,0,0.016259255544476523,0.0026523780543357134,3.0097027774900198e-05,0.11189281195402145
centered-314382,centered-314382,singleton,15,loss_centered,15,0,0.0,0.0,0.0,0.0
centered-314382,centered-314382,singleton,15,absolute_cosine,15,0,0.06666666666666655,0.9999999999999983,-0.999999999999999,0.9999999999999989
centered-314382,centered-314382,singleton,15,absolute_weighted_norm_ratio,15,0,0.010221022790468826,0.004897877465008909,0.0005456142408985557,0.05026382512895442
centered-314382,centered-314382,singleton,15,absolute_dmc_descent_factor,15,0,0.9954263955036382,1.0005456142408986,0.9497361748710457,1.0141595427228245
centered-314382,centered-314382,singleton,15,centered_cosine,0,15,,,,
centered-314382,centered-314382,singleton,15,centered_weighted_norm_ratio,15,0,0.0,0.0,0.0,0.0
centered-314382,centered-314382,singleton,15,centered_dmc_descent_factor,15,0,1.0,1.0,1.0,1.0
